# Rig Face Sovereign OBJ
v 0.176799998 0.848749995 0
v 0.168146789 0.848749995 0.0294478387
v 0.143034205 0.848749995 0.0560131148
v 0.103920422 0.848749995 0.077095449
v 0.0546341985 0.848749995 0.0906311274
v -7.72817366e-09 0.848749995 0.0952952057
v -0.0546342321 0.848749995 0.0906311199
v -0.103920422 0.848749995 0.0770954415
v -0.14303422 0.848749995 0.056013111
v -0.168146789 0.848749995 0.0294478424
v -0.176799998 0.848749995 -8.33097147e-09
v -0.168146774 0.848749995 -0.0294478592
v -0.14303416 0.848749995 -0.0560131446
v -0.10392046 0.848749995 -0.0770954266
v -0.0546342209 0.848749995 -0.0906311199
v 2.10831885e-09 0.848749995 -0.0952952057
v 0.0546342246 0.848749995 -0.0906311199
v 0.103920475 0.848749995 -0.0770954266
v 0.14303419 0.848749995 -0.0560131222
v 0.168146789 0.848749995 -0.0294478331
v 0.176799998 0.848749995 1.66619429e-08
v 0.164365709 0.934062481 0
v 0.156321079 0.934062481 0.0273767821
v 0.132974654 0.934062481 0.052073732
v 0.0966117308 0.934062481 0.0716733485
v 0.0507917926 0.934062481 0.0842570737
v -7.18465332e-09 0.934062481 0.0885931253
v -0.0507918224 0.934062481 0.0842570662
v -0.0966117308 0.934062481 0.0716733411
v -0.132974669 0.934062481 0.0520737283
v -0.156321079 0.934062481 0.027376784
v -0.164365709 0.934062481 -7.74505704e-09
v -0.156321064 0.934062481 -0.0273768008
v -0.13297461 0.934062481 -0.0520737581
v -0.096611768 0.934062481 -0.0716733262
v -0.0507918149 0.934062481 -0.0842570662
v 1.96004146e-09 0.934062481 -0.0885931253
v 0.0507918186 0.934062481 -0.0842570662
v 0.0966117755 0.934062481 -0.0716733262
v 0.13297464 0.934062481 -0.0520737357
v 0.156321079 0.934062481 -0.0273767766
v 0.164365709 0.934062481 1.54901141e-08
v 0.151931435 1.01937497 0
v 0.144495383 1.01937497 0.0253057256
v 0.122915111 1.01937497 0.0481343493
v 0.0893030465 1.01937497 0.0662512556
v 0.0469493903 1.01937497 0.0778830126
v -6.64113387e-09 1.01937497 0.081891045
v -0.0469494201 1.01937497 0.0778830126
v -0.0893030465 1.01937497 0.0662512481
v -0.122915126 1.01937497 0.0481343418
v -0.144495383 1.01937497 0.0253057275
v -0.151931435 1.01937497 -7.15914261e-09
v -0.144495368 1.01937497 -0.0253057424
v -0.122915074 1.01937497 -0.0481343716
v -0.0893030837 1.01937497 -0.0662512332
v -0.0469494089 1.01937497 -0.0778830126
v 1.81176418e-09 1.01937497 -0.081891045
v 0.0469494164 1.01937497 -0.0778830126
v 0.0893030912 1.01937497 -0.0662512332
v 0.122915104 1.01937497 -0.048134353
v 0.144495383 1.01937497 -0.02530572
v 0.151931435 1.01937497 1.43182852e-08
v 0.147307917 1.10468745 0
v 0.140098155 1.10468745 0.0245356336
v 0.119174607 1.10468745 0.0466695465
v 0.0865854099 1.10468745 0.0642351285
v 0.0455206484 1.10468745 0.0755129158
v -6.43903375e-09 1.10468745 0.0793989748
v -0.0455206744 1.10468745 0.0755129084
v -0.0865854099 1.10468745 0.064235121
v -0.119174622 1.10468745 0.0466695428
v -0.140098155 1.10468745 0.0245356355
v -0.147307917 1.10468745 -6.94127866e-09
v -0.14009814 1.10468745 -0.0245356504
v -0.119174577 1.10468745 -0.0466695689
v -0.0865854472 1.10468745 -0.0642351061
v -0.0455206633 1.10468745 -0.0755129084
v 1.75662929e-09 1.10468745 -0.0793989748
v 0.045520667 1.10468745 -0.0755129084
v 0.0865854546 1.10468745 -0.0642351061
v 0.1191746 1.10468745 -0.0466695502
v 0.140098155 1.10468745 -0.024535628
v 0.147307917 1.10468745 1.38825573e-08
v 0.172789976 1.19000006 0
v 0.164333031 1.19000006 0.0287799276
v 0.139790028 1.19000006 0.0547426715
v 0.101563387 1.19000006 0.075346835
v 0.0533950366 1.19000006 0.0885755122
v -7.55288987e-09 1.19000006 0.0931337997
v -0.0533950664 1.19000006 0.0885755047
v -0.101563387 1.19000006 0.0753468275
v -0.139790043 1.19000006 0.0547426678
v -0.164333031 1.19000006 0.0287799295
v -0.172789976 1.19000006 -8.14201506e-09
v -0.164333016 1.19000006 -0.0287799463
v -0.139789984 1.19000006 -0.0547427014
v -0.101563431 1.19000006 -0.0753468126
v -0.0533950552 1.19000006 -0.0885755047
v 2.06049977e-09 1.19000006 -0.0931337997
v 0.0533950627 1.19000006 -0.0885755047
v 0.101563439 1.19000006 -0.0753468126
v 0.139790013 1.19000006 -0.054742679
v 0.164333031 1.19000006 -0.0287799221
v 0.172789976 1.19000006 1.62840301e-08
v 0.193582118 1.27531242 0
v 0.184107542 1.27531242 0.032243073
v 0.156611219 1.27531242 0.0613299645
v 0.113784701 1.27531242 0.0844134614
v 0.0598201603 1.27531242 0.09923397
v -8.46174331e-09 1.27531242 0.104340769
v -0.0598201938 1.27531242 0.0992339626
v -0.113784701 1.27531242 0.0844134539
v -0.156611234 1.27531242 0.0613299571
v -0.184107527 1.27531242 0.0322430767
v -0.193582118 1.27531242 -9.12175935e-09
v -0.184107512 1.27531242 -0.0322430953
v -0.156611174 1.27531242 -0.0613299944
v -0.113784745 1.27531242 -0.084413439
v -0.0598201826 1.27531242 -0.0992339626
v 2.30844366e-09 1.27531242 -0.104340769
v 0.0598201901 1.27531242 -0.0992339626
v 0.11378476 1.27531242 -0.084413439
v 0.156611219 1.27531242 -0.061329972
v 0.184107542 1.27531242 -0.0322430655
v 0.193582118 1.27531242 1.82435187e-08
v 0.206518888 1.36062503 0
v 0.196411133 1.36062503 0.0343978219
v 0.167077288 1.36062503 0.0654285401
v 0.121388741 1.36062503 0.0900546685
v 0.0638178438 1.36062503 0.105865605
v -9.02722697e-09 1.36062503 0.111313686
v -0.063817881 1.36062503 0.105865605
v -0.121388741 1.36062503 0.090054661
v -0.167077303 1.36062503 0.0654285327
v -0.196411133 1.36062503 0.0343978256
v -0.206518888 1.36062503 -9.73135172e-09
v -0.196411118 1.36062503 -0.0343978442
v -0.167077243 1.36062503 -0.0654285774
v -0.121388793 1.36062503 -0.0900546461
v -0.0638178661 1.36062503 -0.105865605
v 2.46271314e-09 1.36062503 -0.111313686
v 0.0638178736 1.36062503 -0.105865605
v 0.121388808 1.36062503 -0.0900546461
v 0.167077273 1.36062503 -0.0654285476
v 0.196411133 1.36062503 -0.0343978144
v 0.206518888 1.36062503 1.94627034e-08
v 0.209630817 1.44593751 0
v 0.199370757 1.44593751 0.0349161476
v 0.169594899 1.44593751 0.0664144531
v 0.123217888 1.44593751 0.0914116651
v 0.0647794828 1.44593751 0.107460849
v -9.16325416e-09 1.44593751 0.11299102
v -0.06477952 1.44593751 0.107460842
v -0.123217888 1.44593751 0.0914116576
v -0.169594914 1.44593751 0.0664144456
v -0.199370742 1.44593751 0.0349161513
v -0.209630817 1.44593751 -9.87798909e-09
v -0.199370742 1.44593751 -0.0349161699
v -0.169594839 1.44593751 -0.0664144903
v -0.12321794 1.44593751 -0.0914116353
v -0.0647795051 1.44593751 -0.107460842
v 2.49982257e-09 1.44593751 -0.11299102
v 0.0647795126 1.44593751 -0.107460842
v 0.123217948 1.44593751 -0.0914116353
v 0.169594884 1.44593751 -0.0664144605
v 0.199370757 1.44593751 -0.0349161401
v 0.209630817 1.44593751 1.97559782e-08
v 0.202444136 1.53125 0
v 0.192535818 1.53125 0.0337191299
v 0.163780749 1.53125 0.0641375929
v 0.118993662 1.53125 0.0882778317
v 0.0625586733 1.53125 0.103776813
v -8.84911433e-09 1.53125 0.109117396
v -0.0625587106 1.53125 0.103776805
v -0.118993662 1.53125 0.0882778317
v -0.163780764 1.53125 0.0641375855
v -0.192535803 1.53125 0.0337191336
v -0.202444136 1.53125 -9.53934531e-09
v -0.192535803 1.53125 -0.0337191522
v -0.163780704 1.53125 -0.0641376302
v -0.118993714 1.53125 -0.0882778093
v -0.0625586957 1.53125 -0.103776805
v 2.41412224e-09 1.53125 -0.109117396
v 0.0625587031 1.53125 -0.103776805
v 0.118993722 1.53125 -0.0882778093
v 0.163780734 1.53125 -0.0641376004
v 0.192535818 1.53125 -0.0337191224
v 0.202444136 1.53125 1.90786906e-08
v 0 1.04999995 0
v 0 1.04999995 0
v 0 1.04999995 0
v 0 1.04999995 0
v 0 1.04999995 0
v 0 1.04999995 0
v 0 1.04999995 0
v 0 1.04999995 0
v 0 1.04999995 0
v 0 1.04999995 0
v 0 1.04999995 0
v 0 1.04999995 0
v 0 1.04999995 0
v 0 1.04999995 0
v 0 1.04999995 0
v 0 1.04999995 0
v 0 1.04999995 0
v 0 1.04999995 0
v 0 1.04999995 0
v 0 1.04999995 0
v 0 1.04999995 0
v 0.0715618059 1.0386771 0
v 0.0680593252 1.0386771 0.0137487622
v 0.0578947216 1.0386771 0.0261516999
v 0.0420629717 1.0386771 0.0359947272
v 0.0221138131 1.0386771 0.0423143357
v -3.12806603e-09 1.0386771 0.0444919281
v -0.0221138261 1.0386771 0.0423143357
v -0.0420629717 1.0386771 0.0359947272
v -0.0578947216 1.0386771 0.0261516962
v -0.0680593252 1.0386771 0.0137487631
v -0.0715618059 1.0386771 -3.88960775e-09
v -0.0680593178 1.0386771 -0.0137487706
v -0.0578947067 1.0386771 -0.0261517111
v -0.0420629866 1.0386771 -0.035994716
v -0.0221138224 1.0386771 -0.0423143357
v 8.53366044e-10 1.0386771 -0.0444919281
v 0.0221138243 1.0386771 -0.0423143357
v 0.0420629941 1.0386771 -0.035994716
v 0.0578947179 1.0386771 -0.0261517018
v 0.0680593252 1.0386771 -0.0137487594
v 0.0715618059 1.0386771 7.77921549e-09
v 0.132228971 1.00643218 0
v 0.125757232 1.00643218 0.0254043993
v 0.106975488 1.00643218 0.0483220331
v 0.0777222291 1.00643218 0.0665095747
v 0.0408609957 1.00643218 0.0781866983
v -5.7799121e-09 1.00643218 0.0822103545
v -0.0408610217 1.00643218 0.0781866908
v -0.0777222291 1.00643218 0.0665095747
v -0.106975488 1.00643218 0.0483220294
v -0.125757217 1.00643218 0.0254043993
v -0.132228971 1.00643218 -7.18705762e-09
v -0.125757203 1.00643218 -0.025404416
v -0.106975459 1.00643218 -0.0483220555
v -0.0777222663 1.00643218 -0.0665095672
v -0.0408610106 1.00643218 -0.0781866908
v 1.57681457e-09 1.00643218 -0.0822103545
v 0.0408610143 1.00643218 -0.0781866908
v 0.0777222663 1.00643218 -0.0665095672
v 0.106975481 1.00643218 -0.0483220406
v 0.125757232 1.00643218 -0.0254043937
v 0.132228971 1.00643218 1.43741152e-08
v 0.172765478 0.958174169 0
v 0.164309725 0.958174169 0.0331924446
v 0.139770195 0.958174169 0.0631357804
v 0.101548977 0.958174169 0.0868989527
v 0.0533874631 0.958174169 0.102155842
v -7.55181873e-09 0.958174169 0.107413001
v -0.0533874966 0.958174169 0.102155834
v -0.101548977 0.958174169 0.0868989453
v -0.13977021 0.958174169 0.0631357729
v -0.164309725 0.958174169 0.0331924483
v -0.172765478 0.958174169 -9.39034273e-09
v -0.16430971 0.958174169 -0.0331924669
v -0.139770165 0.958174169 -0.0631358102
v -0.101549022 0.958174169 -0.0868989304
v -0.0533874854 0.958174169 -0.102155834
v 2.06020756e-09 0.958174169 -0.107413001
v 0.0533874929 0.958174169 -0.102155834
v 0.101549037 0.958174169 -0.0868989304
v 0.139770195 0.958174169 -0.0631357804
v 0.164309725 0.958174169 -0.0331924371
v 0.172765478 0.958174169 1.87806855e-08
v 0.187000006 0.901250005 0
v 0.177847579 0.901250005 0.0359272435
v 0.151286185 0.901250005 0.0683376789
v 0.10991583 0.901250005 0.0940587521
v 0.0577861741 0.901250005 0.110572688
v -8.17402945e-09 0.901250005 0.116263002
v -0.0577862076 0.901250005 0.110572681
v -0.10991583 0.901250005 0.0940587446
v -0.1512862 0.901250005 0.0683376715
v -0.177847564 0.901250005 0.0359272473
v -0.187000006 0.901250005 -1.01640341e-08
v -0.177847564 0.901250005 -0.0359272696
v -0.15128614 0.901250005 -0.0683377087
v -0.109915875 0.901250005 -0.0940587223
v -0.0577861965 0.901250005 -0.110572681
v 2.22995267e-09 0.901250005 -0.116263002
v 0.0577862039 0.901250005 -0.110572681
v 0.10991589 0.901250005 -0.0940587223
v 0.15128617 0.901250005 -0.0683376864
v 0.177847579 0.901250005 -0.0359272361
v 0.187000006 0.901250005 2.03280681e-08
v 0.172765478 0.84432584 0
v 0.164309725 0.84432584 0.0331924446
v 0.139770195 0.84432584 0.0631357804
v 0.101548977 0.84432584 0.0868989527
v 0.0533874631 0.84432584 0.102155842
v -7.55181873e-09 0.84432584 0.107413001
v -0.0533874966 0.84432584 0.102155834
v -0.101548977 0.84432584 0.0868989453
v -0.13977021 0.84432584 0.0631357729
v -0.164309725 0.84432584 0.0331924483
v -0.172765478 0.84432584 -9.39034273e-09
v -0.16430971 0.84432584 -0.0331924669
v -0.139770165 0.84432584 -0.0631358102
v -0.101549022 0.84432584 -0.0868989304
v -0.0533874854 0.84432584 -0.102155834
v 2.06020756e-09 0.84432584 -0.107413001
v 0.0533874929 0.84432584 -0.102155834
v 0.101549037 0.84432584 -0.0868989304
v 0.139770195 0.84432584 -0.0631357804
v 0.164309725 0.84432584 -0.0331924371
v 0.172765478 0.84432584 1.87806855e-08
v 0.132228971 0.796067894 0
v 0.125757232 0.796067894 0.0254043993
v 0.106975488 0.796067894 0.0483220331
v 0.0777222291 0.796067894 0.0665095747
v 0.0408609957 0.796067894 0.0781866983
v -5.7799121e-09 0.796067894 0.0822103545
v -0.0408610217 0.796067894 0.0781866908
v -0.0777222291 0.796067894 0.0665095747
v -0.106975488 0.796067894 0.0483220294
v -0.125757217 0.796067894 0.0254043993
v -0.132228971 0.796067894 -7.18705762e-09
v -0.125757203 0.796067894 -0.025404416
v -0.106975459 0.796067894 -0.0483220555
v -0.0777222663 0.796067894 -0.0665095672
v -0.0408610106 0.796067894 -0.0781866908
v 1.57681457e-09 0.796067894 -0.0822103545
v 0.0408610143 0.796067894 -0.0781866908
v 0.0777222663 0.796067894 -0.0665095672
v 0.106975481 0.796067894 -0.0483220406
v 0.125757232 0.796067894 -0.0254043937
v 0.132228971 0.796067894 1.43741152e-08
v 0.0715617761 0.763822913 0
v 0.0680592954 0.763822913 0.0137487557
v 0.0578946956 0.763822913 0.026151685
v 0.0420629531 0.763822913 0.0359947123
v 0.0221138038 0.763822913 0.0423143208
v -3.12806447e-09 0.763822913 0.0444919057
v -0.0221138168 0.763822913 0.0423143171
v -0.0420629531 0.763822913 0.0359947085
v -0.0578946993 0.763822913 0.0261516832
v -0.068059288 0.763822913 0.0137487575
v -0.0715617761 0.763822913 -3.88960597e-09
v -0.068059288 0.763822913 -0.013748765
v -0.0578946769 0.763822913 -0.0261516999
v -0.042062968 0.763822913 -0.0359947011
v -0.0221138112 0.763822913 -0.0423143171
v 8.533656e-10 0.763822913 -0.0444919057
v 0.0221138131 0.763822913 -0.0423143171
v 0.0420629755 0.763822913 -0.0359947011
v 0.0578946881 0.763822913 -0.0261516888
v 0.0680592954 0.763822913 -0.0137487529
v 0.0715617761 0.763822913 7.77921194e-09
v -1.63480589e-08 0.752499998 0
v -1.55479292e-08 0.752499998 -3.14085957e-09
v -1.32258586e-08 0.752499998 -5.97426952e-09
v -9.60914726e-09 0.752499998 -8.2228766e-09
v -5.05182829e-09 0.752499998 -9.66657154e-09
v 7.14596381e-16 0.752499998 -1.01640341e-08
v 5.05183095e-09 0.752499998 -9.66657066e-09
v 9.60914726e-09 0.752499998 -8.2228766e-09
v 1.32258586e-08 0.752499998 -5.97426864e-09
v 1.55479274e-08 0.752499998 -3.14085957e-09
v 1.63480589e-08 0.752499998 8.88568161e-16
v 1.55479274e-08 0.752499998 3.14086157e-09
v 1.32258551e-08 0.752499998 5.97427219e-09
v 9.60915081e-09 0.752499998 8.22287483e-09
v 5.05182962e-09 0.752499998 9.66657066e-09
v -1.94948656e-16 0.752499998 1.01640341e-08
v -5.05183051e-09 0.752499998 9.66657066e-09
v -9.60915258e-09 0.752499998 8.22287483e-09
v -1.32258577e-08 0.752499998 5.97426997e-09
v -1.55479292e-08 0.752499998 3.14085891e-09
v -1.63480589e-08 0.752499998 -1.77713632e-15
v 0 1.53125 0.0787499994
v 0.0243350882 1.53125 0.0748957023
v 0.046288088 1.53125 0.063710086
v 0.063710086 1.53125 0.046288088
v 0.0748957023 1.53125 0.0243350863
v 0.0787499994 1.53125 -3.4422718e-09
v 0.0748956949 1.53125 -0.0243350919
v 0.0637100786 1.53125 -0.0462881029
v 0.0462880842 1.53125 -0.0637100935
v 0.0243350919 1.53125 -0.0748956949
v -6.8845436e-09 1.53125 -0.0787499994
v -0.024335105 1.53125 -0.0748956949
v -0.0462880954 1.53125 -0.063710086
v -0.0637101009 1.53125 -0.0462880731
v -0.0748957098 1.53125 -0.0243350603
v -0.0787499994 1.53125 9.39084366e-10
v -0.0748956949 1.53125 0.0243350975
v -0.0637100711 1.53125 0.0462881066
v -0.0462880917 1.53125 0.063710086
v -0.0243350845 1.53125 0.0748957023
v 1.37690872e-08 1.53125 0.0787499994
v 0 1.5575 0.0816666633
v 0.0252363868 1.5575 0.0776696131
v 0.0480024591 1.5575 0.0660697222
v 0.0660697222 1.5575 0.0480024591
v 0.0776696131 1.5575 0.0252363849
v 0.0816666633 1.5575 -3.56976315e-09
v 0.0776696131 1.5575 -0.0252363905
v 0.0660697073 1.5575 -0.048002474
v 0.0480024554 1.5575 -0.0660697222
v 0.0252363905 1.5575 -0.0776696131
v -7.1395263e-09 1.5575 -0.0816666633
v -0.0252364054 1.5575 -0.0776696056
v -0.0480024703 1.5575 -0.0660697147
v -0.0660697296 1.5575 -0.0480024442
v -0.0776696205 1.5575 -0.0252363589
v -0.0816666633 1.5575 9.73865211e-10
v -0.0776696131 1.5575 0.025236398
v -0.0660697073 1.5575 0.0480024777
v -0.0480024628 1.5575 0.0660697147
v -0.0252363831 1.5575 0.0776696131
v 1.42790526e-08 1.5575 0.0816666633
v 0 1.58375001 0.0845833346
v 0.0261376891 1.58375001 0.0804435313
v 0.0497168377 1.58375001 0.0684293583
v 0.0684293583 1.58375001 0.0497168377
v 0.0804435313 1.58375001 0.0261376854
v 0.0845833346 1.58375001 -3.69725495e-09
v 0.0804435313 1.58375001 -0.026137691
v 0.0684293434 1.58375001 -0.0497168526
v 0.0497168303 1.58375001 -0.0684293583
v 0.026137691 1.58375001 -0.0804435313
v -7.39450989e-09 1.58375001 -0.0845833346
v -0.0261377059 1.58375001 -0.0804435238
v -0.0497168452 1.58375001 -0.0684293509
v -0.0684293658 1.58375001 -0.0497168191
v -0.0804435387 1.58375001 -0.0261376575
v -0.0845833346 1.58375001 1.00864617e-09
v -0.0804435313 1.58375001 0.0261376984
v -0.0684293434 1.58375001 0.0497168563
v -0.0497168414 1.58375001 0.0684293509
v -0.0261376835 1.58375001 0.0804435313
v 1.47890198e-08 1.58375001 0.0845833346
v 0 1.61000001 0.0874999985
v 0.0270389877 1.61000001 0.0832174495
v 0.0514312088 1.61000001 0.070788987
v 0.070788987 1.61000001 0.0514312088
v 0.0832174495 1.61000001 0.027038984
v 0.0874999985 1.61000001 -3.8247463e-09
v 0.083217442 1.61000001 -0.0270389896
v 0.0707889795 1.61000001 -0.0514312238
v 0.0514312014 1.61000001 -0.0707889944
v 0.0270389896 1.61000001 -0.083217442
v -7.64949259e-09 1.61000001 -0.0874999985
v -0.0270390064 1.61000001 -0.0832174346
v -0.05143122 1.61000001 -0.0707889795
v -0.0707889944 1.61000001 -0.0514311939
v -0.0832174495 1.61000001 -0.0270389561
v -0.0874999985 1.61000001 1.04342701e-09
v -0.083217442 1.61000001 0.027038997
v -0.0707889721 1.61000001 0.0514312275
v -0.0514312126 1.61000001 0.0707889795
v -0.0270389821 1.61000001 0.0832174495
v 1.52989852e-08 1.61000001 0.0874999985
v 0 1.63625002 0.0904166624
v 0.0279402863 1.63625002 0.0859913602
v 0.05314558 1.63625002 0.0731486157
v 0.0731486157 1.63625002 0.05314558
v 0.0859913602 1.63625002 0.0279402826
v 0.0904166624 1.63625002 -3.95223765e-09
v 0.0859913528 1.63625002 -0.0279402882
v 0.0731486082 1.63625002 -0.0531455949
v 0.0531455763 1.63625002 -0.0731486231
v 0.0279402882 1.63625002 -0.0859913528
v -7.9044753e-09 1.63625002 -0.0904166624
v -0.0279403049 1.63625002 -0.0859913453
v -0.0531455912 1.63625002 -0.0731486082
v -0.0731486306 1.63625002 -0.0531455651
v -0.0859913602 1.63625002 -0.0279402528
v -0.0904166624 1.63625002 1.07820786e-09
v -0.0859913528 1.63625002 0.0279402975
v -0.0731486008 1.63625002 0.0531456023
v -0.0531455837 1.63625002 0.0731486082
v -0.0279402807 1.63625002 0.0859913602
v 1.58089506e-08 1.63625002 0.0904166624
v 0 1.66250002 0.0933333337
v 0.0288415868 1.66250002 0.0887652785
v 0.0548599549 1.66250002 0.0755082518
v 0.0755082518 1.66250002 0.0548599549
v 0.0887652785 1.66250002 0.0288415849
v 0.0933333337 1.66250002 -4.07972944e-09
v 0.088765271 1.66250002 -0.0288415905
v 0.0755082443 1.66250002 -0.0548599735
v 0.0548599511 1.66250002 -0.0755082592
v 0.0288415905 1.66250002 -0.088765271
v -8.15945889e-09 1.66250002 -0.0933333337
v -0.0288416073 1.66250002 -0.0887652636
v -0.054859966 1.66250002 -0.0755082518
v -0.0755082667 1.66250002 -0.05485994
v -0.0887652859 1.66250002 -0.0288415533
v -0.0933333337 1.66250002 1.11298881e-09
v -0.088765271 1.66250002 0.028841598
v -0.0755082369 1.66250002 0.0548599772
v -0.0548599623 1.66250002 0.0755082518
v -0.0288415812 1.66250002 0.0887652785
v 1.63189178e-08 1.66250002 0.0933333337
v 0 1.68875003 0.0962499976
v 0.0297428854 1.68875003 0.0915391892
v 0.0565743297 1.68875003 0.0778678879
v 0.0778678879 1.68875003 0.0565743297
v 0.0915391892 1.68875003 0.0297428835
v 0.0962499976 1.68875003 -4.20722124e-09
v 0.0915391818 1.68875003 -0.0297428891
v 0.077867873 1.68875003 -0.0565743446
v 0.0565743223 1.68875003 -0.0778678879
v 0.0297428891 1.68875003 -0.0915391818
v -8.41444248e-09 1.68875003 -0.0962499976
v -0.0297429059 1.68875003 -0.0915391818
v -0.0565743409 1.68875003 -0.0778678805
v -0.0778678954 1.68875003 -0.0565743111
v -0.0915391967 1.68875003 -0.0297428519
v -0.0962499976 1.68875003 1.14776977e-09
v -0.0915391818 1.68875003 0.0297428966
v -0.0778678656 1.68875003 0.0565743521
v -0.0565743335 1.68875003 0.0778678805
v -0.0297428798 1.68875003 0.0915391892
v 1.6828885e-08 1.68875003 0.0962499976
v 0 1.92499995 0.00875000004
v 0 1.92499995 0.00875000004
v 0 1.92499995 0.00875000004
v 0 1.92499995 0.00875000004
v 0 1.92499995 0.00875000004
v 0 1.92499995 0.00875000004
v 0 1.92499995 0.00875000004
v 0 1.92499995 0.00875000004
v 0 1.92499995 0.00875000004
v 0 1.92499995 0.00875000004
v 0 1.92499995 0.00875000004
v 0 1.92499995 0.00875000004
v 0 1.92499995 0.00875000004
v 0 1.92499995 0.00875000004
v 0 1.92499995 0.00875000004
v 0 1.92499995 0.00875000004
v 0 1.92499995 0.00875000004
v 0 1.92499995 0.00875000004
v 0 1.92499995 0.00875000004
v 0 1.92499995 0.00875000004
v 0 1.92499995 0.00875000004
v 0 1.92499995 0.00875000004
v 0 1.92499995 0.00875000004
v 0 1.92499995 0.00875000004
v 0 1.92499995 0.00875000004
v 0.0330641307 1.91903698 0.00875000004
v 0.0319374986 1.91903698 0.018479906
v 0.0286343768 1.91903698 0.0275467336
v 0.0233798698 1.91903698 0.0353325941
v 0.0165320635 1.91903698 0.0413068943
v 0.00855762791 1.91903698 0.0450624973
v -1.44527912e-09 1.91903698 0.0463434644
v -0.00855762698 1.91903698 0.0450624973
v -0.0165320672 1.91903698 0.0413068943
v -0.0233798698 1.91903698 0.0353325941
v -0.0286343768 1.91903698 0.0275467336
v -0.0319374986 1.91903698 0.0184799004
v -0.0330641307 1.91903698 0.00874999631
v -0.0319374949 1.91903698 -0.00097991433
v -0.0286343768 1.91903698 -0.0100467307
v -0.023379866 1.91903698 -0.0178325959
v -0.0165320616 1.91903698 -0.0238068961
v -0.00855762511 1.91903698 -0.027562499
v 3.94285826e-10 1.91903698 -0.0288434662
v 0.00855764002 1.91903698 -0.0275624953
v 0.0165320616 1.91903698 -0.0238068961
v 0.0233798791 1.91903698 -0.0178325847
v 0.0286343824 1.91903698 -0.0100467233
v 0.0319374986 1.91903698 -0.000979896635
v 0.0330641307 1.91903698 0.00875000656
v 0.0638749972 1.90155447 0.00875000004
v 0.0616985075 1.90155447 0.0275467336
v 0.0553173684 1.90155447 0.0450624973
v 0.045166444 1.90155447 0.0601036251
v 0.0319374949 1.90155447 0.0716450959
v 0.0165320672 1.90155447 0.0789003596
v -2.7920648e-09 1.90155447 0.0813749954
v -0.0165320653 1.90155447 0.0789003596
v -0.0319375023 1.90155447 0.0716450885
v -0.045166444 1.90155447 0.0601036251
v -0.0553173684 1.90155447 0.045062501
v -0.0616985112 1.90155447 0.0275467224
v -0.0638749972 1.90155447 0.00874999352
v -0.0616985038 1.90155447 -0.0100467512
v -0.0553173684 1.90155447 -0.0275624953
v -0.0451664366 1.90155447 -0.0426036343
v -0.0319374911 1.90155447 -0.0541450977
v -0.0165320616 1.90155447 -0.0614003614
v 7.61701702e-10 1.90155447 -0.0638749972
v 0.0165320914 1.90155447 -0.0614003539
v 0.0319374911 1.90155447 -0.0541450977
v 0.0451664589 1.90155447 -0.0426036082
v 0.0553173795 1.90155447 -0.0275624804
v 0.0616985112 1.90155447 -0.0100467177
v 0.0638749972 1.90155447 0.00875001308
v 0.0903328881 1.87374365 0.00875000004
v 0.087254867 1.87374365 0.0353325941
v 0.0782305673 1.87374365 0.0601036251
v 0.0638749897 1.87374365 0.081374988
v 0.0451664403 1.87374365 0.0976970941
v 0.0233798753 1.87374365 0.107957587
v -3.94857613e-09 1.87374365 0.111457251
v -0.0233798698 1.87374365 0.107957587
v -0.0451664478 1.87374365 0.0976970866
v -0.0638749897 1.87374365 0.081374988
v -0.0782305673 1.87374365 0.0601036288
v -0.0872548744 1.87374365 0.0353325829
v -0.0903328881 1.87374365 0.00874999072
v -0.087254867 1.87374365 -0.0178326219
v -0.0782305673 1.87374365 -0.0426036231
v -0.0638749823 1.87374365 -0.0638750046
v -0.0451664366 1.87374365 -0.0801970959
v -0.0233798642 1.87374365 -0.0904575959
v 1.07720888e-09 1.87374365 -0.0939572528
v 0.0233799089 1.87374365 -0.0904575735
v 0.0451664366 1.87374365 -0.0801970959
v 0.0638750196 1.87374365 -0.0638749748
v 0.0782305822 1.87374365 -0.0426036008
v 0.0872548744 1.87374365 -0.0178325698
v 0.0903328881 1.87374365 0.00875001773
v 0.110634744 1.83749998 0.00875000004
v 0.106864959 1.83749998 0.0413068943
v 0.0958124995 1.83749998 0.0716450959
v 0.0782305747 1.83749998 0.0976970941
v 0.0553173684 1.83749998 0.117687501
v 0.0286343824 1.83749998 0.130253986
v -4.83599827e-09 1.83749998 0.1345402
v -0.0286343787 1.83749998 0.130253986
v -0.0553173795 1.83749998 0.117687494
v -0.0782305747 1.83749998 0.0976970941
v -0.0958124995 1.83749998 0.0716451034
v -0.106864966 1.83749998 0.0413068794
v -0.110634744 1.83749998 0.00874998886
v -0.106864944 1.83749998 -0.0238069333
v -0.0958124995 1.83749998 -0.0541450903
v -0.0782305598 1.83749998 -0.0801971108
v -0.0553173609 1.83749998 -0.100187503
v -0.0286343731 1.83749998 -0.112754002
v 1.31930611e-09 1.83749998 -0.117040195
v 0.0286344253 1.83749998 -0.11275398
v 0.0553173609 1.83749998 -0.100187503
v 0.0782306045 1.83749998 -0.0801970735
v 0.0958125219 1.83749998 -0.0541450679
v 0.106864966 1.83749998 -0.02380687
v 0.110634744 1.83749998 0.00875002239
v 0.123397015 1.79529333 0.00875000004
v 0.119192362 1.79529333 0.0450624973
v 0.106864944 1.79529333 0.0789003596
v 0.087254867 1.79529333 0.107957587
v 0.0616985038 1.79529333 0.130253986
v 0.0319375023 1.79529333 0.144270092
v -5.39385514e-09 1.79529333 0.149050727
v -0.0319374986 1.79529333 0.144270092
v -0.061698515 1.79529333 0.130253986
v -0.087254867 1.79529333 0.107957587
v -0.106864944 1.79529333 0.078900367
v -0.119192369 1.79529333 0.0450624786
v -0.123397015 1.79529333 0.00874998793
v -0.119192354 1.79529333 -0.0275625363
v -0.106864944 1.79529333 -0.0614003539
v -0.0872548521 1.79529333 -0.0904576033
v -0.0616984963 1.79529333 -0.112753987
v -0.0319374911 1.79529333 -0.126770079
v 1.4714947e-09 1.79529333 -0.131550714
v 0.031937547 1.79529333 -0.126770064
v 0.0616984963 1.79529333 -0.112753987
v 0.0872548968 1.79529333 -0.0904575512
v 0.106864974 1.79529333 -0.0614003241
v 0.119192369 1.79529333 -0.0275624692
v 0.123397015 1.79529333 0.00875002425
v 0.127749994 1.75 0.00875000004
v 0.123397015 1.75 0.0463434644
v 0.110634737 1.75 0.0813749954
v 0.0903328881 1.75 0.111457251
v 0.0638749897 1.75 0.1345402
v 0.0330641344 1.75 0.149050727
v -5.5841296e-09 1.75 0.153999999
v -0.0330641307 1.75 0.149050727
v -0.0638750046 1.75 0.134540185
v -0.0903328881 1.75 0.111457251
v -0.110634737 1.75 0.0813750029
v -0.123397022 1.75 0.0463434458
v -0.127749994 1.75 0.008749987
v -0.123397008 1.75 -0.0288435034
v -0.110634737 1.75 -0.0638749897
v -0.0903328732 1.75 -0.0939572677
v -0.0638749823 1.75 -0.117040195
v -0.0330641232 1.75 -0.131550714
v 1.5234034e-09 1.75 -0.136499986
v 0.0330641828 1.75 -0.131550699
v 0.0638749823 1.75 -0.117040195
v 0.0903329179 1.75 -0.0939572155
v 0.110634759 1.75 -0.0638749599
v 0.123397022 1.75 -0.0288434364
v 0.127749994 1.75 0.00875002518
v 0.123397015 1.70470667 0.00875000004
v 0.119192362 1.70470667 0.0450624973
v 0.106864944 1.70470667 0.0789003596
v 0.087254867 1.70470667 0.107957587
v 0.0616985038 1.70470667 0.130253986
v 0.0319375023 1.70470667 0.144270092
v -5.39385514e-09 1.70470667 0.149050727
v -0.0319374986 1.70470667 0.144270092
v -0.061698515 1.70470667 0.130253986
v -0.087254867 1.70470667 0.107957587
v -0.106864944 1.70470667 0.078900367
v -0.119192369 1.70470667 0.0450624786
v -0.123397015 1.70470667 0.00874998793
v -0.119192354 1.70470667 -0.0275625363
v -0.106864944 1.70470667 -0.0614003539
v -0.0872548521 1.70470667 -0.0904576033
v -0.0616984963 1.70470667 -0.112753987
v -0.0319374911 1.70470667 -0.126770079
v 1.4714947e-09 1.70470667 -0.131550714
v 0.031937547 1.70470667 -0.126770064
v 0.0616984963 1.70470667 -0.112753987
v 0.0872548968 1.70470667 -0.0904575512
v 0.106864974 1.70470667 -0.0614003241
v 0.119192369 1.70470667 -0.0275624692
v 0.123397015 1.70470667 0.00875002425
v 0.110634737 1.66250002 0.00875000004
v 0.106864944 1.66250002 0.0413068943
v 0.0958124995 1.66250002 0.0716450885
v 0.0782305673 1.66250002 0.0976970866
v 0.0553173646 1.66250002 0.117687494
v 0.0286343805 1.66250002 0.130253986
v -4.83599827e-09 1.66250002 0.134540185
v -0.0286343768 1.66250002 0.130253986
v -0.0553173758 1.66250002 0.117687494
v -0.0782305673 1.66250002 0.0976970866
v -0.0958124995 1.66250002 0.0716450959
v -0.106864959 1.66250002 0.0413068794
v -0.110634737 1.66250002 0.00874998886
v -0.106864937 1.66250002 -0.0238069296
v -0.0958124995 1.66250002 -0.0541450903
v -0.0782305598 1.66250002 -0.0801971033
v -0.0553173572 1.66250002 -0.100187495
v -0.0286343712 1.66250002 -0.112753987
v 1.319306e-09 1.66250002 -0.11704018
v 0.0286344234 1.66250002 -0.112753972
v 0.0553173572 1.66250002 -0.100187495
v 0.0782306045 1.66250002 -0.0801970586
v 0.0958125144 1.66250002 -0.0541450605
v 0.106864959 1.66250002 -0.02380687
v 0.110634737 1.66250002 0.00875002239
v 0.0903328881 1.62625635 0.00875000004
v 0.087254867 1.62625635 0.0353325941
v 0.0782305673 1.62625635 0.0601036251
v 0.0638749897 1.62625635 0.081374988
v 0.0451664403 1.62625635 0.0976970941
v 0.0233798753 1.62625635 0.107957587
v -3.94857613e-09 1.62625635 0.111457251
v -0.0233798698 1.62625635 0.107957587
v -0.0451664478 1.62625635 0.0976970866
v -0.0638749897 1.62625635 0.081374988
v -0.0782305673 1.62625635 0.0601036288
v -0.0872548744 1.62625635 0.0353325829
v -0.0903328881 1.62625635 0.00874999072
v -0.087254867 1.62625635 -0.0178326219
v -0.0782305673 1.62625635 -0.0426036231
v -0.0638749823 1.62625635 -0.0638750046
v -0.0451664366 1.62625635 -0.0801970959
v -0.0233798642 1.62625635 -0.0904575959
v 1.07720888e-09 1.62625635 -0.0939572528
v 0.0233799089 1.62625635 -0.0904575735
v 0.0451664366 1.62625635 -0.0801970959
v 0.0638750196 1.62625635 -0.0638749748
v 0.0782305822 1.62625635 -0.0426036008
v 0.0872548744 1.62625635 -0.0178325698
v 0.0903328881 1.62625635 0.00875001773
v 0.0638750046 1.59844553 0.00875000004
v 0.061698515 1.59844553 0.0275467336
v 0.0553173758 1.59844553 0.045062501
v 0.0451664478 1.59844553 0.0601036288
v 0.0319374986 1.59844553 0.0716451034
v 0.0165320691 1.59844553 0.078900367
v -2.79206502e-09 1.59844553 0.0813750029
v -0.0165320672 1.59844553 0.078900367
v -0.031937506 1.59844553 0.0716450959
v -0.0451664478 1.59844553 0.0601036288
v -0.0553173758 1.59844553 0.0450625047
v -0.0616985187 1.59844553 0.0275467262
v -0.0638750046 1.59844553 0.00874999352
v -0.0616985112 1.59844553 -0.0100467531
v -0.0553173758 1.59844553 -0.027562499
v -0.0451664403 1.59844553 -0.0426036417
v -0.0319374949 1.59844553 -0.0541451052
v -0.0165320635 1.59844553 -0.0614003688
v 7.61701813e-10 1.59844553 -0.0638750046
v 0.0165320951 1.59844553 -0.0614003614
v 0.0319374949 1.59844553 -0.0541451052
v 0.0451664627 1.59844553 -0.0426036157
v 0.055317387 1.59844553 -0.0275624879
v 0.0616985187 1.59844553 -0.0100467196
v 0.0638750046 1.59844553 0.00875001308
v 0.0330641158 1.58096302 0.00875000004
v 0.0319374837 1.58096302 0.0184799004
v 0.0286343638 1.58096302 0.0275467224
v 0.0233798604 1.58096302 0.0353325829
v 0.016532056 1.58096302 0.0413068794
v 0.00855762418 1.58096302 0.0450624786
v -1.44527834e-09 1.58096302 0.0463434458
v -0.00855762325 1.58096302 0.0450624786
v -0.0165320598 1.58096302 0.0413068794
v -0.0233798604 1.58096302 0.0353325829
v -0.0286343638 1.58096302 0.0275467262
v -0.0319374837 1.58096302 0.0184798948
v -0.0330641158 1.58096302 0.00874999631
v -0.03193748 1.58096302 -0.000979909673
v -0.0286343638 1.58096302 -0.0100467214
v -0.0233798567 1.58096302 -0.0178325847
v -0.0165320542 1.58096302 -0.0238068812
v -0.00855762139 1.58096302 -0.0275624841
v 3.94285632e-10 1.58096302 -0.0288434476
v 0.00855763629 1.58096302 -0.0275624767
v 0.0165320542 1.58096302 -0.0238068812
v 0.0233798679 1.58096302 -0.0178325698
v 0.0286343694 1.58096302 -0.010046714
v 0.0319374837 1.58096302 -0.000979891978
v 0.0330641158 1.58096302 0.00875000656
v -1.11682592e-08 1.57500005 0.00875000004
v -1.07877103e-08 1.57500005 0.00874999631
v -9.67199654e-09 1.57500005 0.00874999352
v -7.89715227e-09 1.57500005 0.00874999072
v -5.58412916e-09 1.57500005 0.00874998886
v -2.89055868e-09 1.57500005 0.00874998793
v 4.88180133e-16 1.57500005 0.008749987
v 2.89055824e-09 1.57500005 0.00874998793
v 5.58413005e-09 1.57500005 0.00874998886
v 7.89715227e-09 1.57500005 0.00874999072
v 9.67199654e-09 1.57500005 0.00874999352
v 1.07877103e-08 1.57500005 0.00874999631
v 1.11682592e-08 1.57500005 0.00875000004
v 1.07877094e-08 1.57500005 0.00875000376
v 9.67199654e-09 1.57500005 0.00875000656
v 7.89715049e-09 1.57500005 0.00875000935
v 5.58412871e-09 1.57500005 0.00875001121
v 2.89055735e-09 1.57500005 0.00875001214
v -1.33180155e-16 1.57500005 0.00875001308
v -2.8905629e-09 1.57500005 0.00875001214
v -5.58412871e-09 1.57500005 0.00875001121
v -7.89715493e-09 1.57500005 0.00875000935
v -9.67199831e-09 1.57500005 0.00875000656
v -1.07877103e-08 1.57500005 0.00875000376
v -1.11682592e-08 1.57500005 0.00875000004
v 0 1.66250002 0.082249999
v 0 1.66250002 0.082249999
v 0 1.66250002 0.082249999
v 0 1.66250002 0.082249999
v 0 1.66250002 0.082249999
v 0 1.66250002 0.082249999
v 0 1.66250002 0.082249999
v 0 1.66250002 0.082249999
v 0 1.66250002 0.082249999
v 0 1.66250002 0.082249999
v 0 1.66250002 0.082249999
v 0 1.66250002 0.082249999
v 0 1.66250002 0.082249999
v 0 1.66250002 0.082249999
v 0 1.66250002 0.082249999
v 0 1.66250002 0.082249999
v 0 1.66250002 0.082249999
v 0 1.66250002 0.082249999
v 0 1.66250002 0.082249999
v 0 1.66250002 0.082249999
v 0 1.66250002 0.082249999
v 0.0498749986 1.65194952 0.082249999
v 0.0474339426 1.65194952 0.0971214399
v 0.0403497219 1.65194952 0.110537164
v 0.0293157846 1.65194952 0.121183947
v 0.0154122207 1.65194952 0.128019601
v -2.18010543e-09 1.65194952 0.130374998
v -0.01541223 1.65194952 0.128019586
v -0.0293157846 1.65194952 0.121183947
v -0.0403497256 1.65194952 0.110537156
v -0.0474339388 1.65194952 0.0971214473
v -0.0498749986 1.65194952 0.0822499916
v -0.0474339388 1.65194952 0.0673785433
v -0.0403497107 1.65194952 0.0539628193
v -0.0293157976 1.65194952 0.0433160663
v -0.0154122273 1.65194952 0.0364804082
v 5.94753413e-10 1.65194952 0.0341250002
v 0.0154122282 1.65194952 0.0364804082
v 0.0293157995 1.65194952 0.0433160663
v 0.0403497182 1.65194952 0.0539628342
v 0.0474339426 1.65194952 0.0673785582
v 0.0498749986 1.65194952 0.0822500065
v 0.0863860324 1.62312496 0.082249999
v 0.0821580067 1.62312496 0.108008094
v 0.0698877722 1.62312496 0.131244808
v 0.0507764295 1.62312496 0.149685562
v 0.0266947523 1.62312496 0.161525264
v -3.77605325e-09 1.62312496 0.165604949
v -0.0266947672 1.62312496 0.161525249
v -0.0507764295 1.62312496 0.149685562
v -0.0698877797 1.62312496 0.131244808
v -0.0821579993 1.62312496 0.108008094
v -0.0863860324 1.62312496 0.0822499916
v -0.0821579918 1.62312496 0.0564918853
v -0.0698877499 1.62312496 0.0332551636
v -0.0507764518 1.62312496 0.0148144439
v -0.0266947616 1.62312496 0.00297474116
v 1.03014319e-09 1.62312496 -0.0011049509
v 0.0266947635 1.62312496 0.00297474116
v 0.0507764593 1.62312496 0.0148144439
v 0.0698877648 1.62312496 0.0332551859
v 0.0821580067 1.62312496 0.0564919077
v 0.0863860324 1.62312496 0.0822500139
v 0.0997499973 1.58375001 0.082249999
v 0.0948678851 1.58375001 0.111992881
v 0.0806994438 1.58375001 0.138824329
v 0.0586315691 1.58375001 0.160117894
v 0.0308244415 1.58375001 0.173789188
v -4.36021086e-09 1.58375001 0.178499997
v -0.0308244601 1.58375001 0.173789173
v -0.0586315691 1.58375001 0.160117894
v -0.0806994513 1.58375001 0.138824314
v -0.0948678777 1.58375001 0.111992888
v -0.0997499973 1.58375001 0.0822499916
v -0.0948678777 1.58375001 0.052507095
v -0.0806994215 1.58375001 0.0256756432
v -0.0586315952 1.58375001 0.00438213348
v -0.0308244545 1.58375001 -0.00928918272
v 1.18950683e-09 1.58375001 -0.0139999986
v 0.0308244564 1.58375001 -0.00928918272
v 0.0586315989 1.58375001 0.00438213348
v 0.0806994364 1.58375001 0.0256756656
v 0.0948678851 1.58375001 0.0525071174
v 0.0997499973 1.58375001 0.0822500139
v 0.0863860324 1.54437506 0.082249999
v 0.0821579993 1.54437506 0.108008094
v 0.0698877648 1.54437506 0.131244808
v 0.0507764295 1.54437506 0.149685562
v 0.0266947486 1.54437506 0.161525249
v -3.77605325e-09 1.54437506 0.165604949
v -0.0266947635 1.54437506 0.161525249
v -0.0507764295 1.54437506 0.149685562
v -0.0698877722 1.54437506 0.131244808
v -0.0821579918 1.54437506 0.108008094
v -0.0863860324 1.54437506 0.0822499916
v -0.0821579918 1.54437506 0.0564918891
v -0.0698877499 1.54437506 0.033255171
v -0.0507764481 1.54437506 0.0148144513
v -0.0266947616 1.54437506 0.00297474116
v 1.03014308e-09 1.54437506 -0.00110494345
v 0.0266947616 1.54437506 0.00297474116
v 0.0507764518 1.54437506 0.0148144513
v 0.0698877648 1.54437506 0.0332551859
v 0.0821579993 1.54437506 0.0564919114
v 0.0863860324 1.54437506 0.0822500139
v 0.0498750061 1.51555049 0.082249999
v 0.04743395 1.51555049 0.0971214473
v 0.0403497294 1.51555049 0.110537164
v 0.0293157883 1.51555049 0.121183947
v 0.0154122226 1.51555049 0.128019601
v -2.18010565e-09 1.51555049 0.130374998
v -0.0154122319 1.51555049 0.128019601
v -0.0293157883 1.51555049 0.121183947
v -0.0403497294 1.51555049 0.110537164
v -0.0474339463 1.51555049 0.0971214473
v -0.0498750061 1.51555049 0.0822499916
v -0.0474339426 1.51555049 0.0673785433
v -0.0403497145 1.51555049 0.0539628193
v -0.0293157995 1.51555049 0.0433160588
v -0.0154122282 1.51555049 0.0364804007
v 5.94753469e-10 1.51555049 0.0341249928
v 0.01541223 1.51555049 0.0364804007
v 0.0293158032 1.51555049 0.0433160588
v 0.0403497256 1.51555049 0.0539628267
v 0.04743395 1.51555049 0.0673785582
v 0.0498750061 1.51555049 0.0822500065
v -8.72042172e-09 1.505 0.082249999
v -8.2936138e-09 1.505 0.082249999
v -7.0549695e-09 1.505 0.0822499916
v -5.1257345e-09 1.505 0.0822499916
v -2.69475842e-09 1.505 0.0822499916
v 3.8118174e-16 1.505 0.0822499916
v 2.69475975e-09 1.505 0.0822499916
v 5.1257345e-09 1.505 0.0822499916
v 7.0549695e-09 1.505 0.0822499916
v 8.29361291e-09 1.505 0.082249999
v 8.72042172e-09 1.505 0.082249999
v 8.29361291e-09 1.505 0.082249999
v 7.05496728e-09 1.505 0.0822500065
v 5.12573672e-09 1.505 0.0822500065
v 2.6947593e-09 1.505 0.0822500065
v -1.03989983e-16 1.505 0.0822500065
v -2.69475975e-09 1.505 0.0822500065
v -5.12573717e-09 1.505 0.0822500065
v -7.05496905e-09 1.505 0.0822500065
v -8.2936138e-09 1.505 0.082249999
v -8.72042172e-09 1.505 0.082249999
v -0.0752499998 1.34749997 0.078749992
v -0.0797424242 1.37141681 0.0748956949
v -0.0837951079 1.3929925 0.063710086
v -0.0870113298 1.410115 0.0462880842
v -0.0890762731 1.42110837 0.0243350845
v -0.0897878036 1.42489648 -3.44227158e-09
v -0.0890762657 1.42110837 -0.0243350882
v -0.0870113224 1.410115 -0.0462880954
v -0.0837951005 1.3929925 -0.063710086
v -0.0797424316 1.37141681 -0.0748956949
v -0.0752499998 1.34749997 -0.078749992
v -0.0707575679 1.32358313 -0.0748956874
v -0.0667048916 1.30200744 -0.0637100786
v -0.0634886697 1.28488493 -0.0462880693
v -0.0614237264 1.27389157 -0.0243350584
v -0.0607121997 1.27010345 9.39084255e-10
v -0.0614237301 1.27389157 0.0243350957
v -0.0634886771 1.28488493 0.0462881029
v -0.0667048916 1.30200744 0.0637100786
v -0.0707575753 1.32358313 0.0748956949
v -0.0752499998 1.34749997 0.078749992
v -0.0985416695 1.34312499 0.0816666558
v -0.10320048 1.36792767 0.0776696131
v -0.107403263 1.39030242 0.0660697147
v -0.110738605 1.40805912 0.0480024554
v -0.112880021 1.41945958 0.0252363831
v -0.113617904 1.423388 -3.56976293e-09
v -0.112880021 1.41945958 -0.0252363868
v -0.110738598 1.40805912 -0.0480024703
v -0.107403256 1.39030242 -0.0660697222
v -0.10320048 1.36792767 -0.0776696056
v -0.0985416695 1.34312499 -0.0816666558
v -0.0938828513 1.3183223 -0.0776695982
v -0.0896800756 1.29594755 -0.0660697073
v -0.0863447338 1.27819085 -0.0480024405
v -0.0842033178 1.26679039 -0.0252363551
v -0.0834654346 1.26286197 9.738651e-10
v -0.0842033178 1.26679039 0.0252363943
v -0.0863447413 1.27819085 0.048002474
v -0.0896800756 1.29594755 0.0660697073
v -0.0938828588 1.3183223 0.0776696131
v -0.0985416695 1.34312499 0.0816666558
v -0.121833339 1.33875 0.0845833272
v -0.126658544 1.36443841 0.0804435313
v -0.131011412 1.38761234 0.0684293509
v -0.134465873 1.40600324 0.0497168303
v -0.136683777 1.41781092 0.0261376835
v -0.137448013 1.42187953 -3.69725472e-09
v -0.136683777 1.41781092 -0.0261376891
v -0.134465873 1.40600324 -0.0497168452
v -0.131011412 1.38761234 -0.0684293583
v -0.126658544 1.36443841 -0.0804435238
v -0.121833339 1.33875 -0.0845833272
v -0.117008135 1.31306159 -0.0804435164
v -0.11265526 1.28988767 -0.0684293434
v -0.109200798 1.27149677 -0.0497168154
v -0.106982902 1.25968909 -0.0261376556
v -0.106218666 1.25562048 1.00864606e-09
v -0.106982902 1.25968909 0.0261376966
v -0.109200805 1.27149677 0.0497168526
v -0.11265526 1.28988767 0.0684293434
v -0.117008142 1.31306159 0.0804435313
v -0.121833339 1.33875 0.0845833272
v -0.145125002 1.3343749 0.0874999911
v -0.150116593 1.36094916 0.083217442
v -0.15461956 1.38492215 0.0707889795
v -0.158193141 1.40394723 0.0514312014
v -0.160487533 1.41616201 0.0270389821
v -0.161278114 1.42037094 -3.8247463e-09
v -0.160487518 1.41616201 -0.0270389877
v -0.158193141 1.40394723 -0.05143122
v -0.15461956 1.38492215 -0.070788987
v -0.150116593 1.36094916 -0.0832174346
v -0.145125002 1.3343749 -0.0874999911
v -0.140133411 1.30780065 -0.0832174271
v -0.135630444 1.28382766 -0.0707889795
v -0.132056862 1.26480258 -0.0514311865
v -0.129762471 1.2525878 -0.0270389542
v -0.12897189 1.24837887 1.04342701e-09
v -0.129762486 1.2525878 0.0270389952
v -0.132056862 1.26480258 0.0514312238
v -0.135630444 1.28382766 0.0707889795
v -0.140133411 1.30780065 0.083217442
v -0.145125002 1.3343749 0.0874999911
v -0.168416679 1.32999992 0.0904166549
v -0.173574656 1.35746002 0.0859913528
v -0.178227723 1.38223207 0.0731486082
v -0.181920424 1.40189123 0.0531455763
v -0.184291288 1.41451335 0.0279402807
v -0.18510823 1.41886258 -3.95223765e-09
v -0.184291288 1.41451323 -0.0279402863
v -0.181920424 1.40189123 -0.0531455912
v -0.178227723 1.38223207 -0.0731486157
v -0.173574656 1.35746002 -0.0859913453
v -0.168416679 1.32999992 -0.0904166549
v -0.163258702 1.30253983 -0.0859913453
v -0.158605635 1.27776778 -0.0731486082
v -0.154912934 1.2581085 -0.0531455576
v -0.15254207 1.2454865 -0.0279402509
v -0.151725128 1.24113727 1.07820786e-09
v -0.15254207 1.24548662 0.0279402938
v -0.154912934 1.25810862 0.0531455949
v -0.158605635 1.27776778 0.0731486082
v -0.163258702 1.30253983 0.0859913528
v -0.168416679 1.32999992 0.0904166549
v -0.191708326 1.32562494 0.0933333263
v -0.19703269 1.35397077 0.088765271
v -0.201835856 1.37954199 0.0755082518
v -0.205647677 1.39983535 0.0548599511
v -0.208095014 1.41286457 0.0288415812
v -0.208938316 1.41735411 -4.07972944e-09
v -0.208095014 1.41286457 -0.0288415868
v -0.205647677 1.39983535 -0.054859966
v -0.201835856 1.37954199 -0.0755082518
v -0.19703269 1.35397077 -0.0887652636
v -0.191708326 1.32562494 -0.0933333263
v -0.186383963 1.297279 -0.0887652636
v -0.181580797 1.27170789 -0.0755082443
v -0.177768975 1.25141454 -0.0548599325
v -0.175321639 1.23838532 -0.0288415514
v -0.174478337 1.23389578 1.11298881e-09
v -0.175321639 1.23838532 0.0288415961
v -0.177768975 1.25141454 0.0548599735
v -0.181580797 1.27170789 0.0755082443
v -0.186383963 1.29727912 0.088765271
v -0.191708326 1.32562494 0.0933333263
v -0.215000004 1.32124996 0.0962499902
v -0.220490754 1.35048163 0.0915391818
v -0.225444019 1.37685192 0.0778678805
v -0.22937496 1.39777946 0.0565743223
v -0.231898785 1.41121578 0.0297428798
v -0.232768431 1.41584563 -4.20722079e-09
v -0.231898785 1.41121578 -0.0297428854
v -0.22937496 1.39777946 -0.0565743409
v -0.225444019 1.37685192 -0.0778678879
v -0.220490754 1.35048163 -0.0915391818
v -0.215000004 1.32124996 -0.0962499902
v -0.209509254 1.29201829 -0.0915391743
v -0.204555988 1.26564801 -0.077867873
v -0.200625047 1.24472046 -0.0565743037
v -0.198101223 1.23128414 -0.0297428481
v -0.197231576 1.22665429 1.14776966e-09
v -0.198101223 1.23128414 0.0297428947
v -0.200625047 1.24472046 0.0565743446
v -0.204555988 1.26564801 0.077867873
v -0.209509254 1.29201829 0.0915391818
v -0.215000004 1.32124996 0.0962499902
v -0.215000004 1.32124996 0.0896350071
v -0.218303144 1.34875107 0.0852479562
v -0.221282959 1.37356007 0.0725162476
v -0.223647758 1.39324868 0.0526861362
v -0.225166038 1.40588963 0.0276987385
v -0.225689217 1.4102453 -3.91807076e-09
v -0.225166038 1.40588963 -0.0276987441
v -0.223647758 1.39324868 -0.0526861511
v -0.221282959 1.37356007 -0.0725162476
v -0.218303144 1.34875107 -0.0852479562
v -0.215000004 1.32124996 -0.0896350071
v -0.211696848 1.29374886 -0.0852479488
v -0.208717048 1.26893973 -0.0725162402
v -0.206352249 1.24925113 -0.0526861176
v -0.204833955 1.23661029 -0.0276987087
v -0.20431079 1.23225462 1.06888676e-09
v -0.204833969 1.23661029 0.0276987515
v -0.206352249 1.24925125 0.0526861548
v -0.208717048 1.26893973 0.0725162402
v -0.211696863 1.29374886 0.0852479562
v -0.215000004 1.32124996 0.0896350071
v -0.251424998 1.31687498 0.0870493799
v -0.25463286 1.34358275 0.0827888846
v -0.257526726 1.36767626 0.0704244301
v -0.259823292 1.38679683 0.0511663407
v -0.261297792 1.39907312 0.0268997364
v -0.261805862 1.40330315 -3.80504916e-09
v -0.261297792 1.39907312 -0.026899742
v -0.259823292 1.38679683 -0.0511663556
v -0.257526726 1.36767614 -0.0704244301
v -0.25463286 1.34358275 -0.0827888772
v -0.251424998 1.31687498 -0.0870493799
v -0.248217136 1.29016721 -0.0827888697
v -0.245323271 1.2660737 -0.0704244226
v -0.243026704 1.24695313 -0.0511663258
v -0.241552204 1.23467684 -0.0268997066
v -0.241044134 1.23044682 1.03805342e-09
v -0.241552204 1.23467684 0.0268997494
v -0.243026704 1.24695313 0.0511663631
v -0.245323271 1.2660737 0.0704244226
v -0.248217136 1.29016721 0.0827888846
v -0.251424998 1.31687498 0.0870493799
v -0.287849993 1.3125 0.0844637603
v -0.290962577 1.33841443 0.0803298131
v -0.293770462 1.36179233 0.06833262
v -0.295998842 1.38034499 0.0496465527
v -0.297429532 1.39225662 0.0261007361
v -0.297922522 1.39636099 -3.69202824e-09
v -0.297429532 1.39225662 -0.0261007398
v -0.295998842 1.38034499 -0.0496465676
v -0.293770462 1.36179233 -0.06833262
v -0.290962577 1.33841443 -0.0803298056
v -0.287849993 1.3125 -0.0844637603
v -0.284737408 1.28658545 -0.0803297982
v -0.281929523 1.26320767 -0.0683326125
v -0.279701144 1.24465501 -0.0496465378
v -0.278270453 1.23274338 -0.0261007082
v -0.277777463 1.22863901 1.00722031e-09
v -0.278270453 1.23274338 0.0261007473
v -0.279701144 1.24465501 0.0496465713
v -0.281929523 1.26320767 0.0683326125
v -0.284737408 1.28658557 0.0803298131
v -0.287849993 1.3125 0.0844637603
v -0.324275017 1.30812502 0.0818781331
v -0.327292323 1.33324623 0.077870734
v -0.330014259 1.35590839 0.0662408024
v -0.332174391 1.37389314 0.0481267571
v -0.333561301 1.38544011 0.0253017321
v -0.334039211 1.38941884 -3.57900687e-09
v -0.333561301 1.38544011 -0.0253017377
v -0.332174391 1.37389314 -0.048126772
v -0.330014259 1.35590839 -0.0662408099
v -0.327292323 1.33324623 -0.0778707266
v -0.324275017 1.30812502 -0.0818781331
v -0.32125771 1.28300381 -0.0778707266
v -0.318535775 1.26034164 -0.066240795
v -0.316375613 1.2423569 -0.0481267422
v -0.314988732 1.23080993 -0.025301706
v -0.314510822 1.2268312 9.76386971e-10
v -0.314988732 1.23080993 0.0253017452
v -0.316375643 1.2423569 0.0481267795
v -0.318535775 1.26034164 0.066240795
v -0.32125771 1.28300381 0.077870734
v -0.324275017 1.30812502 0.0818781331
v -0.360700011 1.30375004 0.079292506
v -0.36362204 1.32807791 0.075411655
v -0.366258025 1.35002446 0.0641489848
v -0.36834994 1.3674413 0.0466069654
v -0.369693041 1.3786236 0.02450273
v -0.370155841 1.38247669 -3.4659855e-09
v -0.369693041 1.3786236 -0.0245027356
v -0.36834994 1.3674413 -0.0466069803
v -0.366258025 1.35002446 -0.0641489923
v -0.36362204 1.32807791 -0.075411655
v -0.360700011 1.30375004 -0.079292506
v -0.357777983 1.27942216 -0.0754116476
v -0.355141997 1.25747561 -0.0641489774
v -0.353050083 1.24005878 -0.0466069505
v -0.351706982 1.22887647 -0.0245027039
v -0.351244181 1.22502339 9.45553635e-10
v -0.351706982 1.22887647 0.0245027412
v -0.353050083 1.2400589 0.046606984
v -0.355141997 1.25747561 0.0641489774
v -0.357777983 1.27942216 0.075411655
v -0.360700011 1.30375004 0.079292506
v -0.397125006 1.29937494 0.0767068788
v -0.399951726 1.32290947 0.072952576
v -0.402501762 1.34414041 0.062057171
v -0.404525489 1.36098921 0.0450871699
v -0.40582478 1.37180698 0.0237037279
v -0.406272501 1.37553442 -3.35296413e-09
v -0.40582478 1.37180686 -0.0237037316
v -0.404525489 1.36098921 -0.0450871848
v -0.402501762 1.34414041 -0.0620571747
v -0.399951726 1.32290947 -0.072952576
v -0.397125006 1.29937494 -0.0767068788
v -0.394298285 1.2758404 -0.0729525685
v -0.39174825 1.25460947 -0.0620571636
v -0.389724523 1.23776054 -0.0450871587
v -0.388425231 1.2269429 -0.0237037018
v -0.387977511 1.22321546 9.14720355e-10
v -0.388425231 1.22694302 0.023703739
v -0.389724523 1.23776066 0.0450871885
v -0.39174825 1.25460947 0.0620571636
v -0.394298285 1.2758404 0.072952576
v -0.397125006 1.29937494 0.0767068788
v -0.43355 1.29499996 0.0741212517
v -0.436281443 1.31774127 0.0704935044
v -0.438745528 1.33825648 0.0599653535
v -0.440701038 1.35453737 0.0435673781
v -0.44195652 1.36499047 0.0229047257
v -0.44238916 1.36859226 -3.23994276e-09
v -0.44195652 1.36499047 -0.0229047295
v -0.440701038 1.35453737 -0.043567393
v -0.438745528 1.33825648 -0.0599653572
v -0.436281443 1.31774127 -0.070493497
v -0.43355 1.29499996 -0.0741212517
v -0.430818558 1.27225864 -0.0704934895
v -0.428354472 1.25174344 -0.0599653497
v -0.426398963 1.23546255 -0.0435673632
v -0.42514348 1.22500944 -0.0229046997
v -0.42471084 1.22140765 8.83887075e-10
v -0.42514348 1.22500944 0.0229047351
v -0.426398993 1.23546255 0.0435673967
v -0.428354472 1.25174344 0.0599653497
v -0.430818558 1.27225864 0.0704935044
v -0.43355 1.29499996 0.0741212517
v -0.469974995 1.29062498 0.071535632
v -0.472611159 1.31257296 0.0680344328
v -0.474989265 1.33237255 0.0578735434
v -0.476876557 1.34808552 0.04204759
v -0.478088289 1.35817397 0.0221057236
v -0.47850579 1.36165011 -3.12692183e-09
v -0.478088289 1.35817385 -0.0221057292
v -0.476876557 1.34808552 -0.0420476012
v -0.474989265 1.33237255 -0.0578735471
v -0.472611159 1.31257296 -0.0680344254
v -0.469974995 1.29062498 -0.071535632
v -0.46733883 1.268677 -0.0680344254
v -0.464960694 1.24887741 -0.0578735396
v -0.463073432 1.23316443 -0.0420475751
v -0.4618617 1.22307599 -0.0221057013
v -0.461444199 1.21959984 8.5305385e-10
v -0.4618617 1.22307611 0.0221057348
v -0.463073432 1.23316443 0.0420476049
v -0.464960724 1.24887741 0.0578735396
v -0.46733883 1.268677 0.0680344328
v -0.469974995 1.29062498 0.071535632
v -0.506399989 1.28625 0.0689500049
v -0.508940876 1.30740464 0.0655753538
v -0.511233032 1.32648861 0.0557817258
v -0.513052106 1.34163368 0.0405277945
v -0.514219999 1.35135746 0.0213067215
v -0.51462245 1.35470796 -3.01390046e-09
v -0.514219999 1.35135746 -0.0213067252
v -0.513052106 1.34163368 -0.0405278094
v -0.511233032 1.32648861 -0.0557817295
v -0.508940876 1.30740464 -0.0655753464
v -0.506399989 1.28625 -0.0689500049
v -0.503859103 1.26509535 -0.0655753464
v -0.501566947 1.24601138 -0.0557817221
v -0.499747872 1.23086631 -0.0405277833
v -0.498579949 1.22114253 -0.0213066991
v -0.498177528 1.21779203 8.22220569e-10
v -0.498579949 1.22114253 0.0213067327
v -0.499747872 1.23086631 0.0405278131
v -0.501566947 1.24601138 0.0557817221
v -0.503859103 1.26509535 0.0655753538
v -0.506399989 1.28625 0.0689500049
v -0.506399989 1.28625 0.0706737414
v -0.507830501 1.30804253 0.0672147274
v -0.509120941 1.32770181 0.0571762584
v -0.510145068 1.34330344 0.0415409841
v -0.510802567 1.35332036 0.0218393859
v -0.511029184 1.35677195 -3.08924752e-09
v -0.510802567 1.35332036 -0.0218393896
v -0.510145068 1.34330344 -0.0415409952
v -0.509120941 1.32770181 -0.0571762659
v -0.507830501 1.30804253 -0.06721472
v -0.506399989 1.28625 -0.0706737414
v -0.504969478 1.26445746 -0.06721472
v -0.503679037 1.24479818 -0.0571762547
v -0.50265491 1.22919655 -0.0415409692
v -0.501997411 1.21917963 -0.0218393635
v -0.501770794 1.21572804 8.4277596e-10
v -0.501997411 1.21917963 0.021839397
v -0.50265491 1.22919655 0.041540999
v -0.503679037 1.24479818 0.0571762547
v -0.504969478 1.26445746 0.0672147274
v -0.506399989 1.28625 0.0706737414
v -0.539725006 1.2840625 0.0675270259
v -0.5410918 1.30488467 0.0642220229
v -0.542324841 1.32366872 0.0546305142
v -0.543303311 1.33857572 0.0396913886
v -0.543931603 1.34814656 0.0208669975
v -0.544148088 1.35144448 -2.95170022e-09
v -0.543931603 1.34814656 -0.0208670013
v -0.543303311 1.33857572 -0.0396914035
v -0.542324841 1.3236686 -0.054630518
v -0.5410918 1.30488467 -0.0642220154
v -0.539725006 1.2840625 -0.0675270259
v -0.538358212 1.26324034 -0.0642220154
v -0.53712517 1.24445629 -0.0546305105
v -0.5361467 1.22954929 -0.0396913774
v -0.535518408 1.21997845 -0.0208669752
v -0.535301924 1.21668053 8.05251754e-10
v -0.535518408 1.21997845 0.0208670069
v -0.5361467 1.22954929 0.0396914072
v -0.53712517 1.24445629 0.0546305105
v -0.538358212 1.26324034 0.0642220229
v -0.539725006 1.2840625 0.0675270259
v -0.573050022 1.28187501 0.064380303
v -0.574353158 1.30172694 0.0612293109
v -0.575528681 1.31963551 0.0520847626
v -0.576461613 1.33384788 0.0378417931
v -0.57706058 1.34297287 0.0198946074
v -0.577266991 1.34611702 -2.81415247e-09
v -0.57706058 1.34297287 -0.0198946111
v -0.576461613 1.33384788 -0.0378418043
v -0.575528681 1.31963551 -0.0520847663
v -0.574353158 1.30172694 -0.0612293072
v -0.573050022 1.28187501 -0.064380303
v -0.571746886 1.26202309 -0.0612293035
v -0.570571363 1.24411452 -0.0520847589
v -0.569638431 1.22990215 -0.037841782
v -0.569039464 1.22077715 -0.019894585
v -0.568833053 1.21763301 7.67727437e-10
v -0.569039464 1.22077715 0.0198946167
v -0.569638431 1.22990215 0.0378418081
v -0.570571363 1.24411452 0.0520847589
v -0.571746886 1.26202309 0.0612293109
v -0.573050022 1.28187501 0.064380303
v -0.606374979 1.27968752 0.0612335913
v -0.607614398 1.29856908 0.0582366064
v -0.608732462 1.31560242 0.0495390147
v -0.609619796 1.32912016 0.0359922014
v -0.610189497 1.33779907 0.0189222191
v -0.610385835 1.34078956 -2.67660516e-09
v -0.610189497 1.33779907 -0.0189222228
v -0.609619796 1.32912016 -0.0359922126
v -0.608732462 1.31560242 -0.0495390184
v -0.607614398 1.29856908 -0.0582366027
v -0.606374979 1.27968752 -0.0612335913
v -0.60513556 1.26080596 -0.058236599
v -0.604017496 1.24377263 -0.049539011
v -0.603130162 1.23025489 -0.0359921902
v -0.602560461 1.22157598 -0.0189221986
v -0.602364123 1.21858549 7.30203231e-10
v -0.602560461 1.22157598 0.0189222284
v -0.603130162 1.23025489 0.0359922163
v -0.604017496 1.24377263 0.049539011
v -0.60513556 1.26080596 0.0582366064
v -0.606374979 1.27968752 0.0612335913
v -0.639699996 1.27749991 0.0580868721
v -0.640875697 1.29541123 0.0552438982
v -0.641936362 1.31156921 0.0469932668
v -0.642778099 1.32439232 0.034142606
v -0.643318534 1.33262515 0.0179498289
v -0.643504739 1.33546209 -2.53905785e-09
v -0.643318474 1.33262515 -0.0179498326
v -0.642778099 1.3243922 -0.0341426171
v -0.641936362 1.31156921 -0.0469932705
v -0.640875697 1.29541123 -0.0552438945
v -0.639699996 1.27749991 -0.0580868721
v -0.638524294 1.2595886 -0.0552438945
v -0.637463629 1.24343061 -0.0469932631
v -0.636621892 1.23060751 -0.0341425948
v -0.636081457 1.22237468 -0.0179498103
v -0.635895252 1.21953773 6.92679025e-10
v -0.636081517 1.22237468 0.0179498382
v -0.636621892 1.23060763 0.0341426171
v -0.637463629 1.24343061 0.0469932631
v -0.638524294 1.2595886 0.0552438982
v -0.639699996 1.27749991 0.0580868721
v -0.673025012 1.27531242 0.0549401529
v -0.674137056 1.29225338 0.0522511937
v -0.675140202 1.30753613 0.0444475189
v -0.675936341 1.31966448 0.0322930105
v -0.676447511 1.32745135 0.0169774387
v -0.676623642 1.33013463 -2.40151032e-09
v -0.676447511 1.32745135 -0.0169774424
v -0.675936341 1.31966448 -0.0322930217
v -0.675140202 1.30753613 -0.0444475226
v -0.674137056 1.29225338 -0.0522511899
v -0.673025012 1.27531242 -0.0549401529
v -0.671912968 1.25837147 -0.0522511862
v -0.670909822 1.24308872 -0.0444475152
v -0.670113683 1.23096037 -0.0322929993
v -0.669602513 1.22317338 -0.0169774219
v -0.669426382 1.22049022 6.55154764e-10
v -0.669602513 1.2231735 0.016977448
v -0.670113683 1.23096037 0.0322930217
v -0.670909822 1.24308872 0.0444475152
v -0.671912968 1.25837147 0.0522511937
v -0.673025012 1.27531242 0.0549401529
v -0.706349969 1.27312493 0.0517934375
v -0.707398295 1.28909564 0.0492584892
v -0.708344042 1.30350292 0.041901771
v -0.709094584 1.31493676 0.0304434169
v -0.709576428 1.32227767 0.0160050504
v -0.709742486 1.32480717 -2.26396302e-09
v -0.709576428 1.32227767 -0.0160050541
v -0.709094584 1.31493676 -0.0304434262
v -0.708344042 1.30350292 -0.0419017747
v -0.707398295 1.28909564 -0.0492584854
v -0.706349969 1.27312493 -0.0517934375
v -0.705301642 1.25715423 -0.0492584817
v -0.704355896 1.24274683 -0.0419017673
v -0.703605354 1.23131311 -0.0304434076
v -0.70312351 1.2239722 -0.0160050336
v -0.702957451 1.2214427 6.17630558e-10
v -0.70312351 1.2239722 0.0160050578
v -0.703605354 1.23131311 0.0304434299
v -0.704355896 1.24274683 0.0419017673
v -0.705301642 1.25715423 0.0492584892
v -0.706349969 1.27312493 0.0517934375
v -0.739674985 1.27093744 0.0486467183
v -0.740659654 1.28593779 0.0462657809
v -0.741547883 1.29946983 0.0393560231
v -0.742252827 1.31020892 0.0285938233
v -0.742705405 1.31710386 0.0150326611
v -0.74286139 1.3194797 -2.12641549e-09
v -0.742705405 1.31710386 -0.0150326639
v -0.742252827 1.31020892 -0.0285938308
v -0.741547883 1.29946983 -0.0393560268
v -0.740659654 1.28593779 -0.0462657772
v -0.739674985 1.27093744 -0.0486467183
v -0.738690317 1.2559371 -0.0462657735
v -0.737802088 1.24240506 -0.0393560193
v -0.737097144 1.23166597 -0.028593814
v -0.736644566 1.22477102 -0.0150326453
v -0.736488581 1.22239518 5.80106296e-10
v -0.736644566 1.22477102 0.0150326686
v -0.737097144 1.23166597 0.0285938345
v -0.737802088 1.24240506 0.0393560193
v -0.738690317 1.2559371 0.0462657809
v -0.739674985 1.27093744 0.0486467183
v -0.773000002 1.26874995 0.0454999991
v -0.773920953 1.28278005 0.0432730727
v -0.774751782 1.29543674 0.0368102714
v -0.775411069 1.3054812 0.0267442279
v -0.775834441 1.31193006 0.0140602719
v -0.775980294 1.31415224 -1.98886818e-09
v -0.775834441 1.31193006 -0.0140602747
v -0.775411069 1.3054812 -0.0267442353
v -0.774751782 1.29543674 -0.0368102752
v -0.773920953 1.28278005 -0.043273069
v -0.773000002 1.26874995 -0.0454999991
v -0.772079051 1.25471985 -0.0432730652
v -0.771248221 1.24206316 -0.0368102714
v -0.770588934 1.23201871 -0.0267442185
v -0.770165563 1.22556984 -0.014060257
v -0.77001971 1.22334766 5.42582035e-10
v -0.770165563 1.22556984 0.0140602784
v -0.770588934 1.23201871 0.026744239
v -0.771248221 1.24206316 0.0368102714
v -0.772079051 1.25471985 0.0432730727
v -0.773000002 1.26874995 0.0454999991
v -0.834249973 1.30024993 0
v -0.834249973 1.30024993 0
v -0.834249973 1.30024993 0
v -0.834249973 1.30024993 0
v -0.834249973 1.30024993 0
v -0.834249973 1.30024993 0
v -0.834249973 1.30024993 0
v -0.834249973 1.30024993 0
v -0.834249973 1.30024993 0
v -0.834249973 1.30024993 0
v -0.834249973 1.30024993 0
v -0.834249973 1.30024993 0
v -0.834249973 1.30024993 0
v -0.834249973 1.30024993 0
v -0.834249973 1.30024993 0
v -0.834249973 1.30024993 0
v -0.834249973 1.30024993 0
v -0.834249973 1.30024993 0
v -0.834249973 1.30024993 0
v -0.834249973 1.30024993 0
v -0.834249973 1.30024993 0
v -0.786124945 1.29602981 0
v -0.788480401 1.29602981 0.0108155953
v -0.795316041 1.29602981 0.0205724835
v -0.805962801 1.29602981 0.0283155981
v -0.819378555 1.29602981 0.0332869776
v -0.834249973 1.29602981 0.0350000001
v -0.849121451 1.29602981 0.0332869776
v -0.862537146 1.29602981 0.0283155944
v -0.873183906 1.29602981 0.0205724817
v -0.880019546 1.29602981 0.0108155962
v -0.882375002 1.29602981 -3.05979708e-09
v -0.880019546 1.29602981 -0.0108156027
v -0.873183906 1.29602981 -0.0205724947
v -0.862537146 1.29602981 -0.0283155888
v -0.849121392 1.29602981 -0.0332869776
v -0.834249973 1.29602981 -0.0350000001
v -0.819378495 1.29602981 -0.0332869776
v -0.805962801 1.29602981 -0.0283155888
v -0.795316041 1.29602981 -0.0205724854
v -0.788480401 1.29602981 -0.0108155934
v -0.786124945 1.29602981 6.11959416e-09
v -0.750895023 1.2845 0
v -0.754974723 1.2845 0.0187331624
v -0.766814411 1.2845 0.035632588
v -0.785255194 1.2845 0.049044054
v -0.808491886 1.2845 0.0576547422
v -0.834249973 1.2845 0.0606217831
v -0.860008061 1.2845 0.0576547384
v -0.883244753 1.2845 0.0490440503
v -0.901685536 1.2845 0.0356325842
v -0.913525224 1.2845 0.0187331624
v -0.917604923 1.2845 -5.29972422e-09
v -0.913525224 1.2845 -0.0187331755
v -0.901685536 1.2845 -0.0356326066
v -0.883244812 1.2845 -0.0490440428
v -0.860008061 1.2845 -0.0576547384
v -0.834249973 1.2845 -0.0606217831
v -0.808491886 1.2845 -0.0576547384
v -0.785255134 1.2845 -0.0490440428
v -0.766814411 1.2845 -0.0356325917
v -0.754974723 1.2845 -0.0187331587
v -0.750895023 1.2845 1.05994484e-08
v -0.737999976 1.26874995 0
v -0.742710769 1.26874995 0.0216311906
v -0.756382108 1.26874995 0.0411449671
v -0.777675629 1.26874995 0.0566311963
v -0.804507077 1.26874995 0.0665739551
v -0.834249973 1.26874995 0.0700000003
v -0.86399287 1.26874995 0.0665739551
v -0.890824318 1.26874995 0.0566311888
v -0.912117839 1.26874995 0.0411449634
v -0.925789177 1.26874995 0.0216311924
v -0.930499971 1.26874995 -6.11959416e-09
v -0.925789177 1.26874995 -0.0216312055
v -0.912117839 1.26874995 -0.0411449894
v -0.890824318 1.26874995 -0.0566311777
v -0.86399287 1.26874995 -0.0665739551
v -0.834249973 1.26874995 -0.0700000003
v -0.804507077 1.26874995 -0.0665739551
v -0.777675629 1.26874995 -0.0566311777
v -0.756382108 1.26874995 -0.0411449708
v -0.742710769 1.26874995 -0.0216311868
v -0.737999976 1.26874995 1.22391883e-08
v -0.750895023 1.2529999 0
v -0.754974723 1.2529999 0.0187331606
v -0.766814411 1.2529999 0.035632588
v -0.785255194 1.2529999 0.0490440503
v -0.808491886 1.2529999 0.0576547384
v -0.834249973 1.2529999 0.0606217757
v -0.860008061 1.2529999 0.057654731
v -0.883244753 1.2529999 0.0490440466
v -0.901685536 1.2529999 0.0356325842
v -0.913525224 1.2529999 0.0187331624
v -0.917604923 1.2529999 -5.29972422e-09
v -0.913525224 1.2529999 -0.0187331717
v -0.901685536 1.2529999 -0.0356326029
v -0.883244812 1.2529999 -0.0490440391
v -0.860008061 1.2529999 -0.057654731
v -0.834249973 1.2529999 -0.0606217757
v -0.808491886 1.2529999 -0.057654731
v -0.785255134 1.2529999 -0.0490440391
v -0.766814411 1.2529999 -0.0356325917
v -0.754974723 1.2529999 -0.018733155
v -0.750895023 1.2529999 1.05994484e-08
v -0.786124945 1.2414701 0
v -0.788480401 1.2414701 0.0108155962
v -0.795316041 1.2414701 0.0205724854
v -0.805962801 1.2414701 0.0283156019
v -0.819378555 1.2414701 0.033286985
v -0.834249973 1.2414701 0.0350000039
v -0.849121451 1.2414701 0.0332869813
v -0.862537146 1.2414701 0.0283156
v -0.873183906 1.2414701 0.0205724835
v -0.880019546 1.2414701 0.0108155971
v -0.882375002 1.2414701 -3.05979753e-09
v -0.880019546 1.2414701 -0.0108156037
v -0.873183906 1.2414701 -0.0205724966
v -0.862537146 1.2414701 -0.0283155926
v -0.849121451 1.2414701 -0.0332869813
v -0.834249973 1.2414701 -0.0350000039
v -0.819378495 1.2414701 -0.0332869813
v -0.805962801 1.2414701 -0.0283155926
v -0.795316041 1.2414701 -0.0205724873
v -0.788480401 1.2414701 -0.0108155943
v -0.786124945 1.2414701 6.11959505e-09
v -0.834249973 1.23724997 0
v -0.834249973 1.23724997 -1.89105864e-09
v -0.834249973 1.23724997 -3.59700736e-09
v -0.834249973 1.23724997 -4.95085617e-09
v -0.834249973 1.23724997 -5.82007997e-09
v -0.834249973 1.23724997 -6.11959416e-09
v -0.834249973 1.23724997 -5.82007953e-09
v -0.834249973 1.23724997 -4.95085617e-09
v -0.834249973 1.23724997 -3.59700669e-09
v -0.834249973 1.23724997 -1.89105887e-09
v -0.834249973 1.23724997 5.34991939e-16
v -0.834249973 1.23724997 1.89105998e-09
v -0.834249973 1.23724997 3.59700913e-09
v -0.834249973 1.23724997 4.95085484e-09
v -0.834249973 1.23724997 5.82007953e-09
v -0.834249973 1.23724997 6.11959416e-09
v -0.834249973 1.23724997 5.82007953e-09
v -0.834249973 1.23724997 4.95085484e-09
v -0.834249973 1.23724997 3.59700758e-09
v -0.834249973 1.23724997 1.89105842e-09
v -0.834249973 1.23724997 -1.06998388e-15
v 0.0752499998 1.34749997 -0.078749992
v 0.0797424242 1.37141681 -0.0748956949
v 0.0837951079 1.3929925 -0.063710086
v 0.0870113298 1.410115 -0.0462880842
v 0.0890762731 1.42110837 -0.0243350845
v 0.0897878036 1.42489648 3.44227158e-09
v 0.0890762657 1.42110837 0.0243350882
v 0.0870113224 1.410115 0.0462880954
v 0.0837951005 1.3929925 0.063710086
v 0.0797424316 1.37141681 0.0748956949
v 0.0752499998 1.34749997 0.078749992
v 0.0707575679 1.32358313 0.0748956874
v 0.0667048916 1.30200744 0.0637100786
v 0.0634886697 1.28488493 0.0462880693
v 0.0614237264 1.27389157 0.0243350584
v 0.0607121997 1.27010345 -9.39084255e-10
v 0.0614237301 1.27389157 -0.0243350957
v 0.0634886771 1.28488493 -0.0462881029
v 0.0667048916 1.30200744 -0.0637100786
v 0.0707575753 1.32358313 -0.0748956949
v 0.0752499998 1.34749997 -0.078749992
v 0.0985416695 1.34312499 -0.0816666558
v 0.10320048 1.36792767 -0.0776696131
v 0.107403263 1.39030242 -0.0660697147
v 0.110738605 1.40805912 -0.0480024554
v 0.112880021 1.41945958 -0.0252363831
v 0.113617904 1.423388 3.56976293e-09
v 0.112880021 1.41945958 0.0252363868
v 0.110738598 1.40805912 0.0480024703
v 0.107403256 1.39030242 0.0660697222
v 0.10320048 1.36792767 0.0776696056
v 0.0985416695 1.34312499 0.0816666558
v 0.0938828513 1.3183223 0.0776695982
v 0.0896800756 1.29594755 0.0660697073
v 0.0863447338 1.27819085 0.0480024405
v 0.0842033178 1.26679039 0.0252363551
v 0.0834654346 1.26286197 -9.738651e-10
v 0.0842033178 1.26679039 -0.0252363943
v 0.0863447413 1.27819085 -0.048002474
v 0.0896800756 1.29594755 -0.0660697073
v 0.0938828588 1.3183223 -0.0776696131
v 0.0985416695 1.34312499 -0.0816666558
v 0.121833339 1.33875 -0.0845833272
v 0.126658544 1.36443841 -0.0804435313
v 0.131011412 1.38761234 -0.0684293509
v 0.134465873 1.40600324 -0.0497168303
v 0.136683777 1.41781092 -0.0261376835
v 0.137448013 1.42187953 3.69725472e-09
v 0.136683777 1.41781092 0.0261376891
v 0.134465873 1.40600324 0.0497168452
v 0.131011412 1.38761234 0.0684293583
v 0.126658544 1.36443841 0.0804435238
v 0.121833339 1.33875 0.0845833272
v 0.117008135 1.31306159 0.0804435164
v 0.11265526 1.28988767 0.0684293434
v 0.109200798 1.27149677 0.0497168154
v 0.106982902 1.25968909 0.0261376556
v 0.106218666 1.25562048 -1.00864606e-09
v 0.106982902 1.25968909 -0.0261376966
v 0.109200805 1.27149677 -0.0497168526
v 0.11265526 1.28988767 -0.0684293434
v 0.117008142 1.31306159 -0.0804435313
v 0.121833339 1.33875 -0.0845833272
v 0.145125002 1.3343749 -0.0874999911
v 0.150116593 1.36094916 -0.083217442
v 0.15461956 1.38492215 -0.0707889795
v 0.158193141 1.40394723 -0.0514312014
v 0.160487533 1.41616201 -0.0270389821
v 0.161278114 1.42037094 3.8247463e-09
v 0.160487518 1.41616201 0.0270389877
v 0.158193141 1.40394723 0.05143122
v 0.15461956 1.38492215 0.070788987
v 0.150116593 1.36094916 0.0832174346
v 0.145125002 1.3343749 0.0874999911
v 0.140133411 1.30780065 0.0832174271
v 0.135630444 1.28382766 0.0707889795
v 0.132056862 1.26480258 0.0514311865
v 0.129762471 1.2525878 0.0270389542
v 0.12897189 1.24837887 -1.04342701e-09
v 0.129762486 1.2525878 -0.0270389952
v 0.132056862 1.26480258 -0.0514312238
v 0.135630444 1.28382766 -0.0707889795
v 0.140133411 1.30780065 -0.083217442
v 0.145125002 1.3343749 -0.0874999911
v 0.168416679 1.32999992 -0.0904166549
v 0.173574656 1.35746002 -0.0859913528
v 0.178227723 1.38223207 -0.0731486082
v 0.181920424 1.40189123 -0.0531455763
v 0.184291288 1.41451335 -0.0279402807
v 0.18510823 1.41886258 3.95223765e-09
v 0.184291288 1.41451323 0.0279402863
v 0.181920424 1.40189123 0.0531455912
v 0.178227723 1.38223207 0.0731486157
v 0.173574656 1.35746002 0.0859913453
v 0.168416679 1.32999992 0.0904166549
v 0.163258702 1.30253983 0.0859913453
v 0.158605635 1.27776778 0.0731486082
v 0.154912934 1.2581085 0.0531455576
v 0.15254207 1.2454865 0.0279402509
v 0.151725128 1.24113727 -1.07820786e-09
v 0.15254207 1.24548662 -0.0279402938
v 0.154912934 1.25810862 -0.0531455949
v 0.158605635 1.27776778 -0.0731486082
v 0.163258702 1.30253983 -0.0859913528
v 0.168416679 1.32999992 -0.0904166549
v 0.191708326 1.32562494 -0.0933333263
v 0.19703269 1.35397077 -0.088765271
v 0.201835856 1.37954199 -0.0755082518
v 0.205647677 1.39983535 -0.0548599511
v 0.208095014 1.41286457 -0.0288415812
v 0.208938316 1.41735411 4.07972944e-09
v 0.208095014 1.41286457 0.0288415868
v 0.205647677 1.39983535 0.054859966
v 0.201835856 1.37954199 0.0755082518
v 0.19703269 1.35397077 0.0887652636
v 0.191708326 1.32562494 0.0933333263
v 0.186383963 1.297279 0.0887652636
v 0.181580797 1.27170789 0.0755082443
v 0.177768975 1.25141454 0.0548599325
v 0.175321639 1.23838532 0.0288415514
v 0.174478337 1.23389578 -1.11298881e-09
v 0.175321639 1.23838532 -0.0288415961
v 0.177768975 1.25141454 -0.0548599735
v 0.181580797 1.27170789 -0.0755082443
v 0.186383963 1.29727912 -0.088765271
v 0.191708326 1.32562494 -0.0933333263
v 0.215000004 1.32124996 -0.0962499902
v 0.220490754 1.35048163 -0.0915391818
v 0.225444019 1.37685192 -0.0778678805
v 0.22937496 1.39777946 -0.0565743223
v 0.231898785 1.41121578 -0.0297428798
v 0.232768431 1.41584563 4.20722079e-09
v 0.231898785 1.41121578 0.0297428854
v 0.22937496 1.39777946 0.0565743409
v 0.225444019 1.37685192 0.0778678879
v 0.220490754 1.35048163 0.0915391818
v 0.215000004 1.32124996 0.0962499902
v 0.209509254 1.29201829 0.0915391743
v 0.204555988 1.26564801 0.077867873
v 0.200625047 1.24472046 0.0565743037
v 0.198101223 1.23128414 0.0297428481
v 0.197231576 1.22665429 -1.14776966e-09
v 0.198101223 1.23128414 -0.0297428947
v 0.200625047 1.24472046 -0.0565743446
v 0.204555988 1.26564801 -0.077867873
v 0.209509254 1.29201829 -0.0915391818
v 0.215000004 1.32124996 -0.0962499902
v 0.215000004 1.32124996 -0.0896350071
v 0.218303144 1.34875107 -0.0852479562
v 0.221282959 1.37356007 -0.0725162476
v 0.223647758 1.39324868 -0.0526861362
v 0.225166038 1.40588963 -0.0276987385
v 0.225689217 1.4102453 3.91807076e-09
v 0.225166038 1.40588963 0.0276987441
v 0.223647758 1.39324868 0.0526861511
v 0.221282959 1.37356007 0.0725162476
v 0.218303144 1.34875107 0.0852479562
v 0.215000004 1.32124996 0.0896350071
v 0.211696848 1.29374886 0.0852479488
v 0.208717048 1.26893973 0.0725162402
v 0.206352249 1.24925113 0.0526861176
v 0.204833955 1.23661029 0.0276987087
v 0.20431079 1.23225462 -1.06888676e-09
v 0.204833969 1.23661029 -0.0276987515
v 0.206352249 1.24925125 -0.0526861548
v 0.208717048 1.26893973 -0.0725162402
v 0.211696863 1.29374886 -0.0852479562
v 0.215000004 1.32124996 -0.0896350071
v 0.251424998 1.31687498 -0.0870493799
v 0.25463286 1.34358275 -0.0827888846
v 0.257526726 1.36767626 -0.0704244301
v 0.259823292 1.38679683 -0.0511663407
v 0.261297792 1.39907312 -0.0268997364
v 0.261805862 1.40330315 3.80504916e-09
v 0.261297792 1.39907312 0.026899742
v 0.259823292 1.38679683 0.0511663556
v 0.257526726 1.36767614 0.0704244301
v 0.25463286 1.34358275 0.0827888772
v 0.251424998 1.31687498 0.0870493799
v 0.248217136 1.29016721 0.0827888697
v 0.245323271 1.2660737 0.0704244226
v 0.243026704 1.24695313 0.0511663258
v 0.241552204 1.23467684 0.0268997066
v 0.241044134 1.23044682 -1.03805342e-09
v 0.241552204 1.23467684 -0.0268997494
v 0.243026704 1.24695313 -0.0511663631
v 0.245323271 1.2660737 -0.0704244226
v 0.248217136 1.29016721 -0.0827888846
v 0.251424998 1.31687498 -0.0870493799
v 0.287849993 1.3125 -0.0844637603
v 0.290962577 1.33841443 -0.0803298131
v 0.293770462 1.36179233 -0.06833262
v 0.295998842 1.38034499 -0.0496465527
v 0.297429532 1.39225662 -0.0261007361
v 0.297922522 1.39636099 3.69202824e-09
v 0.297429532 1.39225662 0.0261007398
v 0.295998842 1.38034499 0.0496465676
v 0.293770462 1.36179233 0.06833262
v 0.290962577 1.33841443 0.0803298056
v 0.287849993 1.3125 0.0844637603
v 0.284737408 1.28658545 0.0803297982
v 0.281929523 1.26320767 0.0683326125
v 0.279701144 1.24465501 0.0496465378
v 0.278270453 1.23274338 0.0261007082
v 0.277777463 1.22863901 -1.00722031e-09
v 0.278270453 1.23274338 -0.0261007473
v 0.279701144 1.24465501 -0.0496465713
v 0.281929523 1.26320767 -0.0683326125
v 0.284737408 1.28658557 -0.0803298131
v 0.287849993 1.3125 -0.0844637603
v 0.324275017 1.30812502 -0.0818781331
v 0.327292323 1.33324623 -0.077870734
v 0.330014259 1.35590839 -0.0662408024
v 0.332174391 1.37389314 -0.0481267571
v 0.333561301 1.38544011 -0.0253017321
v 0.334039211 1.38941884 3.57900687e-09
v 0.333561301 1.38544011 0.0253017377
v 0.332174391 1.37389314 0.048126772
v 0.330014259 1.35590839 0.0662408099
v 0.327292323 1.33324623 0.0778707266
v 0.324275017 1.30812502 0.0818781331
v 0.32125771 1.28300381 0.0778707266
v 0.318535775 1.26034164 0.066240795
v 0.316375613 1.2423569 0.0481267422
v 0.314988732 1.23080993 0.025301706
v 0.314510822 1.2268312 -9.76386971e-10
v 0.314988732 1.23080993 -0.0253017452
v 0.316375643 1.2423569 -0.0481267795
v 0.318535775 1.26034164 -0.066240795
v 0.32125771 1.28300381 -0.077870734
v 0.324275017 1.30812502 -0.0818781331
v 0.360700011 1.30375004 -0.079292506
v 0.36362204 1.32807791 -0.075411655
v 0.366258025 1.35002446 -0.0641489848
v 0.36834994 1.3674413 -0.0466069654
v 0.369693041 1.3786236 -0.02450273
v 0.370155841 1.38247669 3.4659855e-09
v 0.369693041 1.3786236 0.0245027356
v 0.36834994 1.3674413 0.0466069803
v 0.366258025 1.35002446 0.0641489923
v 0.36362204 1.32807791 0.075411655
v 0.360700011 1.30375004 0.079292506
v 0.357777983 1.27942216 0.0754116476
v 0.355141997 1.25747561 0.0641489774
v 0.353050083 1.24005878 0.0466069505
v 0.351706982 1.22887647 0.0245027039
v 0.351244181 1.22502339 -9.45553635e-10
v 0.351706982 1.22887647 -0.0245027412
v 0.353050083 1.2400589 -0.046606984
v 0.355141997 1.25747561 -0.0641489774
v 0.357777983 1.27942216 -0.075411655
v 0.360700011 1.30375004 -0.079292506
v 0.397125006 1.29937494 -0.0767068788
v 0.399951726 1.32290947 -0.072952576
v 0.402501762 1.34414041 -0.062057171
v 0.404525489 1.36098921 -0.0450871699
v 0.40582478 1.37180698 -0.0237037279
v 0.406272501 1.37553442 3.35296413e-09
v 0.40582478 1.37180686 0.0237037316
v 0.404525489 1.36098921 0.0450871848
v 0.402501762 1.34414041 0.0620571747
v 0.399951726 1.32290947 0.072952576
v 0.397125006 1.29937494 0.0767068788
v 0.394298285 1.2758404 0.0729525685
v 0.39174825 1.25460947 0.0620571636
v 0.389724523 1.23776054 0.0450871587
v 0.388425231 1.2269429 0.0237037018
v 0.387977511 1.22321546 -9.14720355e-10
v 0.388425231 1.22694302 -0.023703739
v 0.389724523 1.23776066 -0.0450871885
v 0.39174825 1.25460947 -0.0620571636
v 0.394298285 1.2758404 -0.072952576
v 0.397125006 1.29937494 -0.0767068788
v 0.43355 1.29499996 -0.0741212517
v 0.436281443 1.31774127 -0.0704935044
v 0.438745528 1.33825648 -0.0599653535
v 0.440701038 1.35453737 -0.0435673781
v 0.44195652 1.36499047 -0.0229047257
v 0.44238916 1.36859226 3.23994276e-09
v 0.44195652 1.36499047 0.0229047295
v 0.440701038 1.35453737 0.043567393
v 0.438745528 1.33825648 0.0599653572
v 0.436281443 1.31774127 0.070493497
v 0.43355 1.29499996 0.0741212517
v 0.430818558 1.27225864 0.0704934895
v 0.428354472 1.25174344 0.0599653497
v 0.426398963 1.23546255 0.0435673632
v 0.42514348 1.22500944 0.0229046997
v 0.42471084 1.22140765 -8.83887075e-10
v 0.42514348 1.22500944 -0.0229047351
v 0.426398993 1.23546255 -0.0435673967
v 0.428354472 1.25174344 -0.0599653497
v 0.430818558 1.27225864 -0.0704935044
v 0.43355 1.29499996 -0.0741212517
v 0.469974995 1.29062498 -0.071535632
v 0.472611159 1.31257296 -0.0680344328
v 0.474989265 1.33237255 -0.0578735434
v 0.476876557 1.34808552 -0.04204759
v 0.478088289 1.35817397 -0.0221057236
v 0.47850579 1.36165011 3.12692183e-09
v 0.478088289 1.35817385 0.0221057292
v 0.476876557 1.34808552 0.0420476012
v 0.474989265 1.33237255 0.0578735471
v 0.472611159 1.31257296 0.0680344254
v 0.469974995 1.29062498 0.071535632
v 0.46733883 1.268677 0.0680344254
v 0.464960694 1.24887741 0.0578735396
v 0.463073432 1.23316443 0.0420475751
v 0.4618617 1.22307599 0.0221057013
v 0.461444199 1.21959984 -8.5305385e-10
v 0.4618617 1.22307611 -0.0221057348
v 0.463073432 1.23316443 -0.0420476049
v 0.464960724 1.24887741 -0.0578735396
v 0.46733883 1.268677 -0.0680344328
v 0.469974995 1.29062498 -0.071535632
v 0.506399989 1.28625 -0.0689500049
v 0.508940876 1.30740464 -0.0655753538
v 0.511233032 1.32648861 -0.0557817258
v 0.513052106 1.34163368 -0.0405277945
v 0.514219999 1.35135746 -0.0213067215
v 0.51462245 1.35470796 3.01390046e-09
v 0.514219999 1.35135746 0.0213067252
v 0.513052106 1.34163368 0.0405278094
v 0.511233032 1.32648861 0.0557817295
v 0.508940876 1.30740464 0.0655753464
v 0.506399989 1.28625 0.0689500049
v 0.503859103 1.26509535 0.0655753464
v 0.501566947 1.24601138 0.0557817221
v 0.499747872 1.23086631 0.0405277833
v 0.498579949 1.22114253 0.0213066991
v 0.498177528 1.21779203 -8.22220569e-10
v 0.498579949 1.22114253 -0.0213067327
v 0.499747872 1.23086631 -0.0405278131
v 0.501566947 1.24601138 -0.0557817221
v 0.503859103 1.26509535 -0.0655753538
v 0.506399989 1.28625 -0.0689500049
v 0.506399989 1.28625 -0.0706737414
v 0.507830501 1.30804253 -0.0672147274
v 0.509120941 1.32770181 -0.0571762584
v 0.510145068 1.34330344 -0.0415409841
v 0.510802567 1.35332036 -0.0218393859
v 0.511029184 1.35677195 3.08924752e-09
v 0.510802567 1.35332036 0.0218393896
v 0.510145068 1.34330344 0.0415409952
v 0.509120941 1.32770181 0.0571762659
v 0.507830501 1.30804253 0.06721472
v 0.506399989 1.28625 0.0706737414
v 0.504969478 1.26445746 0.06721472
v 0.503679037 1.24479818 0.0571762547
v 0.50265491 1.22919655 0.0415409692
v 0.501997411 1.21917963 0.0218393635
v 0.501770794 1.21572804 -8.4277596e-10
v 0.501997411 1.21917963 -0.021839397
v 0.50265491 1.22919655 -0.041540999
v 0.503679037 1.24479818 -0.0571762547
v 0.504969478 1.26445746 -0.0672147274
v 0.506399989 1.28625 -0.0706737414
v 0.539725006 1.2840625 -0.0675270259
v 0.5410918 1.30488467 -0.0642220229
v 0.542324841 1.32366872 -0.0546305142
v 0.543303311 1.33857572 -0.0396913886
v 0.543931603 1.34814656 -0.0208669975
v 0.544148088 1.35144448 2.95170022e-09
v 0.543931603 1.34814656 0.0208670013
v 0.543303311 1.33857572 0.0396914035
v 0.542324841 1.3236686 0.054630518
v 0.5410918 1.30488467 0.0642220154
v 0.539725006 1.2840625 0.0675270259
v 0.538358212 1.26324034 0.0642220154
v 0.53712517 1.24445629 0.0546305105
v 0.5361467 1.22954929 0.0396913774
v 0.535518408 1.21997845 0.0208669752
v 0.535301924 1.21668053 -8.05251754e-10
v 0.535518408 1.21997845 -0.0208670069
v 0.5361467 1.22954929 -0.0396914072
v 0.53712517 1.24445629 -0.0546305105
v 0.538358212 1.26324034 -0.0642220229
v 0.539725006 1.2840625 -0.0675270259
v 0.573050022 1.28187501 -0.064380303
v 0.574353158 1.30172694 -0.0612293109
v 0.575528681 1.31963551 -0.0520847626
v 0.576461613 1.33384788 -0.0378417931
v 0.57706058 1.34297287 -0.0198946074
v 0.577266991 1.34611702 2.81415247e-09
v 0.57706058 1.34297287 0.0198946111
v 0.576461613 1.33384788 0.0378418043
v 0.575528681 1.31963551 0.0520847663
v 0.574353158 1.30172694 0.0612293072
v 0.573050022 1.28187501 0.064380303
v 0.571746886 1.26202309 0.0612293035
v 0.570571363 1.24411452 0.0520847589
v 0.569638431 1.22990215 0.037841782
v 0.569039464 1.22077715 0.019894585
v 0.568833053 1.21763301 -7.67727437e-10
v 0.569039464 1.22077715 -0.0198946167
v 0.569638431 1.22990215 -0.0378418081
v 0.570571363 1.24411452 -0.0520847589
v 0.571746886 1.26202309 -0.0612293109
v 0.573050022 1.28187501 -0.064380303
v 0.606374979 1.27968752 -0.0612335913
v 0.607614398 1.29856908 -0.0582366064
v 0.608732462 1.31560242 -0.0495390147
v 0.609619796 1.32912016 -0.0359922014
v 0.610189497 1.33779907 -0.0189222191
v 0.610385835 1.34078956 2.67660516e-09
v 0.610189497 1.33779907 0.0189222228
v 0.609619796 1.32912016 0.0359922126
v 0.608732462 1.31560242 0.0495390184
v 0.607614398 1.29856908 0.0582366027
v 0.606374979 1.27968752 0.0612335913
v 0.60513556 1.26080596 0.058236599
v 0.604017496 1.24377263 0.049539011
v 0.603130162 1.23025489 0.0359921902
v 0.602560461 1.22157598 0.0189221986
v 0.602364123 1.21858549 -7.30203231e-10
v 0.602560461 1.22157598 -0.0189222284
v 0.603130162 1.23025489 -0.0359922163
v 0.604017496 1.24377263 -0.049539011
v 0.60513556 1.26080596 -0.0582366064
v 0.606374979 1.27968752 -0.0612335913
v 0.639699996 1.27749991 -0.0580868721
v 0.640875697 1.29541123 -0.0552438982
v 0.641936362 1.31156921 -0.0469932668
v 0.642778099 1.32439232 -0.034142606
v 0.643318534 1.33262515 -0.0179498289
v 0.643504739 1.33546209 2.53905785e-09
v 0.643318474 1.33262515 0.0179498326
v 0.642778099 1.3243922 0.0341426171
v 0.641936362 1.31156921 0.0469932705
v 0.640875697 1.29541123 0.0552438945
v 0.639699996 1.27749991 0.0580868721
v 0.638524294 1.2595886 0.0552438945
v 0.637463629 1.24343061 0.0469932631
v 0.636621892 1.23060751 0.0341425948
v 0.636081457 1.22237468 0.0179498103
v 0.635895252 1.21953773 -6.92679025e-10
v 0.636081517 1.22237468 -0.0179498382
v 0.636621892 1.23060763 -0.0341426171
v 0.637463629 1.24343061 -0.0469932631
v 0.638524294 1.2595886 -0.0552438982
v 0.639699996 1.27749991 -0.0580868721
v 0.673025012 1.27531242 -0.0549401529
v 0.674137056 1.29225338 -0.0522511937
v 0.675140202 1.30753613 -0.0444475189
v 0.675936341 1.31966448 -0.0322930105
v 0.676447511 1.32745135 -0.0169774387
v 0.676623642 1.33013463 2.40151032e-09
v 0.676447511 1.32745135 0.0169774424
v 0.675936341 1.31966448 0.0322930217
v 0.675140202 1.30753613 0.0444475226
v 0.674137056 1.29225338 0.0522511899
v 0.673025012 1.27531242 0.0549401529
v 0.671912968 1.25837147 0.0522511862
v 0.670909822 1.24308872 0.0444475152
v 0.670113683 1.23096037 0.0322929993
v 0.669602513 1.22317338 0.0169774219
v 0.669426382 1.22049022 -6.55154764e-10
v 0.669602513 1.2231735 -0.016977448
v 0.670113683 1.23096037 -0.0322930217
v 0.670909822 1.24308872 -0.0444475152
v 0.671912968 1.25837147 -0.0522511937
v 0.673025012 1.27531242 -0.0549401529
v 0.706349969 1.27312493 -0.0517934375
v 0.707398295 1.28909564 -0.0492584892
v 0.708344042 1.30350292 -0.041901771
v 0.709094584 1.31493676 -0.0304434169
v 0.709576428 1.32227767 -0.0160050504
v 0.709742486 1.32480717 2.26396302e-09
v 0.709576428 1.32227767 0.0160050541
v 0.709094584 1.31493676 0.0304434262
v 0.708344042 1.30350292 0.0419017747
v 0.707398295 1.28909564 0.0492584854
v 0.706349969 1.27312493 0.0517934375
v 0.705301642 1.25715423 0.0492584817
v 0.704355896 1.24274683 0.0419017673
v 0.703605354 1.23131311 0.0304434076
v 0.70312351 1.2239722 0.0160050336
v 0.702957451 1.2214427 -6.17630558e-10
v 0.70312351 1.2239722 -0.0160050578
v 0.703605354 1.23131311 -0.0304434299
v 0.704355896 1.24274683 -0.0419017673
v 0.705301642 1.25715423 -0.0492584892
v 0.706349969 1.27312493 -0.0517934375
v 0.739674985 1.27093744 -0.0486467183
v 0.740659654 1.28593779 -0.0462657809
v 0.741547883 1.29946983 -0.0393560231
v 0.742252827 1.31020892 -0.0285938233
v 0.742705405 1.31710386 -0.0150326611
v 0.74286139 1.3194797 2.12641549e-09
v 0.742705405 1.31710386 0.0150326639
v 0.742252827 1.31020892 0.0285938308
v 0.741547883 1.29946983 0.0393560268
v 0.740659654 1.28593779 0.0462657772
v 0.739674985 1.27093744 0.0486467183
v 0.738690317 1.2559371 0.0462657735
v 0.737802088 1.24240506 0.0393560193
v 0.737097144 1.23166597 0.028593814
v 0.736644566 1.22477102 0.0150326453
v 0.736488581 1.22239518 -5.80106296e-10
v 0.736644566 1.22477102 -0.0150326686
v 0.737097144 1.23166597 -0.0285938345
v 0.737802088 1.24240506 -0.0393560193
v 0.738690317 1.2559371 -0.0462657809
v 0.739674985 1.27093744 -0.0486467183
v 0.773000002 1.26874995 -0.0454999991
v 0.773920953 1.28278005 -0.0432730727
v 0.774751782 1.29543674 -0.0368102714
v 0.775411069 1.3054812 -0.0267442279
v 0.775834441 1.31193006 -0.0140602719
v 0.775980294 1.31415224 1.98886818e-09
v 0.775834441 1.31193006 0.0140602747
v 0.775411069 1.3054812 0.0267442353
v 0.774751782 1.29543674 0.0368102752
v 0.773920953 1.28278005 0.043273069
v 0.773000002 1.26874995 0.0454999991
v 0.772079051 1.25471985 0.0432730652
v 0.771248221 1.24206316 0.0368102714
v 0.770588934 1.23201871 0.0267442185
v 0.770165563 1.22556984 0.014060257
v 0.77001971 1.22334766 -5.42582035e-10
v 0.770165563 1.22556984 -0.0140602784
v 0.770588934 1.23201871 -0.026744239
v 0.771248221 1.24206316 -0.0368102714
v 0.772079051 1.25471985 -0.0432730727
v 0.773000002 1.26874995 -0.0454999991
v 0.834249973 1.30024993 0
v 0.834249973 1.30024993 0
v 0.834249973 1.30024993 0
v 0.834249973 1.30024993 0
v 0.834249973 1.30024993 0
v 0.834249973 1.30024993 0
v 0.834249973 1.30024993 0
v 0.834249973 1.30024993 0
v 0.834249973 1.30024993 0
v 0.834249973 1.30024993 0
v 0.834249973 1.30024993 0
v 0.834249973 1.30024993 0
v 0.834249973 1.30024993 0
v 0.834249973 1.30024993 0
v 0.834249973 1.30024993 0
v 0.834249973 1.30024993 0
v 0.834249973 1.30024993 0
v 0.834249973 1.30024993 0
v 0.834249973 1.30024993 0
v 0.834249973 1.30024993 0
v 0.834249973 1.30024993 0
v 0.882375002 1.29602981 0
v 0.880019546 1.29602981 0.0108155953
v 0.873183906 1.29602981 0.0205724835
v 0.862537146 1.29602981 0.0283155981
v 0.849121392 1.29602981 0.0332869776
v 0.834249973 1.29602981 0.0350000001
v 0.819378495 1.29602981 0.0332869776
v 0.805962801 1.29602981 0.0283155944
v 0.795316041 1.29602981 0.0205724817
v 0.788480401 1.29602981 0.0108155962
v 0.786124945 1.29602981 -3.05979708e-09
v 0.788480401 1.29602981 -0.0108156027
v 0.795316041 1.29602981 -0.0205724947
v 0.805962801 1.29602981 -0.0283155888
v 0.819378555 1.29602981 -0.0332869776
v 0.834249973 1.29602981 -0.0350000001
v 0.849121451 1.29602981 -0.0332869776
v 0.862537146 1.29602981 -0.0283155888
v 0.873183906 1.29602981 -0.0205724854
v 0.880019546 1.29602981 -0.0108155934
v 0.882375002 1.29602981 6.11959416e-09
v 0.917604923 1.2845 0
v 0.913525224 1.2845 0.0187331624
v 0.901685536 1.2845 0.035632588
v 0.883244753 1.2845 0.049044054
v 0.860008061 1.2845 0.0576547422
v 0.834249973 1.2845 0.0606217831
v 0.808491886 1.2845 0.0576547384
v 0.785255194 1.2845 0.0490440503
v 0.766814411 1.2845 0.0356325842
v 0.754974723 1.2845 0.0187331624
v 0.750895023 1.2845 -5.29972422e-09
v 0.754974723 1.2845 -0.0187331755
v 0.766814411 1.2845 -0.0356326066
v 0.785255134 1.2845 -0.0490440428
v 0.808491886 1.2845 -0.0576547384
v 0.834249973 1.2845 -0.0606217831
v 0.860008061 1.2845 -0.0576547384
v 0.883244812 1.2845 -0.0490440428
v 0.901685536 1.2845 -0.0356325917
v 0.913525224 1.2845 -0.0187331587
v 0.917604923 1.2845 1.05994484e-08
v 0.930499971 1.26874995 0
v 0.925789177 1.26874995 0.0216311906
v 0.912117839 1.26874995 0.0411449671
v 0.890824318 1.26874995 0.0566311963
v 0.86399287 1.26874995 0.0665739551
v 0.834249973 1.26874995 0.0700000003
v 0.804507077 1.26874995 0.0665739551
v 0.777675629 1.26874995 0.0566311888
v 0.756382108 1.26874995 0.0411449634
v 0.742710769 1.26874995 0.0216311924
v 0.737999976 1.26874995 -6.11959416e-09
v 0.742710769 1.26874995 -0.0216312055
v 0.756382108 1.26874995 -0.0411449894
v 0.777675629 1.26874995 -0.0566311777
v 0.804507077 1.26874995 -0.0665739551
v 0.834249973 1.26874995 -0.0700000003
v 0.86399287 1.26874995 -0.0665739551
v 0.890824318 1.26874995 -0.0566311777
v 0.912117839 1.26874995 -0.0411449708
v 0.925789177 1.26874995 -0.0216311868
v 0.930499971 1.26874995 1.22391883e-08
v 0.917604923 1.2529999 0
v 0.913525224 1.2529999 0.0187331606
v 0.901685536 1.2529999 0.035632588
v 0.883244753 1.2529999 0.0490440503
v 0.860008061 1.2529999 0.0576547384
v 0.834249973 1.2529999 0.0606217757
v 0.808491886 1.2529999 0.057654731
v 0.785255194 1.2529999 0.0490440466
v 0.766814411 1.2529999 0.0356325842
v 0.754974723 1.2529999 0.0187331624
v 0.750895023 1.2529999 -5.29972422e-09
v 0.754974723 1.2529999 -0.0187331717
v 0.766814411 1.2529999 -0.0356326029
v 0.785255134 1.2529999 -0.0490440391
v 0.808491886 1.2529999 -0.057654731
v 0.834249973 1.2529999 -0.0606217757
v 0.860008061 1.2529999 -0.057654731
v 0.883244812 1.2529999 -0.0490440391
v 0.901685536 1.2529999 -0.0356325917
v 0.913525224 1.2529999 -0.018733155
v 0.917604923 1.2529999 1.05994484e-08
v 0.882375002 1.2414701 0
v 0.880019546 1.2414701 0.0108155962
v 0.873183906 1.2414701 0.0205724854
v 0.862537146 1.2414701 0.0283156019
v 0.849121392 1.2414701 0.033286985
v 0.834249973 1.2414701 0.0350000039
v 0.819378495 1.2414701 0.0332869813
v 0.805962801 1.2414701 0.0283156
v 0.795316041 1.2414701 0.0205724835
v 0.788480401 1.2414701 0.0108155971
v 0.786124945 1.2414701 -3.05979753e-09
v 0.788480401 1.2414701 -0.0108156037
v 0.795316041 1.2414701 -0.0205724966
v 0.805962801 1.2414701 -0.0283155926
v 0.819378495 1.2414701 -0.0332869813
v 0.834249973 1.2414701 -0.0350000039
v 0.849121451 1.2414701 -0.0332869813
v 0.862537146 1.2414701 -0.0283155926
v 0.873183906 1.2414701 -0.0205724873
v 0.880019546 1.2414701 -0.0108155943
v 0.882375002 1.2414701 6.11959505e-09
v 0.834249973 1.23724997 0
v 0.834249973 1.23724997 -1.89105864e-09
v 0.834249973 1.23724997 -3.59700736e-09
v 0.834249973 1.23724997 -4.95085617e-09
v 0.834249973 1.23724997 -5.82007997e-09
v 0.834249973 1.23724997 -6.11959416e-09
v 0.834249973 1.23724997 -5.82007953e-09
v 0.834249973 1.23724997 -4.95085617e-09
v 0.834249973 1.23724997 -3.59700669e-09
v 0.834249973 1.23724997 -1.89105887e-09
v 0.834249973 1.23724997 5.34991939e-16
v 0.834249973 1.23724997 1.89105998e-09
v 0.834249973 1.23724997 3.59700913e-09
v 0.834249973 1.23724997 4.95085484e-09
v 0.834249973 1.23724997 5.82007953e-09
v 0.834249973 1.23724997 6.11959416e-09
v 0.834249973 1.23724997 5.82007953e-09
v 0.834249973 1.23724997 4.95085484e-09
v 0.834249973 1.23724997 3.59700758e-09
v 0.834249973 1.23724997 1.89105842e-09
v 0.834249973 1.23724997 -1.06998388e-15
v -0.0986000001 0.895763516 -0.126188591
v -0.0595687367 0.896032095 -0.120012484
v -0.024358131 0.896811366 -0.10208872
v 0.00358517468 0.898025155 -0.0741717964
v 0.0215258747 0.89955461 -0.0389944166
v 0.0277078152 0.901250005 5.51587842e-09
v 0.0215258673 0.902945399 0.038994424
v 0.00358515978 0.904474854 0.0741718188
v -0.0243581384 0.905688643 0.102088727
v -0.059568733 0.906467915 0.120012477
v -0.0986000076 0.906736493 0.126188591
v -0.137631297 0.906467915 0.12001247
v -0.172841877 0.905688643 0.102088712
v -0.20078519 0.904474854 0.0741717741
v -0.21872589 0.902945399 0.0389943756
v -0.224907815 0.901250005 -1.50478396e-09
v -0.21872586 0.89955461 -0.0389944352
v -0.20078516 0.898025155 -0.0741718262
v -0.172841877 0.896811366 -0.102088712
v -0.137631252 0.896032095 -0.120012484
v -0.0985999778 0.895763516 -0.126188591
v -0.0986000001 0.855672836 -0.120774776
v -0.0607019886 0.855933547 -0.11477799
v -0.0265137032 0.856690228 -0.0973746255
v 0.00061827898 0.857868791 -0.070268251
v 0.0180380866 0.85935384 -0.036112234
v 0.0240405351 0.861000001 0.00175000541
v 0.0180380791 0.862646163 0.0396122411
v 0.000618264079 0.864131212 0.073768273
v -0.0265137106 0.865309775 0.100874633
v -0.0607019886 0.866066456 0.118277982
v -0.0986000076 0.866327167 0.124274775
v -0.136498034 0.866066456 0.118277974
v -0.170686305 0.865309775 0.100874618
v -0.197818294 0.864131212 0.0737682357
v -0.215238094 0.862646163 0.0396121927
v -0.221240535 0.861000001 0.00174999854
v -0.215238079 0.85935384 -0.0361122526
v -0.197818249 0.857868791 -0.0702682808
v -0.170686305 0.856690228 -0.0973746181
v -0.136498004 0.855933547 -0.11477799
v -0.0985999778 0.855672836 -0.120774776
v -0.0986000001 0.815582156 -0.115360953
v -0.0618352443 0.815835059 -0.109543487
v -0.0286692753 0.81656909 -0.0926605314
v -0.00234860927 0.817712426 -0.066364713
v 0.014550291 0.819153011 -0.0332300514
v 0.020373255 0.820749998 0.00350000523
v 0.0145502836 0.822346985 0.0402300581
v -0.00234862417 0.82378757 0.0733647346
v -0.0286692828 0.824930906 0.0996605381
v -0.0618352406 0.825664937 0.116543479
v -0.0986000076 0.82591784 0.122360952
v -0.135364786 0.825664937 0.116543472
v -0.168530732 0.824930906 0.0996605232
v -0.194851398 0.82378757 0.0733646974
v -0.211750299 0.822346926 0.0402300134
v -0.217573255 0.820749998 0.00349999871
v -0.211750284 0.819153011 -0.03323007
v -0.194851369 0.817712426 -0.0663647428
v -0.168530732 0.81656909 -0.092660524
v -0.135364756 0.815835059 -0.109543487
v -0.0985999778 0.815582156 -0.115360953
v -0.0986000001 0.775491416 -0.109947138
v -0.0629684925 0.77573657 -0.104308993
v -0.030824855 0.776447952 -0.0879464447
v -0.00531550497 0.777556002 -0.062461175
v 0.0110625029 0.778952241 -0.0303478725
v 0.0167059749 0.780499995 0.00525000552
v 0.0110624954 0.782047749 0.0408478752
v -0.00531551987 0.783443987 0.0729611963
v -0.030824855 0.784552038 0.0984464511
v -0.0629684925 0.785263419 0.114808984
v -0.0986000076 0.785508573 0.120447136
v -0.134231538 0.785263419 0.114808977
v -0.16637516 0.784552038 0.0984464362
v -0.191884518 0.783443987 0.0729611591
v -0.208262503 0.782047749 0.0408478305
v -0.213905975 0.780499995 0.005249999
v -0.208262503 0.778952241 -0.0303478874
v -0.191884473 0.777556002 -0.0624612048
v -0.16637516 0.776447952 -0.0879464373
v -0.134231508 0.77573657 -0.104308993
v -0.0985999778 0.775491416 -0.109947138
v -0.0986000001 0.735400736 -0.104533322
v -0.0641017482 0.735638082 -0.0990744904
v -0.0329804271 0.736326873 -0.0832323506
v -0.00828239322 0.737399638 -0.058557637
v 0.00757470727 0.738751471 -0.0274656899
v 0.0130386949 0.740249991 0.00700000487
v 0.00757469982 0.741748512 0.0414656922
v -0.00828240812 0.743100345 0.072557658
v -0.0329804346 0.74417311 0.0972323567
v -0.0641017407 0.744861901 0.113074481
v -0.0986000076 0.745099247 0.118533321
v -0.133098274 0.744861901 0.113074474
v -0.164219588 0.74417311 0.0972323418
v -0.188917607 0.743100345 0.0725576207
v -0.204774708 0.741748512 0.0414656512
v -0.210238695 0.740249991 0.00699999882
v -0.204774708 0.738751471 -0.0274657048
v -0.188917577 0.737399638 -0.0585576668
v -0.164219588 0.736326873 -0.0832323432
v -0.133098245 0.735638082 -0.0990744904
v -0.0985999778 0.735400736 -0.104533322
v -0.0986000001 0.695309997 -0.0991194993
v -0.0652350038 0.695539534 -0.0938399956
v -0.0351359993 0.696205735 -0.0785182565
v -0.0112492889 0.697243273 -0.054654099
v 0.00408691913 0.698550701 -0.0245835073
v 0.00937141478 0.699999988 0.00875000469
v 0.00408691168 0.701449275 0.042083513
v -0.0112493038 0.702756703 0.0721541196
v -0.0351360068 0.703794241 0.0960182622
v -0.0652349964 0.704460442 0.111339986
v -0.0986000076 0.70468998 0.116619498
v -0.131965026 0.704460442 0.111339979
v -0.162064016 0.703794241 0.0960182548
v -0.185950726 0.702756703 0.0721540824
v -0.201286927 0.701449275 0.0420834683
v -0.206571415 0.699999988 0.00874999911
v -0.201286912 0.698550701 -0.0245835222
v -0.185950696 0.697243273 -0.0546541288
v -0.162064016 0.696205735 -0.0785182565
v -0.131964996 0.695539534 -0.0938399956
v -0.0985999778 0.695309997 -0.0991194993
v -0.0986000001 0.655219316 -0.0937056839
v -0.066368252 0.655441046 -0.0886054933
v -0.0372915715 0.656084597 -0.0738041699
v -0.0142161846 0.657086909 -0.0507505611
v 0.000599130988 0.658349931 -0.0217013229
v 0.0057041347 0.659749985 0.0105000054
v 0.000599123538 0.661150038 0.0427013338
v -0.0142161921 0.662413061 0.0717505813
v -0.0372915789 0.663415372 0.0948041752
v -0.066368252 0.664058924 0.109605484
v -0.0986000076 0.664280653 0.114705682
v -0.130831778 0.664058924 0.109605476
v -0.159908444 0.663415372 0.0948041603
v -0.182983831 0.662413061 0.071750544
v -0.197799131 0.661150038 0.0427012891
v -0.202904135 0.659749985 0.0104999999
v -0.197799116 0.658349931 -0.0217013378
v -0.182983801 0.657086909 -0.0507505834
v -0.159908444 0.656084597 -0.0738041624
v -0.130831748 0.655441046 -0.0886054933
v -0.0985999852 0.655219316 -0.0937056839
v -0.0986000001 0.615128636 -0.0882918686
v -0.0675015002 0.615342617 -0.083371006
v -0.0394471399 0.615963519 -0.0690900832
v -0.0171830654 0.616930604 -0.0468470268
v -0.00288865715 0.618149221 -0.0188191421
v 0.00203686208 0.619500041 0.0122500043
v -0.0028886646 0.620850861 0.0433191508
v -0.0171830803 0.622069478 0.0713470429
v -0.0394471474 0.623036563 0.0935900882
v -0.0675015002 0.623657465 0.107870996
v -0.0986000076 0.623871446 0.112791866
v -0.129698515 0.623657465 0.107870989
v -0.157752872 0.623036563 0.0935900733
v -0.180016935 0.622069478 0.0713470057
v -0.194311351 0.620850861 0.0433191098
v -0.19923687 0.619500041 0.0122499987
v -0.194311336 0.618149221 -0.0188191608
v -0.180016905 0.616930604 -0.0468470529
v -0.157752872 0.615963519 -0.0690900758
v -0.1296985 0.615342617 -0.083371006
v -0.0985999852 0.615128636 -0.0882918686
v -0.0986000001 0.575037897 -0.0828780532
v -0.0686347485 0.575244069 -0.0781365037
v -0.0416027121 0.575842321 -0.0643759891
v -0.0201499611 0.57677418 -0.0429434851
v -0.00637644529 0.577948391 -0.0159369614
v -0.001630418 0.579249978 0.0140000051
v -0.00637645274 0.580551565 0.0439369678
v -0.0201499686 0.581725776 0.0709435046
v -0.0416027196 0.582657635 0.0923759937
v -0.0686347485 0.583255887 0.106136493
v -0.0986000076 0.583462059 0.11087805
v -0.128565267 0.583255887 0.106136486
v -0.155597299 0.582657635 0.0923759788
v -0.177050054 0.581725776 0.0709434673
v -0.190823555 0.580551565 0.0439369306
v -0.195569575 0.579249978 0.0139999995
v -0.190823555 0.577948391 -0.0159369763
v -0.177050024 0.57677418 -0.0429435074
v -0.155597299 0.575842321 -0.0643759817
v -0.128565237 0.575244069 -0.0781365037
v -0.0985999852 0.575037897 -0.0828780532
v -0.0986000001 0.534947217 -0.0774642304
v -0.0697680041 0.535145581 -0.0729020014
v -0.043758288 0.535721242 -0.059661895
v -0.0231168494 0.536617875 -0.0390399471
v -0.00986424088 0.537747681 -0.0130547788
v -0.00529770553 0.539000034 0.015750004
v -0.00986424088 0.540252388 0.0445547849
v -0.0231168643 0.541382194 0.0705399662
v -0.0437582918 0.542278826 0.0911618993
v -0.0697680041 0.542854488 0.104401998
v -0.0986000076 0.543052852 0.108964227
v -0.127432019 0.542854488 0.104401991
v -0.153441727 0.542278826 0.0911618918
v -0.174083158 0.541382194 0.070539929
v -0.187335759 0.540252388 0.0445547476
v -0.191902295 0.539000034 0.0157499984
v -0.187335759 0.537747681 -0.0130547937
v -0.174083129 0.536617875 -0.0390399694
v -0.153441727 0.535721242 -0.059661895
v -0.127431989 0.535145581 -0.0729020014
v -0.0985999852 0.534947217 -0.0774642304
v -0.0986000001 0.494856507 -0.072050415
v -0.0709012598 0.495047063 -0.0676675066
v -0.0459138602 0.495600104 -0.0549478084
v -0.0260837451 0.496461451 -0.0351364091
v -0.013352029 0.497546852 -0.0101725962
v -0.00896498561 0.498750001 0.0175000038
v -0.0133520365 0.499953151 0.0451726019
v -0.0260837525 0.501038551 0.0701364279
v -0.0459138639 0.501899898 0.0899478123
v -0.0709012523 0.50245291 0.102667496
v -0.0986000076 0.502643526 0.107050411
v -0.126298755 0.50245291 0.102667496
v -0.151286155 0.501899898 0.0899477974
v -0.171116263 0.501038551 0.0701363981
v -0.183847979 0.499953151 0.0451725684
v -0.188235015 0.498750001 0.0174999982
v -0.183847964 0.497546852 -0.0101726111
v -0.171116233 0.496461451 -0.0351364315
v -0.15128614 0.495600104 -0.0549478009
v -0.126298741 0.495047063 -0.0676675066
v -0.0985999852 0.494856507 -0.072050415
v -0.0986000001 0.496689469 -0.0772838593
v -0.0693032593 0.49679032 -0.0726448074
v -0.0428742878 0.497083008 -0.0591817573
v -0.0219001323 0.497538865 -0.0382125527
v -0.00843390077 0.498113275 -0.0117898192
v -0.00379375368 0.498750001 0.0175000038
v -0.00843390822 0.499386728 0.046789825
v -0.0219001472 0.499961138 0.0732125714
v -0.0428742915 0.500416994 0.0941817611
v -0.0693032593 0.500709653 0.107644804
v -0.0986000076 0.500810504 0.112283856
v -0.127896756 0.500709653 0.107644796
v -0.154325724 0.500416994 0.0941817462
v -0.175299883 0.499961138 0.0732125342
v -0.188766107 0.499386728 0.0467897877
v -0.193406254 0.498750001 0.0174999982
v -0.188766092 0.498113275 -0.0117898341
v -0.175299853 0.497538865 -0.038212575
v -0.154325724 0.497083008 -0.0591817498
v -0.127896741 0.49679032 -0.0726448074
v -0.0985999852 0.496689469 -0.0772838593
v -0.0986000001 0.456523836 -0.0725291446
v -0.0705024377 0.456620544 -0.0680799782
v -0.0451552644 0.456901222 -0.0551680028
v -0.0250396281 0.457338423 -0.0350571126
v -0.012124598 0.457889318 -0.00971592404
v -0.00767438114 0.458499998 0.0183750037
v -0.012124598 0.459110677 0.0464659259
v -0.0250396356 0.459661573 0.0718071312
v -0.0451552682 0.460098773 0.0919180065
v -0.0705024377 0.460379452 0.104829982
v -0.0986000076 0.46047616 0.109279148
v -0.126697585 0.460379452 0.104829974
v -0.152044743 0.460098743 0.0919179991
v -0.172160387 0.459661573 0.0718071014
v -0.185075402 0.459110677 0.0464658961
v -0.189525619 0.458499998 0.0183749981
v -0.185075402 0.457889318 -0.00971593708
v -0.172160357 0.457338423 -0.0350571349
v -0.152044743 0.456901252 -0.0551679954
v -0.126697555 0.456620544 -0.0680799782
v -0.0985999852 0.456523836 -0.0725291446
v -0.0986000001 0.416358173 -0.0677744448
v -0.071701616 0.416450739 -0.0635151714
v -0.0474362336 0.416719466 -0.0511542559
v -0.0281791165 0.41713801 -0.0319016799
v -0.0158152878 0.417665392 -0.00764202885
v -0.0115550011 0.418249995 0.0192500036
v -0.0158152878 0.418834597 0.0461420342
v -0.028179124 0.419361979 0.0704016984
v -0.0474362411 0.419780523 0.0896542594
v -0.071701616 0.42004925 0.10201516
v -0.0986000076 0.420141816 0.106274441
v -0.125498399 0.42004925 0.102015153
v -0.149763778 0.419780523 0.0896542519
v -0.169020891 0.419361979 0.0704016685
v -0.181384712 0.418834597 0.0461420007
v -0.185644999 0.418249995 0.019249998
v -0.181384712 0.417665392 -0.00764204189
v -0.169020861 0.41713801 -0.0319017023
v -0.149763763 0.416719466 -0.0511542559
v -0.125498384 0.416450739 -0.0635151714
v -0.0985999852 0.416358173 -0.0677744448
v -0.0986000001 0.37619251 -0.0630197302
v -0.0729007944 0.376280963 -0.0589503422
v -0.0497172102 0.37653771 -0.0471405014
v -0.0313186124 0.376937568 -0.0287462454
v -0.0195059776 0.377441436 -0.0055681318
v -0.0154356286 0.377999991 0.0201250035
v -0.0195059851 0.378558546 0.0458181351
v -0.0313186198 0.379062414 0.0689962581
v -0.049717214 0.379462272 0.0873905122
v -0.0729007944 0.379719019 0.0992003381
v -0.0986000076 0.379807472 0.103269733
v -0.124299221 0.379719019 0.0992003307
v -0.147482798 0.379462272 0.0873904973
v -0.165881395 0.379062414 0.0689962283
v -0.177694023 0.378558546 0.0458181053
v -0.181764364 0.377999991 0.0201249979
v -0.177694023 0.377441436 -0.00556814484
v -0.165881366 0.376937568 -0.0287462641
v -0.147482798 0.37653771 -0.047140494
v -0.124299198 0.376280963 -0.0589503422
v -0.0985999852 0.37619251 -0.0630197302
v -0.0986000001 0.336026877 -0.0582650304
v -0.0740999728 0.336111188 -0.054385528
v -0.0519981794 0.336355954 -0.0431267619
v -0.0344581008 0.336737186 -0.0255908128
v -0.0231966674 0.33721754 -0.00349423848
v -0.0193162486 0.337750018 0.0210000034
v -0.0231966749 0.338282496 0.0454942435
v -0.0344581082 0.33876285 0.0675908253
v -0.0519981869 0.339144081 0.0851267576
v -0.0740999728 0.339388847 0.0963855162
v -0.0986000076 0.339473158 0.100265026
v -0.123100042 0.339388847 0.0963855088
v -0.145201832 0.339144081 0.0851267502
v -0.162741914 0.33876285 0.0675907955
v -0.174003333 0.338282496 0.0454942137
v -0.177883744 0.337750018 0.0209999979
v -0.174003333 0.33721754 -0.00349424966
v -0.162741899 0.336737186 -0.0255908314
v -0.145201832 0.336355954 -0.0431267545
v -0.12310002 0.336111188 -0.054385528
v -0.0985999852 0.336026877 -0.0582650304
v -0.0986000001 0.295861214 -0.0535103157
v -0.0752991512 0.295941412 -0.0498206988
v -0.054279156 0.296174198 -0.0391130075
v -0.0375975892 0.296536744 -0.0224353764
v -0.0268873647 0.296993583 -0.00142034143
v -0.023196876 0.297500014 0.0218750034
v -0.0268873721 0.298006445 0.0451703444
v -0.0375976004 0.298463285 0.0661853924
v -0.0542791598 0.29882583 0.0828630105
v -0.0752991512 0.299058616 0.0935706943
v -0.0986000076 0.299138814 0.0972603187
v -0.121900864 0.299058616 0.0935706943
v -0.142920852 0.29882583 0.082863003
v -0.159602419 0.298463285 0.0661853626
v -0.170312643 0.298006445 0.0451703146
v -0.174003124 0.297500014 0.0218749996
v -0.170312628 0.296993583 -0.00142035261
v -0.159602404 0.296536744 -0.022435395
v -0.142920852 0.296174198 -0.039113
v -0.121900842 0.295941412 -0.0498206988
v -0.0985999852 0.295861214 -0.0535103157
v -0.0986000001 0.255695552 -0.0487556085
v -0.0764983296 0.255771637 -0.0452558771
v -0.0565601327 0.255992413 -0.0350992531
v -0.040737085 0.256336331 -0.0192799401
v -0.0305780619 0.256769657 0.000653553754
v -0.0270775035 0.257250011 0.0227500033
v -0.0305780694 0.257730365 0.044846449
v -0.0407370925 0.258163691 0.0647799522
v -0.0565601364 0.258507609 0.0805992559
v -0.0764983296 0.258728385 0.090755865
v -0.0986000076 0.25880447 0.0942556038
v -0.120701686 0.258728385 0.090755865
v -0.140639871 0.258507609 0.0805992484
v -0.156462923 0.258163691 0.0647799298
v -0.166621953 0.257730365 0.044846423
v -0.170122504 0.257250011 0.0227499995
v -0.166621923 0.256769657 0.000653544441
v -0.156462908 0.256336302 -0.0192799587
v -0.140639871 0.255992413 -0.0350992456
v -0.120701663 0.255771637 -0.0452558771
v -0.0985999852 0.255695552 -0.0487556085
v -0.0986000001 0.215529874 -0.0440009013
v -0.077697508 0.215601832 -0.0406910554
v -0.0588411018 0.215810642 -0.0310855079
v -0.0438765734 0.216135889 -0.0161245074
v -0.0342687517 0.216545716 0.00272744894
v -0.0309581235 0.217000008 0.0236250032
v -0.0342687517 0.217454299 0.0445225537
v -0.0438765809 0.217864126 0.0633745193
v -0.0588411056 0.218189374 0.0783355087
v -0.077697508 0.218398184 0.087941058
v -0.0986000076 0.218470141 0.0912509039
v -0.1195025 0.218398184 0.0879410505
v -0.138358906 0.218189359 0.0783355013
v -0.153323442 0.217864126 0.063374497
v -0.162931263 0.217454299 0.0445225276
v -0.166241884 0.217000008 0.0236249994
v -0.162931249 0.216545716 0.00272743776
v -0.153323412 0.216135889 -0.0161245223
v -0.138358906 0.215810657 -0.0310855042
v -0.119502485 0.215601832 -0.0406910554
v -0.0985999852 0.215529874 -0.0440009013
v -0.0986000001 0.175364211 -0.0392461941
v -0.0788966864 0.175432041 -0.0361262336
v -0.0611220784 0.175628886 -0.0270717535
v -0.0470160656 0.175935462 -0.012969071
v -0.0379594453 0.176321775 0.00480134413
v -0.034838751 0.176750004 0.0245000012
v -0.0379594527 0.177178234 0.0441986583
v -0.047016073 0.177564546 0.0619690791
v -0.0611220822 0.177871123 0.0760717541
v -0.0788966864 0.178067967 0.0851262286
v -0.0986000076 0.178135797 0.0882461891
v -0.118303321 0.178067967 0.0851262212
v -0.136077926 0.177871123 0.0760717466
v -0.150183946 0.177564546 0.0619690567
v -0.159240559 0.177178234 0.0441986322
v -0.162361249 0.176750004 0.0244999994
v -0.159240544 0.176321775 0.00480133481
v -0.150183916 0.175935462 -0.0129690859
v -0.136077926 0.175628886 -0.0270717498
v -0.118303306 0.175432041 -0.0361262336
v -0.0985999927 0.175364211 -0.0392461941
v -0.0986000001 0.135198548 -0.0344914868
v -0.0800958723 0.135262251 -0.0315614119
v -0.0634030551 0.135447115 -0.0230580065
v -0.0501555577 0.135735035 -0.00981363468
v -0.0416501388 0.136097834 0.00687523931
v -0.0387193747 0.136500001 0.0253750011
v -0.0416501425 0.136902168 0.043874763
v -0.0501555614 0.137264967 0.0605636463
v -0.0634030551 0.137552887 0.0738080069
v -0.0800958648 0.137737751 0.0823114067
v -0.0986000076 0.137801453 0.0852414817
v -0.117104143 0.137737751 0.0823114067
v -0.13379696 0.137552887 0.0738079995
v -0.14704445 0.137264967 0.0605636239
v -0.155549869 0.136902168 0.0438747406
v -0.158480629 0.136500001 0.0253749993
v -0.155549854 0.136097834 0.00687523186
v -0.147044435 0.135735035 -0.00981364958
v -0.13379696 0.135447115 -0.0230580028
v -0.117104128 0.135262251 -0.0315614119
v -0.0985999927 0.135198548 -0.0344914868
v -0.0986000001 0.0950328931 -0.0297367778
v -0.0812950432 0.0950924605 -0.0269965921
v -0.0656840205 0.0952653438 -0.0190442558
v -0.0532950461 0.0955346003 -0.00665820204
v -0.0453408323 0.0958738923 0.0089491345
v -0.0425999984 0.0962499976 0.026250001
v -0.045340836 0.0966261029 0.0435508639
v -0.0532950535 0.0969653949 0.0591582134
v -0.065684028 0.0972346514 0.0715442598
v -0.0812950432 0.0974075347 0.0794965848
v -0.0986000076 0.0974671021 0.0822367743
v -0.115904965 0.0974075347 0.0794965848
v -0.13151598 0.0972346514 0.0715442523
v -0.143904954 0.0969653949 0.0591581911
v -0.151859164 0.0966261029 0.0435508452
v -0.154599994 0.0962499976 0.0262499992
v -0.151859164 0.0958738923 0.00894912705
v -0.143904939 0.0955346003 -0.00665821321
v -0.13151598 0.0952653438 -0.0190442521
v -0.11590495 0.0950924605 -0.0269965921
v -0.0985999927 0.0950328931 -0.0297367778
v -0.0986000001 0.124250002 0.148750007
v -0.0986000001 0.124250002 0.148750007
v -0.0986000001 0.124250002 0.148750007
v -0.0986000001 0.124250002 0.148750007
v -0.0986000001 0.124250002 0.148750007
v -0.0986000001 0.124250002 0.148750007
v -0.0986000001 0.124250002 0.148750007
v -0.0986000001 0.124250002 0.148750007
v -0.0986000001 0.124250002 0.148750007
v -0.0986000001 0.124250002 0.148750007
v -0.0986000001 0.124250002 0.148750007
v -0.0986000001 0.124250002 0.148750007
v -0.0986000001 0.124250002 0.148750007
v -0.0986000001 0.124250002 0.148750007
v -0.0986000001 0.124250002 0.148750007
v -0.0986000001 0.124250002 0.148750007
v -0.0986000001 0.124250002 0.148750007
v -0.0986000001 0.124250002 0.148750007
v -0.0986000001 0.124250002 0.148750007
v -0.0986000001 0.124250002 0.148750007
v -0.0986000001 0.124250002 0.148750007
v -0.0592250004 0.118154153 0.148750007
v -0.061152149 0.118154153 0.174437046
v -0.0667449534 0.118154153 0.197609648
v -0.0754559562 0.118154153 0.215999544
v -0.086432457 0.118154153 0.227806568
v -0.0986000001 0.118154153 0.231875002
v -0.110767551 0.118154153 0.227806568
v -0.121744044 0.118154153 0.215999544
v -0.130455047 0.118154153 0.197609648
v -0.13604784 0.118154153 0.174437046
v -0.137975007 0.118154153 0.148750007
v -0.13604784 0.118154153 0.123062953
v -0.130455032 0.118154153 0.0998903364
v -0.121744052 0.118154153 0.0815004855
v -0.110767551 0.118154153 0.0696934387
v -0.0986000001 0.118154153 0.0656250119
v -0.0864324495 0.118154153 0.0696934387
v -0.0754559487 0.118154153 0.0815004855
v -0.0667449534 0.118154153 0.0998903513
v -0.061152149 0.118154153 0.123062976
v -0.0592250004 0.118154153 0.148750022
v -0.0304004997 0.101499997 0.148750007
v -0.0337384194 0.101499997 0.193241268
v -0.0434254445 0.101499997 0.233377397
v -0.0585133433 0.101499997 0.265229642
v -0.0775251985 0.101499997 0.285679996
v -0.0986000001 0.101499997 0.292726725
v -0.119674817 0.101499997 0.285679996
v -0.138686657 0.101499997 0.265229613
v -0.153774559 0.101499997 0.233377397
v -0.163461581 0.101499997 0.193241268
v -0.166799501 0.101499997 0.148749992
v -0.163461566 0.101499997 0.104258716
v -0.153774545 0.101499997 0.0641225651
v -0.138686672 0.101499997 0.0322704166
v -0.119674809 0.101499997 0.0118200183
v -0.0986000001 0.101499997 0.00477328897
v -0.0775251836 0.101499997 0.0118200183
v -0.058513321 0.101499997 0.0322704166
v -0.0434254482 0.101499997 0.0641226098
v -0.0337384194 0.101499997 0.104258761
v -0.0304004997 0.101499997 0.148750037
v -0.0198500007 0.0787499994 0.148750007
v -0.0237042978 0.0787499994 0.200124085
v -0.0348899141 0.0787499994 0.246469289
v -0.0523119159 0.0787499994 0.28324908
v -0.0742649138 0.0787499994 0.306863129
v -0.0986000001 0.0787499994 0.314999998
v -0.122935101 0.0787499994 0.306863129
v -0.144888088 0.0787499994 0.28324908
v -0.162310094 0.0787499994 0.246469289
v -0.173495695 0.0787499994 0.200124085
v -0.17735 0.0787499994 0.148749992
v -0.173495695 0.0787499994 0.0973758996
v -0.162310064 0.0787499994 0.0510306656
v -0.144888103 0.0787499994 0.0142509639
v -0.122935094 0.0787499994 -0.00936312973
v -0.0986000001 0.0787499994 -0.0174999833
v -0.0742648989 0.0787499994 -0.00936312973
v -0.0523118936 0.0787499994 0.0142509639
v -0.0348899141 0.0787499994 0.0510307029
v -0.0237042978 0.0787499994 0.0973759443
v -0.0198500007 0.0787499994 0.148750037
v -0.0304004997 0.0559999943 0.148750007
v -0.0337384194 0.0559999943 0.193241268
v -0.0434254482 0.0559999943 0.233377397
v -0.0585133433 0.0559999943 0.265229613
v -0.0775251985 0.0559999943 0.285679996
v -0.0986000001 0.0559999943 0.292726725
v -0.119674817 0.0559999943 0.285679996
v -0.138686657 0.0559999943 0.265229613
v -0.153774559 0.0559999943 0.233377397
v -0.163461566 0.0559999943 0.193241268
v -0.166799501 0.0559999943 0.148749992
v -0.163461566 0.0559999943 0.104258724
v -0.15377453 0.0559999943 0.06412258
v -0.138686672 0.0559999943 0.0322704241
v -0.119674809 0.0559999943 0.0118200183
v -0.0986000001 0.0559999943 0.00477328897
v -0.077525191 0.0559999943 0.0118200183
v -0.0585133247 0.0559999943 0.0322704241
v -0.0434254482 0.0559999943 0.0641226098
v -0.0337384194 0.0559999943 0.104258761
v -0.0304004997 0.0559999943 0.148750037
v -0.0592249967 0.0393458419 0.148750007
v -0.0611521453 0.0393458419 0.174437046
v -0.0667449534 0.0393458419 0.197609663
v -0.0754559562 0.0393458419 0.215999559
v -0.086432457 0.0393458419 0.227806598
v -0.0986000001 0.0393458419 0.231875002
v -0.110767551 0.0393458419 0.227806583
v -0.121744044 0.0393458419 0.215999544
v -0.130455047 0.0393458419 0.197609648
v -0.136047855 0.0393458419 0.174437046
v -0.137975007 0.0393458419 0.148750007
v -0.136047855 0.0393458419 0.123062953
v -0.130455047 0.0393458419 0.0998903364
v -0.121744052 0.0393458419 0.0815004781
v -0.110767551 0.0393458419 0.0696934313
v -0.0986000001 0.0393458419 0.0656250045
v -0.0864324495 0.0393458419 0.0696934313
v -0.0754559487 0.0393458419 0.0815004781
v -0.0667449534 0.0393458419 0.0998903513
v -0.0611521453 0.0393458419 0.123062968
v -0.0592249967 0.0393458419 0.148750022
v -0.0986000076 0.0332499966 0.148750007
v -0.0986000076 0.0332499966 0.148750007
v -0.0986000076 0.0332499966 0.148749992
v -0.0986000076 0.0332499966 0.148749992
v -0.0986000001 0.0332499966 0.148749992
v -0.0986000001 0.0332499966 0.148749992
v -0.0986000001 0.0332499966 0.148749992
v -0.0985999927 0.0332499966 0.148749992
v -0.0985999927 0.0332499966 0.148749992
v -0.0985999927 0.0332499966 0.148750007
v -0.0985999927 0.0332499966 0.148750007
v -0.0985999927 0.0332499966 0.148750007
v -0.0985999927 0.0332499966 0.148750022
v -0.0985999927 0.0332499966 0.148750022
v -0.0986000001 0.0332499966 0.148750022
v -0.0986000001 0.0332499966 0.148750022
v -0.0986000001 0.0332499966 0.148750022
v -0.0986000076 0.0332499966 0.148750022
v -0.0986000076 0.0332499966 0.148750022
v -0.0986000076 0.0332499966 0.148750007
v -0.0986000076 0.0332499966 0.148750007
v 0.0986000001 0.895763516 -0.126188591
v 0.137631267 0.896032095 -0.120012484
v 0.172841877 0.896811366 -0.10208872
v 0.200785175 0.898025155 -0.0741717964
v 0.218725875 0.89955461 -0.0389944166
v 0.224907815 0.901250005 5.51587842e-09
v 0.21872586 0.902945399 0.038994424
v 0.20078516 0.904474854 0.0741718188
v 0.172841862 0.905688643 0.102088727
v 0.137631267 0.906467915 0.120012477
v 0.0985999927 0.906736493 0.126188591
v 0.0595687106 0.906467915 0.12001247
v 0.0243581161 0.905688643 0.102088712
v -0.00358518958 0.904474854 0.0741717741
v -0.0215258822 0.902945399 0.0389943756
v -0.0277078152 0.901250005 -1.50478396e-09
v -0.0215258673 0.89955461 -0.0389944352
v -0.00358515233 0.898025155 -0.0741718262
v 0.0243581235 0.896811366 -0.102088712
v 0.0595687479 0.896032095 -0.120012484
v 0.0986000225 0.895763516 -0.126188591
v 0.0986000001 0.855672836 -0.120774776
v 0.136498004 0.855933547 -0.11477799
v 0.170686305 0.856690228 -0.0973746255
v 0.197818279 0.857868791 -0.070268251
v 0.215238094 0.85935384 -0.036112234
v 0.221240535 0.861000001 0.00175000541
v 0.215238079 0.862646163 0.0396122411
v 0.197818264 0.864131212 0.073768273
v 0.17068629 0.865309775 0.100874633
v 0.136498004 0.866066456 0.118277982
v 0.0985999927 0.866327167 0.124274775
v 0.0607019663 0.866066456 0.118277974
v 0.0265136883 0.865309775 0.100874618
v -0.000618293881 0.864131212 0.0737682357
v -0.018038094 0.862646163 0.0396121927
v -0.0240405351 0.861000001 0.00174999854
v -0.0180380791 0.85935384 -0.0361122526
v -0.000618256629 0.857868791 -0.0702682808
v 0.0265136957 0.856690228 -0.0973746181
v 0.0607019961 0.855933547 -0.11477799
v 0.0986000225 0.855672836 -0.120774776
v 0.0986000001 0.815582156 -0.115360953
v 0.135364756 0.815835059 -0.109543487
v 0.168530732 0.81656909 -0.0926605314
v 0.194851398 0.817712426 -0.066364713
v 0.211750299 0.819153011 -0.0332300514
v 0.217573255 0.820749998 0.00350000523
v 0.211750284 0.822346985 0.0402300581
v 0.194851369 0.82378757 0.0733647346
v 0.168530717 0.824930906 0.0996605381
v 0.135364756 0.825664937 0.116543479
v 0.0985999927 0.82591784 0.122360952
v 0.0618352182 0.825664937 0.116543472
v 0.0286692604 0.824930906 0.0996605232
v 0.00234859437 0.82378757 0.0733646974
v -0.0145502985 0.822346926 0.0402300134
v -0.020373255 0.820749998 0.00349999871
v -0.0145502836 0.819153011 -0.03323007
v 0.00234863162 0.817712426 -0.0663647428
v 0.0286692679 0.81656909 -0.092660524
v 0.061835248 0.815835059 -0.109543487
v 0.0986000225 0.815582156 -0.115360953
v 0.0986000001 0.775491416 -0.109947138
v 0.134231508 0.77573657 -0.104308993
v 0.166375145 0.776447952 -0.0879464447
v 0.191884488 0.777556002 -0.062461175
v 0.208262503 0.778952241 -0.0303478725
v 0.213905975 0.780499995 0.00525000552
v 0.208262503 0.782047749 0.0408478752
v 0.191884488 0.783443987 0.0729611963
v 0.166375145 0.784552038 0.0984464511
v 0.134231508 0.785263419 0.114808984
v 0.0985999927 0.785508573 0.120447136
v 0.0629684702 0.785263419 0.114808977
v 0.0308248401 0.784552038 0.0984464362
v 0.00531549007 0.783443987 0.0729611591
v -0.0110625103 0.782047749 0.0408478305
v -0.0167059749 0.780499995 0.005249999
v -0.0110624954 0.778952241 -0.0303478874
v 0.00531552732 0.777556002 -0.0624612048
v 0.0308248475 0.776447952 -0.0879464373
v 0.0629685 0.77573657 -0.104308993
v 0.0986000225 0.775491416 -0.109947138
v 0.0986000001 0.735400736 -0.104533322
v 0.133098245 0.735638082 -0.0990744904
v 0.164219573 0.736326873 -0.0832323506
v 0.188917607 0.737399638 -0.058557637
v 0.204774708 0.738751471 -0.0274656899
v 0.210238695 0.740249991 0.00700000487
v 0.204774708 0.741748512 0.0414656922
v 0.188917592 0.743100345 0.072557658
v 0.164219558 0.74417311 0.0972323567
v 0.13309826 0.744861901 0.113074481
v 0.0985999927 0.745099247 0.118533321
v 0.0641017258 0.744861901 0.113074474
v 0.0329804122 0.74417311 0.0972323418
v 0.00828238577 0.743100345 0.0725576207
v -0.00757471472 0.741748512 0.0414656512
v -0.0130386949 0.740249991 0.00699999882
v -0.00757469982 0.738751471 -0.0274657048
v 0.00828241557 0.737399638 -0.0585576668
v 0.0329804197 0.736326873 -0.0832323432
v 0.0641017556 0.735638082 -0.0990744904
v 0.0986000225 0.735400736 -0.104533322
v 0.0986000001 0.695309997 -0.0991194993
v 0.131964996 0.695539534 -0.0938399956
v 0.162064001 0.696205735 -0.0785182565
v 0.185950711 0.697243273 -0.054654099
v 0.201286912 0.698550701 -0.0245835073
v 0.206571415 0.699999988 0.00875000469
v 0.201286912 0.701449275 0.042083513
v 0.185950696 0.702756703 0.0721541196
v 0.162063986 0.703794241 0.0960182622
v 0.131965011 0.704460442 0.111339986
v 0.0985999927 0.70468998 0.116619498
v 0.065234974 0.704460442 0.111339979
v 0.0351359844 0.703794241 0.0960182548
v 0.011249274 0.702756703 0.0721540824
v -0.00408692658 0.701449275 0.0420834683
v -0.00937141478 0.699999988 0.00874999911
v -0.00408691168 0.698550701 -0.0245835222
v 0.0112493113 0.697243273 -0.0546541288
v 0.0351359919 0.696205735 -0.0785182565
v 0.0652350038 0.695539534 -0.0938399956
v 0.0986000225 0.695309997 -0.0991194993
v 0.0986000001 0.655219316 -0.0937056839
v 0.130831748 0.655441046 -0.0886054933
v 0.159908429 0.656084597 -0.0738041699
v 0.182983816 0.657086909 -0.0507505611
v 0.197799131 0.658349931 -0.0217013229
v 0.202904135 0.659749985 0.0105000054
v 0.197799116 0.661150038 0.0427013338
v 0.182983816 0.662413061 0.0717505813
v 0.159908414 0.663415372 0.0948041752
v 0.130831748 0.664058924 0.109605484
v 0.0985999927 0.664280653 0.114705682
v 0.0663682297 0.664058924 0.109605476
v 0.0372915603 0.663415372 0.0948041603
v 0.0142161697 0.662413061 0.071750544
v -0.000599130988 0.661150038 0.0427012891
v -0.0057041347 0.659749985 0.0104999999
v -0.000599123538 0.658349931 -0.0217013378
v 0.0142161995 0.657086909 -0.0507505834
v 0.037291564 0.656084597 -0.0738041624
v 0.066368252 0.655441046 -0.0886054933
v 0.098600015 0.655219316 -0.0937056839
v 0.0986000001 0.615128636 -0.0882918686
v 0.1296985 0.615342617 -0.083371006
v 0.157752857 0.615963519 -0.0690900832
v 0.180016935 0.616930604 -0.0468470268
v 0.194311351 0.618149221 -0.0188191421
v 0.19923687 0.619500041 0.0122500043
v 0.194311336 0.620850861 0.0433191508
v 0.18001692 0.622069478 0.0713470429
v 0.157752857 0.623036563 0.0935900882
v 0.1296985 0.623657465 0.107870996
v 0.0985999927 0.623871446 0.112791866
v 0.0675014779 0.623657465 0.107870989
v 0.0394471288 0.623036563 0.0935900733
v 0.017183058 0.622069478 0.0713470057
v 0.0028886497 0.620850861 0.0433191098
v -0.00203686208 0.619500041 0.0122499987
v 0.0028886646 0.618149221 -0.0188191608
v 0.0171830878 0.616930604 -0.0468470529
v 0.0394471325 0.615963519 -0.0690900758
v 0.0675015077 0.615342617 -0.083371006
v 0.098600015 0.615128636 -0.0882918686
v 0.0986000001 0.575037897 -0.0828780532
v 0.128565252 0.575244069 -0.0781365037
v 0.155597284 0.575842321 -0.0643759891
v 0.177050039 0.57677418 -0.0429434851
v 0.190823555 0.577948391 -0.0159369614
v 0.195569575 0.579249978 0.0140000051
v 0.190823555 0.580551565 0.0439369678
v 0.177050024 0.581725776 0.0709435046
v 0.155597284 0.582657635 0.0923759937
v 0.128565252 0.583255887 0.106136493
v 0.0985999927 0.583462059 0.11087805
v 0.0686347336 0.583255887 0.106136486
v 0.0416027009 0.582657635 0.0923759788
v 0.0201499462 0.581725776 0.0709434673
v 0.00637644529 0.580551565 0.0439369306
v 0.001630418 0.579249978 0.0139999995
v 0.00637645274 0.577948391 -0.0159369763
v 0.020149976 0.57677418 -0.0429435074
v 0.0416027084 0.575842321 -0.0643759817
v 0.0686347559 0.575244069 -0.0781365037
v 0.098600015 0.575037897 -0.0828780532
v 0.0986000001 0.534947217 -0.0774642304
v 0.127431989 0.535145581 -0.0729020014
v 0.153441712 0.535721242 -0.059661895
v 0.174083143 0.536617875 -0.0390399471
v 0.187335759 0.537747681 -0.0130547788
v 0.191902295 0.539000034 0.015750004
v 0.187335759 0.540252388 0.0445547849
v 0.174083143 0.541382194 0.0705399662
v 0.153441712 0.542278826 0.0911618993
v 0.127432004 0.542854488 0.104401998
v 0.0985999927 0.543052852 0.108964227
v 0.0697679818 0.542854488 0.104401991
v 0.0437582768 0.542278826 0.0911618918
v 0.0231168419 0.541382194 0.070539929
v 0.00986423343 0.540252388 0.0445547476
v 0.00529770553 0.539000034 0.0157499984
v 0.00986424088 0.537747681 -0.0130547937
v 0.0231168717 0.536617875 -0.0390399694
v 0.0437582806 0.535721242 -0.059661895
v 0.0697680116 0.535145581 -0.0729020014
v 0.098600015 0.534947217 -0.0774642304
v 0.0986000001 0.494856507 -0.072050415
v 0.126298741 0.495047063 -0.0676675066
v 0.15128614 0.495600104 -0.0549478084
v 0.171116263 0.496461451 -0.0351364091
v 0.183847964 0.497546852 -0.0101725962
v 0.188235015 0.498750001 0.0175000038
v 0.183847964 0.499953151 0.0451726019
v 0.171116248 0.501038551 0.0701364279
v 0.15128614 0.501899898 0.0899478123
v 0.126298741 0.50245291 0.102667496
v 0.0985999927 0.502643526 0.107050411
v 0.0709012374 0.50245291 0.102667496
v 0.045913849 0.501899898 0.0899477974
v 0.0260837376 0.501038551 0.0701363981
v 0.0133520216 0.499953151 0.0451725684
v 0.00896498561 0.498750001 0.0174999982
v 0.0133520365 0.497546852 -0.0101726111
v 0.02608376 0.496461451 -0.0351364315
v 0.0459138565 0.495600104 -0.0549478009
v 0.0709012598 0.495047063 -0.0676675066
v 0.098600015 0.494856507 -0.072050415
v 0.0986000001 0.496689469 -0.0772838593
v 0.127896741 0.49679032 -0.0726448074
v 0.154325709 0.497083008 -0.0591817573
v 0.175299868 0.497538865 -0.0382125527
v 0.188766092 0.498113275 -0.0117898192
v 0.193406254 0.498750001 0.0175000038
v 0.188766092 0.499386728 0.046789825
v 0.175299853 0.499961138 0.0732125714
v 0.154325709 0.500416994 0.0941817611
v 0.127896741 0.500709653 0.107644804
v 0.0985999927 0.500810504 0.112283856
v 0.0693032369 0.500709653 0.107644796
v 0.0428742766 0.500416994 0.0941817462
v 0.0219001248 0.499961138 0.0732125342
v 0.00843389332 0.499386728 0.0467897877
v 0.00379375368 0.498750001 0.0174999982
v 0.00843390822 0.498113275 -0.0117898341
v 0.0219001547 0.497538865 -0.038212575
v 0.0428742804 0.497083008 -0.0591817498
v 0.0693032593 0.49679032 -0.0726448074
v 0.098600015 0.496689469 -0.0772838593
v 0.0986000001 0.456523836 -0.0725291446
v 0.12669757 0.456620544 -0.0680799782
v 0.152044743 0.456901222 -0.0551680028
v 0.172160372 0.457338423 -0.0350571126
v 0.185075402 0.457889318 -0.00971592404
v 0.189525619 0.458499998 0.0183750037
v 0.185075402 0.459110677 0.0464659259
v 0.172160357 0.459661573 0.0718071312
v 0.152044728 0.460098773 0.0919180065
v 0.12669757 0.460379452 0.104829982
v 0.0985999927 0.46047616 0.109279148
v 0.0705024153 0.460379452 0.104829974
v 0.0451552533 0.460098743 0.0919179991
v 0.0250396207 0.459661573 0.0718071014
v 0.0121245906 0.459110677 0.0464658961
v 0.00767438114 0.458499998 0.0183749981
v 0.012124598 0.457889318 -0.00971593708
v 0.025039643 0.457338423 -0.0350571349
v 0.045155257 0.456901252 -0.0551679954
v 0.0705024451 0.456620544 -0.0680799782
v 0.098600015 0.456523836 -0.0725291446
v 0.0986000001 0.416358173 -0.0677744448
v 0.125498384 0.416450739 -0.0635151714
v 0.149763763 0.416719466 -0.0511542559
v 0.169020891 0.41713801 -0.0319016799
v 0.181384712 0.417665392 -0.00764202885
v 0.185644999 0.418249995 0.0192500036
v 0.181384712 0.418834597 0.0461420342
v 0.169020876 0.419361979 0.0704016984
v 0.149763763 0.419780523 0.0896542594
v 0.125498384 0.42004925 0.10201516
v 0.0985999927 0.420141816 0.106274441
v 0.0717016011 0.42004925 0.102015153
v 0.0474362224 0.419780523 0.0896542519
v 0.0281791091 0.419361979 0.0704016685
v 0.0158152804 0.418834597 0.0461420007
v 0.0115550011 0.418249995 0.019249998
v 0.0158152878 0.417665392 -0.00764204189
v 0.0281791314 0.41713801 -0.0319017023
v 0.0474362299 0.416719466 -0.0511542559
v 0.071701616 0.416450739 -0.0635151714
v 0.098600015 0.416358173 -0.0677744448
v 0.0986000001 0.37619251 -0.0630197302
v 0.124299206 0.376280963 -0.0589503422
v 0.147482783 0.37653771 -0.0471405014
v 0.165881395 0.376937568 -0.0287462454
v 0.177694023 0.377441436 -0.0055681318
v 0.181764364 0.377999991 0.0201250035
v 0.177694023 0.378558546 0.0458181351
v 0.16588138 0.379062414 0.0689962581
v 0.147482783 0.379462272 0.0873905122
v 0.124299206 0.379719019 0.0992003381
v 0.0985999927 0.379807472 0.103269733
v 0.0729007795 0.379719019 0.0992003307
v 0.0497171991 0.379462272 0.0873904973
v 0.0313185975 0.379062414 0.0689962283
v 0.0195059776 0.378558546 0.0458181053
v 0.0154356286 0.377999991 0.0201249979
v 0.0195059851 0.377441436 -0.00556814484
v 0.0313186273 0.376937568 -0.0287462641
v 0.0497172065 0.37653771 -0.047140494
v 0.0729008019 0.376280963 -0.0589503422
v 0.098600015 0.37619251 -0.0630197302
v 0.0986000001 0.336026877 -0.0582650304
v 0.123100027 0.336111188 -0.054385528
v 0.145201817 0.336355954 -0.0431267619
v 0.162741899 0.336737186 -0.0255908128
v 0.174003333 0.33721754 -0.00349423848
v 0.177883744 0.337750018 0.0210000034
v 0.174003333 0.338282496 0.0454942435
v 0.162741899 0.33876285 0.0675908253
v 0.145201817 0.339144081 0.0851267576
v 0.123100027 0.339388847 0.0963855162
v 0.0985999927 0.339473158 0.100265026
v 0.0740999579 0.339388847 0.0963855088
v 0.051998172 0.339144081 0.0851267502
v 0.0344580859 0.33876285 0.0675907955
v 0.0231966674 0.338282496 0.0454942137
v 0.0193162486 0.337750018 0.0209999979
v 0.0231966749 0.33721754 -0.00349424966
v 0.0344581082 0.336737186 -0.0255908314
v 0.0519981757 0.336355954 -0.0431267545
v 0.0740999803 0.336111188 -0.054385528
v 0.098600015 0.336026877 -0.0582650304
v 0.0986000001 0.295861214 -0.0535103157
v 0.121900849 0.295941412 -0.0498206988
v 0.142920852 0.296174198 -0.0391130075
v 0.159602404 0.296536744 -0.0224353764
v 0.170312643 0.296993583 -0.00142034143
v 0.174003124 0.297500014 0.0218750034
v 0.170312628 0.298006445 0.0451703444
v 0.159602404 0.298463285 0.0661853924
v 0.142920837 0.29882583 0.0828630105
v 0.121900849 0.299058616 0.0935706943
v 0.0985999927 0.299138814 0.0972603187
v 0.0752991363 0.299058616 0.0935706943
v 0.0542791486 0.29882583 0.082863003
v 0.0375975817 0.298463285 0.0661853626
v 0.0268873647 0.298006445 0.0451703146
v 0.023196876 0.297500014 0.0218749996
v 0.0268873721 0.296993583 -0.00142035261
v 0.0375976041 0.296536744 -0.022435395
v 0.0542791523 0.296174198 -0.039113
v 0.0752991587 0.295941412 -0.0498206988
v 0.098600015 0.295861214 -0.0535103157
v 0.0986000001 0.255695552 -0.0487556085
v 0.120701671 0.255771637 -0.0452558771
v 0.140639871 0.255992413 -0.0350992531
v 0.156462908 0.256336331 -0.0192799401
v 0.166621938 0.256769657 0.000653553754
v 0.170122504 0.257250011 0.0227500033
v 0.166621923 0.257730365 0.044846449
v 0.156462908 0.258163691 0.0647799522
v 0.140639871 0.258507609 0.0805992559
v 0.120701671 0.258728385 0.090755865
v 0.0985999927 0.25880447 0.0942556038
v 0.0764983147 0.258728385 0.090755865
v 0.0565601252 0.258507609 0.0805992484
v 0.0407370776 0.258163691 0.0647799298
v 0.0305780545 0.257730365 0.044846423
v 0.0270775035 0.257250011 0.0227499995
v 0.0305780694 0.256769657 0.000653544441
v 0.0407370962 0.256336302 -0.0192799587
v 0.0565601289 0.255992413 -0.0350992456
v 0.0764983371 0.255771637 -0.0452558771
v 0.098600015 0.255695552 -0.0487556085
v 0.0986000001 0.215529874 -0.0440009013
v 0.119502492 0.215601832 -0.0406910554
v 0.138358891 0.215810642 -0.0310855079
v 0.153323427 0.216135889 -0.0161245074
v 0.162931249 0.216545716 0.00272744894
v 0.166241884 0.217000008 0.0236250032
v 0.162931249 0.217454299 0.0445225537
v 0.153323412 0.217864126 0.0633745193
v 0.138358891 0.218189374 0.0783355087
v 0.119502492 0.218398184 0.087941058
v 0.0985999927 0.218470141 0.0912509039
v 0.0776975006 0.218398184 0.0879410505
v 0.0588410944 0.218189359 0.0783355013
v 0.0438765623 0.217864126 0.063374497
v 0.0342687443 0.217454299 0.0445225276
v 0.0309581235 0.217000008 0.0236249994
v 0.0342687517 0.216545716 0.00272743776
v 0.0438765846 0.216135889 -0.0161245223
v 0.0588410981 0.215810657 -0.0310855042
v 0.0776975155 0.215601832 -0.0406910554
v 0.098600015 0.215529874 -0.0440009013
v 0.0986000001 0.175364211 -0.0392461941
v 0.118303314 0.175432041 -0.0361262336
v 0.136077926 0.175628886 -0.0270717535
v 0.150183931 0.175935462 -0.012969071
v 0.159240559 0.176321775 0.00480134413
v 0.162361249 0.176750004 0.0245000012
v 0.159240544 0.177178234 0.0441986583
v 0.150183931 0.177564546 0.0619690791
v 0.136077911 0.177871123 0.0760717541
v 0.118303314 0.178067967 0.0851262286
v 0.0985999927 0.178135797 0.0882461891
v 0.078896679 0.178067967 0.0851262212
v 0.061122071 0.177871123 0.0760717466
v 0.0470160581 0.177564546 0.0619690567
v 0.0379594415 0.177178234 0.0441986322
v 0.034838751 0.176750004 0.0244999994
v 0.0379594527 0.176321775 0.00480133481
v 0.0470160767 0.175935462 -0.0129690859
v 0.0611220747 0.175628886 -0.0270717498
v 0.0788966939 0.175432041 -0.0361262336
v 0.0986000076 0.175364211 -0.0392461941
v 0.0986000001 0.135198548 -0.0344914868
v 0.117104128 0.135262251 -0.0315614119
v 0.133796945 0.135447115 -0.0230580065
v 0.14704445 0.135735035 -0.00981363468
v 0.155549854 0.136097834 0.00687523931
v 0.158480629 0.136500001 0.0253750011
v 0.155549854 0.136902168 0.043874763
v 0.147044435 0.137264967 0.0605636463
v 0.133796945 0.137552887 0.0738080069
v 0.117104135 0.137737751 0.0823114067
v 0.0985999927 0.137801453 0.0852414817
v 0.0800958574 0.137737751 0.0823114067
v 0.0634030402 0.137552887 0.0738079995
v 0.0501555502 0.137264967 0.0605636239
v 0.0416501351 0.136902168 0.0438747406
v 0.0387193747 0.136500001 0.0253749993
v 0.0416501425 0.136097834 0.00687523186
v 0.0501555651 0.135735035 -0.00981364958
v 0.0634030476 0.135447115 -0.0230580028
v 0.0800958723 0.135262251 -0.0315614119
v 0.0986000076 0.135198548 -0.0344914868
v 0.0986000001 0.0950328931 -0.0297367778
v 0.115904957 0.0950924605 -0.0269965921
v 0.13151598 0.0952653438 -0.0190442558
v 0.143904954 0.0955346003 -0.00665820204
v 0.151859164 0.0958738923 0.0089491345
v 0.154599994 0.0962499976 0.026250001
v 0.151859164 0.0966261029 0.0435508639
v 0.143904954 0.0969653949 0.0591582134
v 0.13151598 0.0972346514 0.0715442598
v 0.115904957 0.0974075347 0.0794965848
v 0.0985999927 0.0974671021 0.0822367743
v 0.0812950358 0.0974075347 0.0794965848
v 0.0656840205 0.0972346514 0.0715442523
v 0.0532950386 0.0969653949 0.0591581911
v 0.0453408286 0.0966261029 0.0435508452
v 0.0425999984 0.0962499976 0.0262499992
v 0.045340836 0.0958738923 0.00894912705
v 0.0532950573 0.0955346003 -0.00665821321
v 0.0656840205 0.0952653438 -0.0190442521
v 0.0812950507 0.0950924605 -0.0269965921
v 0.0986000076 0.0950328931 -0.0297367778
v 0.0986000001 0.124250002 0.148750007
v 0.0986000001 0.124250002 0.148750007
v 0.0986000001 0.124250002 0.148750007
v 0.0986000001 0.124250002 0.148750007
v 0.0986000001 0.124250002 0.148750007
v 0.0986000001 0.124250002 0.148750007
v 0.0986000001 0.124250002 0.148750007
v 0.0986000001 0.124250002 0.148750007
v 0.0986000001 0.124250002 0.148750007
v 0.0986000001 0.124250002 0.148750007
v 0.0986000001 0.124250002 0.148750007
v 0.0986000001 0.124250002 0.148750007
v 0.0986000001 0.124250002 0.148750007
v 0.0986000001 0.124250002 0.148750007
v 0.0986000001 0.124250002 0.148750007
v 0.0986000001 0.124250002 0.148750007
v 0.0986000001 0.124250002 0.148750007
v 0.0986000001 0.124250002 0.148750007
v 0.0986000001 0.124250002 0.148750007
v 0.0986000001 0.124250002 0.148750007
v 0.0986000001 0.124250002 0.148750007
v 0.137975007 0.118154153 0.148750007
v 0.136047855 0.118154153 0.174437046
v 0.130455047 0.118154153 0.197609648
v 0.121744044 0.118154153 0.215999544
v 0.110767543 0.118154153 0.227806568
v 0.0986000001 0.118154153 0.231875002
v 0.0864324495 0.118154153 0.227806568
v 0.0754559562 0.118154153 0.215999544
v 0.0667449534 0.118154153 0.197609648
v 0.0611521527 0.118154153 0.174437046
v 0.0592250004 0.118154153 0.148750007
v 0.0611521527 0.118154153 0.123062953
v 0.0667449683 0.118154153 0.0998903364
v 0.0754559487 0.118154153 0.0815004855
v 0.0864324495 0.118154153 0.0696934387
v 0.0986000001 0.118154153 0.0656250119
v 0.110767551 0.118154153 0.0696934387
v 0.121744052 0.118154153 0.0815004855
v 0.130455047 0.118154153 0.0998903513
v 0.136047855 0.118154153 0.123062976
v 0.137975007 0.118154153 0.148750022
v 0.166799501 0.101499997 0.148750007
v 0.163461581 0.101499997 0.193241268
v 0.153774559 0.101499997 0.233377397
v 0.138686657 0.101499997 0.265229642
v 0.119674802 0.101499997 0.285679996
v 0.0986000001 0.101499997 0.292726725
v 0.0775251836 0.101499997 0.285679996
v 0.0585133433 0.101499997 0.265229613
v 0.0434254408 0.101499997 0.233377397
v 0.0337384194 0.101499997 0.193241268
v 0.0304004997 0.101499997 0.148749992
v 0.0337384269 0.101499997 0.104258716
v 0.0434254594 0.101499997 0.0641225651
v 0.0585133247 0.101499997 0.0322704166
v 0.077525191 0.101499997 0.0118200183
v 0.0986000001 0.101499997 0.00477328897
v 0.119674817 0.101499997 0.0118200183
v 0.138686687 0.101499997 0.0322704166
v 0.153774559 0.101499997 0.0641226098
v 0.163461581 0.101499997 0.104258761
v 0.166799501 0.101499997 0.148750037
v 0.17735 0.0787499994 0.148750007
v 0.17349571 0.0787499994 0.200124085
v 0.162310094 0.0787499994 0.246469289
v 0.144888088 0.0787499994 0.28324908
v 0.122935086 0.0787499994 0.306863129
v 0.0986000001 0.0787499994 0.314999998
v 0.0742648989 0.0787499994 0.306863129
v 0.0523119159 0.0787499994 0.28324908
v 0.0348899066 0.0787499994 0.246469289
v 0.0237043053 0.0787499994 0.200124085
v 0.0198500007 0.0787499994 0.148749992
v 0.0237043053 0.0787499994 0.0973758996
v 0.034889929 0.0787499994 0.0510306656
v 0.0523118973 0.0787499994 0.0142509639
v 0.0742649063 0.0787499994 -0.00936312973
v 0.0986000001 0.0787499994 -0.0174999833
v 0.122935101 0.0787499994 -0.00936312973
v 0.144888103 0.0787499994 0.0142509639
v 0.162310094 0.0787499994 0.0510307029
v 0.17349571 0.0787499994 0.0973759443
v 0.17735 0.0787499994 0.148750037
v 0.166799501 0.0559999943 0.148750007
v 0.163461581 0.0559999943 0.193241268
v 0.153774559 0.0559999943 0.233377397
v 0.138686657 0.0559999943 0.265229613
v 0.119674802 0.0559999943 0.285679996
v 0.0986000001 0.0559999943 0.292726725
v 0.0775251836 0.0559999943 0.285679996
v 0.0585133433 0.0559999943 0.265229613
v 0.0434254445 0.0559999943 0.233377397
v 0.0337384269 0.0559999943 0.193241268
v 0.0304004997 0.0559999943 0.148749992
v 0.0337384269 0.0559999943 0.104258724
v 0.0434254631 0.0559999943 0.06412258
v 0.0585133322 0.0559999943 0.0322704241
v 0.077525191 0.0559999943 0.0118200183
v 0.0986000001 0.0559999943 0.00477328897
v 0.119674809 0.0559999943 0.0118200183
v 0.138686672 0.0559999943 0.0322704241
v 0.153774559 0.0559999943 0.0641226098
v 0.163461581 0.0559999943 0.104258761
v 0.166799501 0.0559999943 0.148750037
v 0.137975007 0.0393458419 0.148750007
v 0.136047855 0.0393458419 0.174437046
v 0.130455047 0.0393458419 0.197609663
v 0.121744044 0.0393458419 0.215999559
v 0.110767543 0.0393458419 0.227806598
v 0.0986000001 0.0393458419 0.231875002
v 0.0864324495 0.0393458419 0.227806583
v 0.0754559562 0.0393458419 0.215999544
v 0.0667449534 0.0393458419 0.197609648
v 0.0611521453 0.0393458419 0.174437046
v 0.0592249967 0.0393458419 0.148750007
v 0.061152149 0.0393458419 0.123062953
v 0.0667449608 0.0393458419 0.0998903364
v 0.0754559487 0.0393458419 0.0815004781
v 0.0864324495 0.0393458419 0.0696934313
v 0.0986000001 0.0393458419 0.0656250045
v 0.110767551 0.0393458419 0.0696934313
v 0.121744052 0.0393458419 0.0815004781
v 0.130455047 0.0393458419 0.0998903513
v 0.136047855 0.0393458419 0.123062968
v 0.137975007 0.0393458419 0.148750022
v 0.0985999927 0.0332499966 0.148750007
v 0.0985999927 0.0332499966 0.148750007
v 0.0985999927 0.0332499966 0.148749992
v 0.0985999927 0.0332499966 0.148749992
v 0.0986000001 0.0332499966 0.148749992
v 0.0986000001 0.0332499966 0.148749992
v 0.0986000001 0.0332499966 0.148749992
v 0.0986000076 0.0332499966 0.148749992
v 0.0986000076 0.0332499966 0.148749992
v 0.0986000076 0.0332499966 0.148750007
v 0.0986000076 0.0332499966 0.148750007
v 0.0986000076 0.0332499966 0.148750007
v 0.0986000076 0.0332499966 0.148750022
v 0.0986000076 0.0332499966 0.148750022
v 0.0986000001 0.0332499966 0.148750022
v 0.0986000001 0.0332499966 0.148750022
v 0.0986000001 0.0332499966 0.148750022
v 0.0985999927 0.0332499966 0.148750022
v 0.0985999927 0.0332499966 0.148750022
v 0.0985999927 0.0332499966 0.148750007
v 0.0985999927 0.0332499966 0.148750007
vt 0 1
vt 0.0500000007 1
vt 0.100000001 1
vt 0.150000006 1
vt 0.200000003 1
vt 0.25 1
vt 0.300000012 1
vt 0.349999994 1
vt 0.400000006 1
vt 0.449999988 1
vt 0.5 1
vt 0.550000012 1
vt 0.600000024 1
vt 0.649999976 1
vt 0.699999988 1
vt 0.75 1
vt 0.800000012 1
vt 0.850000024 1
vt 0.899999976 1
vt 0.949999988 1
vt 1 1
vt 0 0.875
vt 0.0500000007 0.875
vt 0.100000001 0.875
vt 0.150000006 0.875
vt 0.200000003 0.875
vt 0.25 0.875
vt 0.300000012 0.875
vt 0.349999994 0.875
vt 0.400000006 0.875
vt 0.449999988 0.875
vt 0.5 0.875
vt 0.550000012 0.875
vt 0.600000024 0.875
vt 0.649999976 0.875
vt 0.699999988 0.875
vt 0.75 0.875
vt 0.800000012 0.875
vt 0.850000024 0.875
vt 0.899999976 0.875
vt 0.949999988 0.875
vt 1 0.875
vt 0 0.75
vt 0.0500000007 0.75
vt 0.100000001 0.75
vt 0.150000006 0.75
vt 0.200000003 0.75
vt 0.25 0.75
vt 0.300000012 0.75
vt 0.349999994 0.75
vt 0.400000006 0.75
vt 0.449999988 0.75
vt 0.5 0.75
vt 0.550000012 0.75
vt 0.600000024 0.75
vt 0.649999976 0.75
vt 0.699999988 0.75
vt 0.75 0.75
vt 0.800000012 0.75
vt 0.850000024 0.75
vt 0.899999976 0.75
vt 0.949999988 0.75
vt 1 0.75
vt 0 0.625
vt 0.0500000007 0.625
vt 0.100000001 0.625
vt 0.150000006 0.625
vt 0.200000003 0.625
vt 0.25 0.625
vt 0.300000012 0.625
vt 0.349999994 0.625
vt 0.400000006 0.625
vt 0.449999988 0.625
vt 0.5 0.625
vt 0.550000012 0.625
vt 0.600000024 0.625
vt 0.649999976 0.625
vt 0.699999988 0.625
vt 0.75 0.625
vt 0.800000012 0.625
vt 0.850000024 0.625
vt 0.899999976 0.625
vt 0.949999988 0.625
vt 1 0.625
vt 0 0.5
vt 0.0500000007 0.5
vt 0.100000001 0.5
vt 0.150000006 0.5
vt 0.200000003 0.5
vt 0.25 0.5
vt 0.300000012 0.5
vt 0.349999994 0.5
vt 0.400000006 0.5
vt 0.449999988 0.5
vt 0.5 0.5
vt 0.550000012 0.5
vt 0.600000024 0.5
vt 0.649999976 0.5
vt 0.699999988 0.5
vt 0.75 0.5
vt 0.800000012 0.5
vt 0.850000024 0.5
vt 0.899999976 0.5
vt 0.949999988 0.5
vt 1 0.5
vt 0 0.375
vt 0.0500000007 0.375
vt 0.100000001 0.375
vt 0.150000006 0.375
vt 0.200000003 0.375
vt 0.25 0.375
vt 0.300000012 0.375
vt 0.349999994 0.375
vt 0.400000006 0.375
vt 0.449999988 0.375
vt 0.5 0.375
vt 0.550000012 0.375
vt 0.600000024 0.375
vt 0.649999976 0.375
vt 0.699999988 0.375
vt 0.75 0.375
vt 0.800000012 0.375
vt 0.850000024 0.375
vt 0.899999976 0.375
vt 0.949999988 0.375
vt 1 0.375
vt 0 0.25
vt 0.0500000007 0.25
vt 0.100000001 0.25
vt 0.150000006 0.25
vt 0.200000003 0.25
vt 0.25 0.25
vt 0.300000012 0.25
vt 0.349999994 0.25
vt 0.400000006 0.25
vt 0.449999988 0.25
vt 0.5 0.25
vt 0.550000012 0.25
vt 0.600000024 0.25
vt 0.649999976 0.25
vt 0.699999988 0.25
vt 0.75 0.25
vt 0.800000012 0.25
vt 0.850000024 0.25
vt 0.899999976 0.25
vt 0.949999988 0.25
vt 1 0.25
vt 0 0.125
vt 0.0500000007 0.125
vt 0.100000001 0.125
vt 0.150000006 0.125
vt 0.200000003 0.125
vt 0.25 0.125
vt 0.300000012 0.125
vt 0.349999994 0.125
vt 0.400000006 0.125
vt 0.449999988 0.125
vt 0.5 0.125
vt 0.550000012 0.125
vt 0.600000024 0.125
vt 0.649999976 0.125
vt 0.699999988 0.125
vt 0.75 0.125
vt 0.800000012 0.125
vt 0.850000024 0.125
vt 0.899999976 0.125
vt 0.949999988 0.125
vt 1 0.125
vt 0 0
vt 0.0500000007 0
vt 0.100000001 0
vt 0.150000006 0
vt 0.200000003 0
vt 0.25 0
vt 0.300000012 0
vt 0.349999994 0
vt 0.400000006 0
vt 0.449999988 0
vt 0.5 0
vt 0.550000012 0
vt 0.600000024 0
vt 0.649999976 0
vt 0.699999988 0
vt 0.75 0
vt 0.800000012 0
vt 0.850000024 0
vt 0.899999976 0
vt 0.949999988 0
vt 1 0
vt 0 1
vt 0.0500000007 1
vt 0.100000001 1
vt 0.150000006 1
vt 0.200000003 1
vt 0.25 1
vt 0.300000012 1
vt 0.349999994 1
vt 0.400000006 1
vt 0.449999988 1
vt 0.5 1
vt 0.550000012 1
vt 0.600000024 1
vt 0.649999976 1
vt 0.699999988 1
vt 0.75 1
vt 0.800000012 1
vt 0.850000024 1
vt 0.899999976 1
vt 0.949999988 1
vt 1 1
vt 0 0.875
vt 0.0500000007 0.875
vt 0.100000001 0.875
vt 0.150000006 0.875
vt 0.200000003 0.875
vt 0.25 0.875
vt 0.300000012 0.875
vt 0.349999994 0.875
vt 0.400000006 0.875
vt 0.449999988 0.875
vt 0.5 0.875
vt 0.550000012 0.875
vt 0.600000024 0.875
vt 0.649999976 0.875
vt 0.699999988 0.875
vt 0.75 0.875
vt 0.800000012 0.875
vt 0.850000024 0.875
vt 0.899999976 0.875
vt 0.949999988 0.875
vt 1 0.875
vt 0 0.75
vt 0.0500000007 0.75
vt 0.100000001 0.75
vt 0.150000006 0.75
vt 0.200000003 0.75
vt 0.25 0.75
vt 0.300000012 0.75
vt 0.349999994 0.75
vt 0.400000006 0.75
vt 0.449999988 0.75
vt 0.5 0.75
vt 0.550000012 0.75
vt 0.600000024 0.75
vt 0.649999976 0.75
vt 0.699999988 0.75
vt 0.75 0.75
vt 0.800000012 0.75
vt 0.850000024 0.75
vt 0.899999976 0.75
vt 0.949999988 0.75
vt 1 0.75
vt 0 0.625
vt 0.0500000007 0.625
vt 0.100000001 0.625
vt 0.150000006 0.625
vt 0.200000003 0.625
vt 0.25 0.625
vt 0.300000012 0.625
vt 0.349999994 0.625
vt 0.400000006 0.625
vt 0.449999988 0.625
vt 0.5 0.625
vt 0.550000012 0.625
vt 0.600000024 0.625
vt 0.649999976 0.625
vt 0.699999988 0.625
vt 0.75 0.625
vt 0.800000012 0.625
vt 0.850000024 0.625
vt 0.899999976 0.625
vt 0.949999988 0.625
vt 1 0.625
vt 0 0.5
vt 0.0500000007 0.5
vt 0.100000001 0.5
vt 0.150000006 0.5
vt 0.200000003 0.5
vt 0.25 0.5
vt 0.300000012 0.5
vt 0.349999994 0.5
vt 0.400000006 0.5
vt 0.449999988 0.5
vt 0.5 0.5
vt 0.550000012 0.5
vt 0.600000024 0.5
vt 0.649999976 0.5
vt 0.699999988 0.5
vt 0.75 0.5
vt 0.800000012 0.5
vt 0.850000024 0.5
vt 0.899999976 0.5
vt 0.949999988 0.5
vt 1 0.5
vt 0 0.375
vt 0.0500000007 0.375
vt 0.100000001 0.375
vt 0.150000006 0.375
vt 0.200000003 0.375
vt 0.25 0.375
vt 0.300000012 0.375
vt 0.349999994 0.375
vt 0.400000006 0.375
vt 0.449999988 0.375
vt 0.5 0.375
vt 0.550000012 0.375
vt 0.600000024 0.375
vt 0.649999976 0.375
vt 0.699999988 0.375
vt 0.75 0.375
vt 0.800000012 0.375
vt 0.850000024 0.375
vt 0.899999976 0.375
vt 0.949999988 0.375
vt 1 0.375
vt 0 0.25
vt 0.0500000007 0.25
vt 0.100000001 0.25
vt 0.150000006 0.25
vt 0.200000003 0.25
vt 0.25 0.25
vt 0.300000012 0.25
vt 0.349999994 0.25
vt 0.400000006 0.25
vt 0.449999988 0.25
vt 0.5 0.25
vt 0.550000012 0.25
vt 0.600000024 0.25
vt 0.649999976 0.25
vt 0.699999988 0.25
vt 0.75 0.25
vt 0.800000012 0.25
vt 0.850000024 0.25
vt 0.899999976 0.25
vt 0.949999988 0.25
vt 1 0.25
vt 0 0.125
vt 0.0500000007 0.125
vt 0.100000001 0.125
vt 0.150000006 0.125
vt 0.200000003 0.125
vt 0.25 0.125
vt 0.300000012 0.125
vt 0.349999994 0.125
vt 0.400000006 0.125
vt 0.449999988 0.125
vt 0.5 0.125
vt 0.550000012 0.125
vt 0.600000024 0.125
vt 0.649999976 0.125
vt 0.699999988 0.125
vt 0.75 0.125
vt 0.800000012 0.125
vt 0.850000024 0.125
vt 0.899999976 0.125
vt 0.949999988 0.125
vt 1 0.125
vt 0 0
vt 0.0500000007 0
vt 0.100000001 0
vt 0.150000006 0
vt 0.200000003 0
vt 0.25 0
vt 0.300000012 0
vt 0.349999994 0
vt 0.400000006 0
vt 0.449999988 0
vt 0.5 0
vt 0.550000012 0
vt 0.600000024 0
vt 0.649999976 0
vt 0.699999988 0
vt 0.75 0
vt 0.800000012 0
vt 0.850000024 0
vt 0.899999976 0
vt 0.949999988 0
vt 1 0
vt 0 1
vt 0.0500000007 1
vt 0.100000001 1
vt 0.150000006 1
vt 0.200000003 1
vt 0.25 1
vt 0.300000012 1
vt 0.349999994 1
vt 0.400000006 1
vt 0.449999988 1
vt 0.5 1
vt 0.550000012 1
vt 0.600000024 1
vt 0.649999976 1
vt 0.699999988 1
vt 0.75 1
vt 0.800000012 1
vt 0.850000024 1
vt 0.899999976 1
vt 0.949999988 1
vt 1 1
vt 0 0.833333313
vt 0.0500000007 0.833333313
vt 0.100000001 0.833333313
vt 0.150000006 0.833333313
vt 0.200000003 0.833333313
vt 0.25 0.833333313
vt 0.300000012 0.833333313
vt 0.349999994 0.833333313
vt 0.400000006 0.833333313
vt 0.449999988 0.833333313
vt 0.5 0.833333313
vt 0.550000012 0.833333313
vt 0.600000024 0.833333313
vt 0.649999976 0.833333313
vt 0.699999988 0.833333313
vt 0.75 0.833333313
vt 0.800000012 0.833333313
vt 0.850000024 0.833333313
vt 0.899999976 0.833333313
vt 0.949999988 0.833333313
vt 1 0.833333313
vt 0 0.666666627
vt 0.0500000007 0.666666627
vt 0.100000001 0.666666627
vt 0.150000006 0.666666627
vt 0.200000003 0.666666627
vt 0.25 0.666666627
vt 0.300000012 0.666666627
vt 0.349999994 0.666666627
vt 0.400000006 0.666666627
vt 0.449999988 0.666666627
vt 0.5 0.666666627
vt 0.550000012 0.666666627
vt 0.600000024 0.666666627
vt 0.649999976 0.666666627
vt 0.699999988 0.666666627
vt 0.75 0.666666627
vt 0.800000012 0.666666627
vt 0.850000024 0.666666627
vt 0.899999976 0.666666627
vt 0.949999988 0.666666627
vt 1 0.666666627
vt 0 0.5
vt 0.0500000007 0.5
vt 0.100000001 0.5
vt 0.150000006 0.5
vt 0.200000003 0.5
vt 0.25 0.5
vt 0.300000012 0.5
vt 0.349999994 0.5
vt 0.400000006 0.5
vt 0.449999988 0.5
vt 0.5 0.5
vt 0.550000012 0.5
vt 0.600000024 0.5
vt 0.649999976 0.5
vt 0.699999988 0.5
vt 0.75 0.5
vt 0.800000012 0.5
vt 0.850000024 0.5
vt 0.899999976 0.5
vt 0.949999988 0.5
vt 1 0.5
vt 0 0.333333313
vt 0.0500000007 0.333333313
vt 0.100000001 0.333333313
vt 0.150000006 0.333333313
vt 0.200000003 0.333333313
vt 0.25 0.333333313
vt 0.300000012 0.333333313
vt 0.349999994 0.333333313
vt 0.400000006 0.333333313
vt 0.449999988 0.333333313
vt 0.5 0.333333313
vt 0.550000012 0.333333313
vt 0.600000024 0.333333313
vt 0.649999976 0.333333313
vt 0.699999988 0.333333313
vt 0.75 0.333333313
vt 0.800000012 0.333333313
vt 0.850000024 0.333333313
vt 0.899999976 0.333333313
vt 0.949999988 0.333333313
vt 1 0.333333313
vt 0 0.166666687
vt 0.0500000007 0.166666687
vt 0.100000001 0.166666687
vt 0.150000006 0.166666687
vt 0.200000003 0.166666687
vt 0.25 0.166666687
vt 0.300000012 0.166666687
vt 0.349999994 0.166666687
vt 0.400000006 0.166666687
vt 0.449999988 0.166666687
vt 0.5 0.166666687
vt 0.550000012 0.166666687
vt 0.600000024 0.166666687
vt 0.649999976 0.166666687
vt 0.699999988 0.166666687
vt 0.75 0.166666687
vt 0.800000012 0.166666687
vt 0.850000024 0.166666687
vt 0.899999976 0.166666687
vt 0.949999988 0.166666687
vt 1 0.166666687
vt 0 0
vt 0.0500000007 0
vt 0.100000001 0
vt 0.150000006 0
vt 0.200000003 0
vt 0.25 0
vt 0.300000012 0
vt 0.349999994 0
vt 0.400000006 0
vt 0.449999988 0
vt 0.5 0
vt 0.550000012 0
vt 0.600000024 0
vt 0.649999976 0
vt 0.699999988 0
vt 0.75 0
vt 0.800000012 0
vt 0.850000024 0
vt 0.899999976 0
vt 0.949999988 0
vt 1 0
vt 0 1
vt 0.0416666679 1
vt 0.0833333358 1
vt 0.125 1
vt 0.166666672 1
vt 0.208333328 1
vt 0.25 1
vt 0.291666657 1
vt 0.333333343 1
vt 0.375 1
vt 0.416666657 1
vt 0.458333343 1
vt 0.5 1
vt 0.541666687 1
vt 0.583333313 1
vt 0.625 1
vt 0.666666687 1
vt 0.708333313 1
vt 0.75 1
vt 0.791666687 1
vt 0.833333313 1
vt 0.875 1
vt 0.916666687 1
vt 0.958333313 1
vt 1 1
vt 0 0.916666687
vt 0.0416666679 0.916666687
vt 0.0833333358 0.916666687
vt 0.125 0.916666687
vt 0.166666672 0.916666687
vt 0.208333328 0.916666687
vt 0.25 0.916666687
vt 0.291666657 0.916666687
vt 0.333333343 0.916666687
vt 0.375 0.916666687
vt 0.416666657 0.916666687
vt 0.458333343 0.916666687
vt 0.5 0.916666687
vt 0.541666687 0.916666687
vt 0.583333313 0.916666687
vt 0.625 0.916666687
vt 0.666666687 0.916666687
vt 0.708333313 0.916666687
vt 0.75 0.916666687
vt 0.791666687 0.916666687
vt 0.833333313 0.916666687
vt 0.875 0.916666687
vt 0.916666687 0.916666687
vt 0.958333313 0.916666687
vt 1 0.916666687
vt 0 0.833333313
vt 0.0416666679 0.833333313
vt 0.0833333358 0.833333313
vt 0.125 0.833333313
vt 0.166666672 0.833333313
vt 0.208333328 0.833333313
vt 0.25 0.833333313
vt 0.291666657 0.833333313
vt 0.333333343 0.833333313
vt 0.375 0.833333313
vt 0.416666657 0.833333313
vt 0.458333343 0.833333313
vt 0.5 0.833333313
vt 0.541666687 0.833333313
vt 0.583333313 0.833333313
vt 0.625 0.833333313
vt 0.666666687 0.833333313
vt 0.708333313 0.833333313
vt 0.75 0.833333313
vt 0.791666687 0.833333313
vt 0.833333313 0.833333313
vt 0.875 0.833333313
vt 0.916666687 0.833333313
vt 0.958333313 0.833333313
vt 1 0.833333313
vt 0 0.75
vt 0.0416666679 0.75
vt 0.0833333358 0.75
vt 0.125 0.75
vt 0.166666672 0.75
vt 0.208333328 0.75
vt 0.25 0.75
vt 0.291666657 0.75
vt 0.333333343 0.75
vt 0.375 0.75
vt 0.416666657 0.75
vt 0.458333343 0.75
vt 0.5 0.75
vt 0.541666687 0.75
vt 0.583333313 0.75
vt 0.625 0.75
vt 0.666666687 0.75
vt 0.708333313 0.75
vt 0.75 0.75
vt 0.791666687 0.75
vt 0.833333313 0.75
vt 0.875 0.75
vt 0.916666687 0.75
vt 0.958333313 0.75
vt 1 0.75
vt 0 0.666666627
vt 0.0416666679 0.666666627
vt 0.0833333358 0.666666627
vt 0.125 0.666666627
vt 0.166666672 0.666666627
vt 0.208333328 0.666666627
vt 0.25 0.666666627
vt 0.291666657 0.666666627
vt 0.333333343 0.666666627
vt 0.375 0.666666627
vt 0.416666657 0.666666627
vt 0.458333343 0.666666627
vt 0.5 0.666666627
vt 0.541666687 0.666666627
vt 0.583333313 0.666666627
vt 0.625 0.666666627
vt 0.666666687 0.666666627
vt 0.708333313 0.666666627
vt 0.75 0.666666627
vt 0.791666687 0.666666627
vt 0.833333313 0.666666627
vt 0.875 0.666666627
vt 0.916666687 0.666666627
vt 0.958333313 0.666666627
vt 1 0.666666627
vt 0 0.583333373
vt 0.0416666679 0.583333373
vt 0.0833333358 0.583333373
vt 0.125 0.583333373
vt 0.166666672 0.583333373
vt 0.208333328 0.583333373
vt 0.25 0.583333373
vt 0.291666657 0.583333373
vt 0.333333343 0.583333373
vt 0.375 0.583333373
vt 0.416666657 0.583333373
vt 0.458333343 0.583333373
vt 0.5 0.583333373
vt 0.541666687 0.583333373
vt 0.583333313 0.583333373
vt 0.625 0.583333373
vt 0.666666687 0.583333373
vt 0.708333313 0.583333373
vt 0.75 0.583333373
vt 0.791666687 0.583333373
vt 0.833333313 0.583333373
vt 0.875 0.583333373
vt 0.916666687 0.583333373
vt 0.958333313 0.583333373
vt 1 0.583333373
vt 0 0.5
vt 0.0416666679 0.5
vt 0.0833333358 0.5
vt 0.125 0.5
vt 0.166666672 0.5
vt 0.208333328 0.5
vt 0.25 0.5
vt 0.291666657 0.5
vt 0.333333343 0.5
vt 0.375 0.5
vt 0.416666657 0.5
vt 0.458333343 0.5
vt 0.5 0.5
vt 0.541666687 0.5
vt 0.583333313 0.5
vt 0.625 0.5
vt 0.666666687 0.5
vt 0.708333313 0.5
vt 0.75 0.5
vt 0.791666687 0.5
vt 0.833333313 0.5
vt 0.875 0.5
vt 0.916666687 0.5
vt 0.958333313 0.5
vt 1 0.5
vt 0 0.416666687
vt 0.0416666679 0.416666687
vt 0.0833333358 0.416666687
vt 0.125 0.416666687
vt 0.166666672 0.416666687
vt 0.208333328 0.416666687
vt 0.25 0.416666687
vt 0.291666657 0.416666687
vt 0.333333343 0.416666687
vt 0.375 0.416666687
vt 0.416666657 0.416666687
vt 0.458333343 0.416666687
vt 0.5 0.416666687
vt 0.541666687 0.416666687
vt 0.583333313 0.416666687
vt 0.625 0.416666687
vt 0.666666687 0.416666687
vt 0.708333313 0.416666687
vt 0.75 0.416666687
vt 0.791666687 0.416666687
vt 0.833333313 0.416666687
vt 0.875 0.416666687
vt 0.916666687 0.416666687
vt 0.958333313 0.416666687
vt 1 0.416666687
vt 0 0.333333313
vt 0.0416666679 0.333333313
vt 0.0833333358 0.333333313
vt 0.125 0.333333313
vt 0.166666672 0.333333313
vt 0.208333328 0.333333313
vt 0.25 0.333333313
vt 0.291666657 0.333333313
vt 0.333333343 0.333333313
vt 0.375 0.333333313
vt 0.416666657 0.333333313
vt 0.458333343 0.333333313
vt 0.5 0.333333313
vt 0.541666687 0.333333313
vt 0.583333313 0.333333313
vt 0.625 0.333333313
vt 0.666666687 0.333333313
vt 0.708333313 0.333333313
vt 0.75 0.333333313
vt 0.791666687 0.333333313
vt 0.833333313 0.333333313
vt 0.875 0.333333313
vt 0.916666687 0.333333313
vt 0.958333313 0.333333313
vt 1 0.333333313
vt 0 0.25
vt 0.0416666679 0.25
vt 0.0833333358 0.25
vt 0.125 0.25
vt 0.166666672 0.25
vt 0.208333328 0.25
vt 0.25 0.25
vt 0.291666657 0.25
vt 0.333333343 0.25
vt 0.375 0.25
vt 0.416666657 0.25
vt 0.458333343 0.25
vt 0.5 0.25
vt 0.541666687 0.25
vt 0.583333313 0.25
vt 0.625 0.25
vt 0.666666687 0.25
vt 0.708333313 0.25
vt 0.75 0.25
vt 0.791666687 0.25
vt 0.833333313 0.25
vt 0.875 0.25
vt 0.916666687 0.25
vt 0.958333313 0.25
vt 1 0.25
vt 0 0.166666687
vt 0.0416666679 0.166666687
vt 0.0833333358 0.166666687
vt 0.125 0.166666687
vt 0.166666672 0.166666687
vt 0.208333328 0.166666687
vt 0.25 0.166666687
vt 0.291666657 0.166666687
vt 0.333333343 0.166666687
vt 0.375 0.166666687
vt 0.416666657 0.166666687
vt 0.458333343 0.166666687
vt 0.5 0.166666687
vt 0.541666687 0.166666687
vt 0.583333313 0.166666687
vt 0.625 0.166666687
vt 0.666666687 0.166666687
vt 0.708333313 0.166666687
vt 0.75 0.166666687
vt 0.791666687 0.166666687
vt 0.833333313 0.166666687
vt 0.875 0.166666687
vt 0.916666687 0.166666687
vt 0.958333313 0.166666687
vt 1 0.166666687
vt 0 0.0833333135
vt 0.0416666679 0.0833333135
vt 0.0833333358 0.0833333135
vt 0.125 0.0833333135
vt 0.166666672 0.0833333135
vt 0.208333328 0.0833333135
vt 0.25 0.0833333135
vt 0.291666657 0.0833333135
vt 0.333333343 0.0833333135
vt 0.375 0.0833333135
vt 0.416666657 0.0833333135
vt 0.458333343 0.0833333135
vt 0.5 0.0833333135
vt 0.541666687 0.0833333135
vt 0.583333313 0.0833333135
vt 0.625 0.0833333135
vt 0.666666687 0.0833333135
vt 0.708333313 0.0833333135
vt 0.75 0.0833333135
vt 0.791666687 0.0833333135
vt 0.833333313 0.0833333135
vt 0.875 0.0833333135
vt 0.916666687 0.0833333135
vt 0.958333313 0.0833333135
vt 1 0.0833333135
vt 0 0
vt 0.0416666679 0
vt 0.0833333358 0
vt 0.125 0
vt 0.166666672 0
vt 0.208333328 0
vt 0.25 0
vt 0.291666657 0
vt 0.333333343 0
vt 0.375 0
vt 0.416666657 0
vt 0.458333343 0
vt 0.5 0
vt 0.541666687 0
vt 0.583333313 0
vt 0.625 0
vt 0.666666687 0
vt 0.708333313 0
vt 0.75 0
vt 0.791666687 0
vt 0.833333313 0
vt 0.875 0
vt 0.916666687 0
vt 0.958333313 0
vt 1 0
vt 0 1
vt 0.0500000007 1
vt 0.100000001 1
vt 0.150000006 1
vt 0.200000003 1
vt 0.25 1
vt 0.300000012 1
vt 0.349999994 1
vt 0.400000006 1
vt 0.449999988 1
vt 0.5 1
vt 0.550000012 1
vt 0.600000024 1
vt 0.649999976 1
vt 0.699999988 1
vt 0.75 1
vt 0.800000012 1
vt 0.850000024 1
vt 0.899999976 1
vt 0.949999988 1
vt 1 1
vt 0 0.833333313
vt 0.0500000007 0.833333313
vt 0.100000001 0.833333313
vt 0.150000006 0.833333313
vt 0.200000003 0.833333313
vt 0.25 0.833333313
vt 0.300000012 0.833333313
vt 0.349999994 0.833333313
vt 0.400000006 0.833333313
vt 0.449999988 0.833333313
vt 0.5 0.833333313
vt 0.550000012 0.833333313
vt 0.600000024 0.833333313
vt 0.649999976 0.833333313
vt 0.699999988 0.833333313
vt 0.75 0.833333313
vt 0.800000012 0.833333313
vt 0.850000024 0.833333313
vt 0.899999976 0.833333313
vt 0.949999988 0.833333313
vt 1 0.833333313
vt 0 0.666666627
vt 0.0500000007 0.666666627
vt 0.100000001 0.666666627
vt 0.150000006 0.666666627
vt 0.200000003 0.666666627
vt 0.25 0.666666627
vt 0.300000012 0.666666627
vt 0.349999994 0.666666627
vt 0.400000006 0.666666627
vt 0.449999988 0.666666627
vt 0.5 0.666666627
vt 0.550000012 0.666666627
vt 0.600000024 0.666666627
vt 0.649999976 0.666666627
vt 0.699999988 0.666666627
vt 0.75 0.666666627
vt 0.800000012 0.666666627
vt 0.850000024 0.666666627
vt 0.899999976 0.666666627
vt 0.949999988 0.666666627
vt 1 0.666666627
vt 0 0.5
vt 0.0500000007 0.5
vt 0.100000001 0.5
vt 0.150000006 0.5
vt 0.200000003 0.5
vt 0.25 0.5
vt 0.300000012 0.5
vt 0.349999994 0.5
vt 0.400000006 0.5
vt 0.449999988 0.5
vt 0.5 0.5
vt 0.550000012 0.5
vt 0.600000024 0.5
vt 0.649999976 0.5
vt 0.699999988 0.5
vt 0.75 0.5
vt 0.800000012 0.5
vt 0.850000024 0.5
vt 0.899999976 0.5
vt 0.949999988 0.5
vt 1 0.5
vt 0 0.333333313
vt 0.0500000007 0.333333313
vt 0.100000001 0.333333313
vt 0.150000006 0.333333313
vt 0.200000003 0.333333313
vt 0.25 0.333333313
vt 0.300000012 0.333333313
vt 0.349999994 0.333333313
vt 0.400000006 0.333333313
vt 0.449999988 0.333333313
vt 0.5 0.333333313
vt 0.550000012 0.333333313
vt 0.600000024 0.333333313
vt 0.649999976 0.333333313
vt 0.699999988 0.333333313
vt 0.75 0.333333313
vt 0.800000012 0.333333313
vt 0.850000024 0.333333313
vt 0.899999976 0.333333313
vt 0.949999988 0.333333313
vt 1 0.333333313
vt 0 0.166666687
vt 0.0500000007 0.166666687
vt 0.100000001 0.166666687
vt 0.150000006 0.166666687
vt 0.200000003 0.166666687
vt 0.25 0.166666687
vt 0.300000012 0.166666687
vt 0.349999994 0.166666687
vt 0.400000006 0.166666687
vt 0.449999988 0.166666687
vt 0.5 0.166666687
vt 0.550000012 0.166666687
vt 0.600000024 0.166666687
vt 0.649999976 0.166666687
vt 0.699999988 0.166666687
vt 0.75 0.166666687
vt 0.800000012 0.166666687
vt 0.850000024 0.166666687
vt 0.899999976 0.166666687
vt 0.949999988 0.166666687
vt 1 0.166666687
vt 0 0
vt 0.0500000007 0
vt 0.100000001 0
vt 0.150000006 0
vt 0.200000003 0
vt 0.25 0
vt 0.300000012 0
vt 0.349999994 0
vt 0.400000006 0
vt 0.449999988 0
vt 0.5 0
vt 0.550000012 0
vt 0.600000024 0
vt 0.649999976 0
vt 0.699999988 0
vt 0.75 0
vt 0.800000012 0
vt 0.850000024 0
vt 0.899999976 0
vt 0.949999988 0
vt 1 0
vt 0 1
vt 0.0500000007 1
vt 0.100000001 1
vt 0.150000006 1
vt 0.200000003 1
vt 0.25 1
vt 0.300000012 1
vt 0.349999994 1
vt 0.400000006 1
vt 0.449999988 1
vt 0.5 1
vt 0.550000012 1
vt 0.600000024 1
vt 0.649999976 1
vt 0.699999988 1
vt 0.75 1
vt 0.800000012 1
vt 0.850000024 1
vt 0.899999976 1
vt 0.949999988 1
vt 1 1
vt 0 0.833333313
vt 0.0500000007 0.833333313
vt 0.100000001 0.833333313
vt 0.150000006 0.833333313
vt 0.200000003 0.833333313
vt 0.25 0.833333313
vt 0.300000012 0.833333313
vt 0.349999994 0.833333313
vt 0.400000006 0.833333313
vt 0.449999988 0.833333313
vt 0.5 0.833333313
vt 0.550000012 0.833333313
vt 0.600000024 0.833333313
vt 0.649999976 0.833333313
vt 0.699999988 0.833333313
vt 0.75 0.833333313
vt 0.800000012 0.833333313
vt 0.850000024 0.833333313
vt 0.899999976 0.833333313
vt 0.949999988 0.833333313
vt 1 0.833333313
vt 0 0.666666627
vt 0.0500000007 0.666666627
vt 0.100000001 0.666666627
vt 0.150000006 0.666666627
vt 0.200000003 0.666666627
vt 0.25 0.666666627
vt 0.300000012 0.666666627
vt 0.349999994 0.666666627
vt 0.400000006 0.666666627
vt 0.449999988 0.666666627
vt 0.5 0.666666627
vt 0.550000012 0.666666627
vt 0.600000024 0.666666627
vt 0.649999976 0.666666627
vt 0.699999988 0.666666627
vt 0.75 0.666666627
vt 0.800000012 0.666666627
vt 0.850000024 0.666666627
vt 0.899999976 0.666666627
vt 0.949999988 0.666666627
vt 1 0.666666627
vt 0 0.5
vt 0.0500000007 0.5
vt 0.100000001 0.5
vt 0.150000006 0.5
vt 0.200000003 0.5
vt 0.25 0.5
vt 0.300000012 0.5
vt 0.349999994 0.5
vt 0.400000006 0.5
vt 0.449999988 0.5
vt 0.5 0.5
vt 0.550000012 0.5
vt 0.600000024 0.5
vt 0.649999976 0.5
vt 0.699999988 0.5
vt 0.75 0.5
vt 0.800000012 0.5
vt 0.850000024 0.5
vt 0.899999976 0.5
vt 0.949999988 0.5
vt 1 0.5
vt 0 0.333333313
vt 0.0500000007 0.333333313
vt 0.100000001 0.333333313
vt 0.150000006 0.333333313
vt 0.200000003 0.333333313
vt 0.25 0.333333313
vt 0.300000012 0.333333313
vt 0.349999994 0.333333313
vt 0.400000006 0.333333313
vt 0.449999988 0.333333313
vt 0.5 0.333333313
vt 0.550000012 0.333333313
vt 0.600000024 0.333333313
vt 0.649999976 0.333333313
vt 0.699999988 0.333333313
vt 0.75 0.333333313
vt 0.800000012 0.333333313
vt 0.850000024 0.333333313
vt 0.899999976 0.333333313
vt 0.949999988 0.333333313
vt 1 0.333333313
vt 0 0.166666687
vt 0.0500000007 0.166666687
vt 0.100000001 0.166666687
vt 0.150000006 0.166666687
vt 0.200000003 0.166666687
vt 0.25 0.166666687
vt 0.300000012 0.166666687
vt 0.349999994 0.166666687
vt 0.400000006 0.166666687
vt 0.449999988 0.166666687
vt 0.5 0.166666687
vt 0.550000012 0.166666687
vt 0.600000024 0.166666687
vt 0.649999976 0.166666687
vt 0.699999988 0.166666687
vt 0.75 0.166666687
vt 0.800000012 0.166666687
vt 0.850000024 0.166666687
vt 0.899999976 0.166666687
vt 0.949999988 0.166666687
vt 1 0.166666687
vt 0 0
vt 0.0500000007 0
vt 0.100000001 0
vt 0.150000006 0
vt 0.200000003 0
vt 0.25 0
vt 0.300000012 0
vt 0.349999994 0
vt 0.400000006 0
vt 0.449999988 0
vt 0.5 0
vt 0.550000012 0
vt 0.600000024 0
vt 0.649999976 0
vt 0.699999988 0
vt 0.75 0
vt 0.800000012 0
vt 0.850000024 0
vt 0.899999976 0
vt 0.949999988 0
vt 1 0
vt 0 1
vt 0.0500000007 1
vt 0.100000001 1
vt 0.150000006 1
vt 0.200000003 1
vt 0.25 1
vt 0.300000012 1
vt 0.349999994 1
vt 0.400000006 1
vt 0.449999988 1
vt 0.5 1
vt 0.550000012 1
vt 0.600000024 1
vt 0.649999976 1
vt 0.699999988 1
vt 0.75 1
vt 0.800000012 1
vt 0.850000024 1
vt 0.899999976 1
vt 0.949999988 1
vt 1 1
vt 0 0.875
vt 0.0500000007 0.875
vt 0.100000001 0.875
vt 0.150000006 0.875
vt 0.200000003 0.875
vt 0.25 0.875
vt 0.300000012 0.875
vt 0.349999994 0.875
vt 0.400000006 0.875
vt 0.449999988 0.875
vt 0.5 0.875
vt 0.550000012 0.875
vt 0.600000024 0.875
vt 0.649999976 0.875
vt 0.699999988 0.875
vt 0.75 0.875
vt 0.800000012 0.875
vt 0.850000024 0.875
vt 0.899999976 0.875
vt 0.949999988 0.875
vt 1 0.875
vt 0 0.75
vt 0.0500000007 0.75
vt 0.100000001 0.75
vt 0.150000006 0.75
vt 0.200000003 0.75
vt 0.25 0.75
vt 0.300000012 0.75
vt 0.349999994 0.75
vt 0.400000006 0.75
vt 0.449999988 0.75
vt 0.5 0.75
vt 0.550000012 0.75
vt 0.600000024 0.75
vt 0.649999976 0.75
vt 0.699999988 0.75
vt 0.75 0.75
vt 0.800000012 0.75
vt 0.850000024 0.75
vt 0.899999976 0.75
vt 0.949999988 0.75
vt 1 0.75
vt 0 0.625
vt 0.0500000007 0.625
vt 0.100000001 0.625
vt 0.150000006 0.625
vt 0.200000003 0.625
vt 0.25 0.625
vt 0.300000012 0.625
vt 0.349999994 0.625
vt 0.400000006 0.625
vt 0.449999988 0.625
vt 0.5 0.625
vt 0.550000012 0.625
vt 0.600000024 0.625
vt 0.649999976 0.625
vt 0.699999988 0.625
vt 0.75 0.625
vt 0.800000012 0.625
vt 0.850000024 0.625
vt 0.899999976 0.625
vt 0.949999988 0.625
vt 1 0.625
vt 0 0.5
vt 0.0500000007 0.5
vt 0.100000001 0.5
vt 0.150000006 0.5
vt 0.200000003 0.5
vt 0.25 0.5
vt 0.300000012 0.5
vt 0.349999994 0.5
vt 0.400000006 0.5
vt 0.449999988 0.5
vt 0.5 0.5
vt 0.550000012 0.5
vt 0.600000024 0.5
vt 0.649999976 0.5
vt 0.699999988 0.5
vt 0.75 0.5
vt 0.800000012 0.5
vt 0.850000024 0.5
vt 0.899999976 0.5
vt 0.949999988 0.5
vt 1 0.5
vt 0 0.375
vt 0.0500000007 0.375
vt 0.100000001 0.375
vt 0.150000006 0.375
vt 0.200000003 0.375
vt 0.25 0.375
vt 0.300000012 0.375
vt 0.349999994 0.375
vt 0.400000006 0.375
vt 0.449999988 0.375
vt 0.5 0.375
vt 0.550000012 0.375
vt 0.600000024 0.375
vt 0.649999976 0.375
vt 0.699999988 0.375
vt 0.75 0.375
vt 0.800000012 0.375
vt 0.850000024 0.375
vt 0.899999976 0.375
vt 0.949999988 0.375
vt 1 0.375
vt 0 0.25
vt 0.0500000007 0.25
vt 0.100000001 0.25
vt 0.150000006 0.25
vt 0.200000003 0.25
vt 0.25 0.25
vt 0.300000012 0.25
vt 0.349999994 0.25
vt 0.400000006 0.25
vt 0.449999988 0.25
vt 0.5 0.25
vt 0.550000012 0.25
vt 0.600000024 0.25
vt 0.649999976 0.25
vt 0.699999988 0.25
vt 0.75 0.25
vt 0.800000012 0.25
vt 0.850000024 0.25
vt 0.899999976 0.25
vt 0.949999988 0.25
vt 1 0.25
vt 0 0.125
vt 0.0500000007 0.125
vt 0.100000001 0.125
vt 0.150000006 0.125
vt 0.200000003 0.125
vt 0.25 0.125
vt 0.300000012 0.125
vt 0.349999994 0.125
vt 0.400000006 0.125
vt 0.449999988 0.125
vt 0.5 0.125
vt 0.550000012 0.125
vt 0.600000024 0.125
vt 0.649999976 0.125
vt 0.699999988 0.125
vt 0.75 0.125
vt 0.800000012 0.125
vt 0.850000024 0.125
vt 0.899999976 0.125
vt 0.949999988 0.125
vt 1 0.125
vt 0 0
vt 0.0500000007 0
vt 0.100000001 0
vt 0.150000006 0
vt 0.200000003 0
vt 0.25 0
vt 0.300000012 0
vt 0.349999994 0
vt 0.400000006 0
vt 0.449999988 0
vt 0.5 0
vt 0.550000012 0
vt 0.600000024 0
vt 0.649999976 0
vt 0.699999988 0
vt 0.75 0
vt 0.800000012 0
vt 0.850000024 0
vt 0.899999976 0
vt 0.949999988 0
vt 1 0
vt 0 1
vt 0.0500000007 1
vt 0.100000001 1
vt 0.150000006 1
vt 0.200000003 1
vt 0.25 1
vt 0.300000012 1
vt 0.349999994 1
vt 0.400000006 1
vt 0.449999988 1
vt 0.5 1
vt 0.550000012 1
vt 0.600000024 1
vt 0.649999976 1
vt 0.699999988 1
vt 0.75 1
vt 0.800000012 1
vt 0.850000024 1
vt 0.899999976 1
vt 0.949999988 1
vt 1 1
vt 0 0.875
vt 0.0500000007 0.875
vt 0.100000001 0.875
vt 0.150000006 0.875
vt 0.200000003 0.875
vt 0.25 0.875
vt 0.300000012 0.875
vt 0.349999994 0.875
vt 0.400000006 0.875
vt 0.449999988 0.875
vt 0.5 0.875
vt 0.550000012 0.875
vt 0.600000024 0.875
vt 0.649999976 0.875
vt 0.699999988 0.875
vt 0.75 0.875
vt 0.800000012 0.875
vt 0.850000024 0.875
vt 0.899999976 0.875
vt 0.949999988 0.875
vt 1 0.875
vt 0 0.75
vt 0.0500000007 0.75
vt 0.100000001 0.75
vt 0.150000006 0.75
vt 0.200000003 0.75
vt 0.25 0.75
vt 0.300000012 0.75
vt 0.349999994 0.75
vt 0.400000006 0.75
vt 0.449999988 0.75
vt 0.5 0.75
vt 0.550000012 0.75
vt 0.600000024 0.75
vt 0.649999976 0.75
vt 0.699999988 0.75
vt 0.75 0.75
vt 0.800000012 0.75
vt 0.850000024 0.75
vt 0.899999976 0.75
vt 0.949999988 0.75
vt 1 0.75
vt 0 0.625
vt 0.0500000007 0.625
vt 0.100000001 0.625
vt 0.150000006 0.625
vt 0.200000003 0.625
vt 0.25 0.625
vt 0.300000012 0.625
vt 0.349999994 0.625
vt 0.400000006 0.625
vt 0.449999988 0.625
vt 0.5 0.625
vt 0.550000012 0.625
vt 0.600000024 0.625
vt 0.649999976 0.625
vt 0.699999988 0.625
vt 0.75 0.625
vt 0.800000012 0.625
vt 0.850000024 0.625
vt 0.899999976 0.625
vt 0.949999988 0.625
vt 1 0.625
vt 0 0.5
vt 0.0500000007 0.5
vt 0.100000001 0.5
vt 0.150000006 0.5
vt 0.200000003 0.5
vt 0.25 0.5
vt 0.300000012 0.5
vt 0.349999994 0.5
vt 0.400000006 0.5
vt 0.449999988 0.5
vt 0.5 0.5
vt 0.550000012 0.5
vt 0.600000024 0.5
vt 0.649999976 0.5
vt 0.699999988 0.5
vt 0.75 0.5
vt 0.800000012 0.5
vt 0.850000024 0.5
vt 0.899999976 0.5
vt 0.949999988 0.5
vt 1 0.5
vt 0 0.375
vt 0.0500000007 0.375
vt 0.100000001 0.375
vt 0.150000006 0.375
vt 0.200000003 0.375
vt 0.25 0.375
vt 0.300000012 0.375
vt 0.349999994 0.375
vt 0.400000006 0.375
vt 0.449999988 0.375
vt 0.5 0.375
vt 0.550000012 0.375
vt 0.600000024 0.375
vt 0.649999976 0.375
vt 0.699999988 0.375
vt 0.75 0.375
vt 0.800000012 0.375
vt 0.850000024 0.375
vt 0.899999976 0.375
vt 0.949999988 0.375
vt 1 0.375
vt 0 0.25
vt 0.0500000007 0.25
vt 0.100000001 0.25
vt 0.150000006 0.25
vt 0.200000003 0.25
vt 0.25 0.25
vt 0.300000012 0.25
vt 0.349999994 0.25
vt 0.400000006 0.25
vt 0.449999988 0.25
vt 0.5 0.25
vt 0.550000012 0.25
vt 0.600000024 0.25
vt 0.649999976 0.25
vt 0.699999988 0.25
vt 0.75 0.25
vt 0.800000012 0.25
vt 0.850000024 0.25
vt 0.899999976 0.25
vt 0.949999988 0.25
vt 1 0.25
vt 0 0.125
vt 0.0500000007 0.125
vt 0.100000001 0.125
vt 0.150000006 0.125
vt 0.200000003 0.125
vt 0.25 0.125
vt 0.300000012 0.125
vt 0.349999994 0.125
vt 0.400000006 0.125
vt 0.449999988 0.125
vt 0.5 0.125
vt 0.550000012 0.125
vt 0.600000024 0.125
vt 0.649999976 0.125
vt 0.699999988 0.125
vt 0.75 0.125
vt 0.800000012 0.125
vt 0.850000024 0.125
vt 0.899999976 0.125
vt 0.949999988 0.125
vt 1 0.125
vt 0 0
vt 0.0500000007 0
vt 0.100000001 0
vt 0.150000006 0
vt 0.200000003 0
vt 0.25 0
vt 0.300000012 0
vt 0.349999994 0
vt 0.400000006 0
vt 0.449999988 0
vt 0.5 0
vt 0.550000012 0
vt 0.600000024 0
vt 0.649999976 0
vt 0.699999988 0
vt 0.75 0
vt 0.800000012 0
vt 0.850000024 0
vt 0.899999976 0
vt 0.949999988 0
vt 1 0
vt 0 1
vt 0.0500000007 1
vt 0.100000001 1
vt 0.150000006 1
vt 0.200000003 1
vt 0.25 1
vt 0.300000012 1
vt 0.349999994 1
vt 0.400000006 1
vt 0.449999988 1
vt 0.5 1
vt 0.550000012 1
vt 0.600000024 1
vt 0.649999976 1
vt 0.699999988 1
vt 0.75 1
vt 0.800000012 1
vt 0.850000024 1
vt 0.899999976 1
vt 0.949999988 1
vt 1 1
vt 0 0.833333313
vt 0.0500000007 0.833333313
vt 0.100000001 0.833333313
vt 0.150000006 0.833333313
vt 0.200000003 0.833333313
vt 0.25 0.833333313
vt 0.300000012 0.833333313
vt 0.349999994 0.833333313
vt 0.400000006 0.833333313
vt 0.449999988 0.833333313
vt 0.5 0.833333313
vt 0.550000012 0.833333313
vt 0.600000024 0.833333313
vt 0.649999976 0.833333313
vt 0.699999988 0.833333313
vt 0.75 0.833333313
vt 0.800000012 0.833333313
vt 0.850000024 0.833333313
vt 0.899999976 0.833333313
vt 0.949999988 0.833333313
vt 1 0.833333313
vt 0 0.666666627
vt 0.0500000007 0.666666627
vt 0.100000001 0.666666627
vt 0.150000006 0.666666627
vt 0.200000003 0.666666627
vt 0.25 0.666666627
vt 0.300000012 0.666666627
vt 0.349999994 0.666666627
vt 0.400000006 0.666666627
vt 0.449999988 0.666666627
vt 0.5 0.666666627
vt 0.550000012 0.666666627
vt 0.600000024 0.666666627
vt 0.649999976 0.666666627
vt 0.699999988 0.666666627
vt 0.75 0.666666627
vt 0.800000012 0.666666627
vt 0.850000024 0.666666627
vt 0.899999976 0.666666627
vt 0.949999988 0.666666627
vt 1 0.666666627
vt 0 0.5
vt 0.0500000007 0.5
vt 0.100000001 0.5
vt 0.150000006 0.5
vt 0.200000003 0.5
vt 0.25 0.5
vt 0.300000012 0.5
vt 0.349999994 0.5
vt 0.400000006 0.5
vt 0.449999988 0.5
vt 0.5 0.5
vt 0.550000012 0.5
vt 0.600000024 0.5
vt 0.649999976 0.5
vt 0.699999988 0.5
vt 0.75 0.5
vt 0.800000012 0.5
vt 0.850000024 0.5
vt 0.899999976 0.5
vt 0.949999988 0.5
vt 1 0.5
vt 0 0.333333313
vt 0.0500000007 0.333333313
vt 0.100000001 0.333333313
vt 0.150000006 0.333333313
vt 0.200000003 0.333333313
vt 0.25 0.333333313
vt 0.300000012 0.333333313
vt 0.349999994 0.333333313
vt 0.400000006 0.333333313
vt 0.449999988 0.333333313
vt 0.5 0.333333313
vt 0.550000012 0.333333313
vt 0.600000024 0.333333313
vt 0.649999976 0.333333313
vt 0.699999988 0.333333313
vt 0.75 0.333333313
vt 0.800000012 0.333333313
vt 0.850000024 0.333333313
vt 0.899999976 0.333333313
vt 0.949999988 0.333333313
vt 1 0.333333313
vt 0 0.166666687
vt 0.0500000007 0.166666687
vt 0.100000001 0.166666687
vt 0.150000006 0.166666687
vt 0.200000003 0.166666687
vt 0.25 0.166666687
vt 0.300000012 0.166666687
vt 0.349999994 0.166666687
vt 0.400000006 0.166666687
vt 0.449999988 0.166666687
vt 0.5 0.166666687
vt 0.550000012 0.166666687
vt 0.600000024 0.166666687
vt 0.649999976 0.166666687
vt 0.699999988 0.166666687
vt 0.75 0.166666687
vt 0.800000012 0.166666687
vt 0.850000024 0.166666687
vt 0.899999976 0.166666687
vt 0.949999988 0.166666687
vt 1 0.166666687
vt 0 0
vt 0.0500000007 0
vt 0.100000001 0
vt 0.150000006 0
vt 0.200000003 0
vt 0.25 0
vt 0.300000012 0
vt 0.349999994 0
vt 0.400000006 0
vt 0.449999988 0
vt 0.5 0
vt 0.550000012 0
vt 0.600000024 0
vt 0.649999976 0
vt 0.699999988 0
vt 0.75 0
vt 0.800000012 0
vt 0.850000024 0
vt 0.899999976 0
vt 0.949999988 0
vt 1 0
vt 0 1
vt 0.0500000007 1
vt 0.100000001 1
vt 0.150000006 1
vt 0.200000003 1
vt 0.25 1
vt 0.300000012 1
vt 0.349999994 1
vt 0.400000006 1
vt 0.449999988 1
vt 0.5 1
vt 0.550000012 1
vt 0.600000024 1
vt 0.649999976 1
vt 0.699999988 1
vt 0.75 1
vt 0.800000012 1
vt 0.850000024 1
vt 0.899999976 1
vt 0.949999988 1
vt 1 1
vt 0 0.833333313
vt 0.0500000007 0.833333313
vt 0.100000001 0.833333313
vt 0.150000006 0.833333313
vt 0.200000003 0.833333313
vt 0.25 0.833333313
vt 0.300000012 0.833333313
vt 0.349999994 0.833333313
vt 0.400000006 0.833333313
vt 0.449999988 0.833333313
vt 0.5 0.833333313
vt 0.550000012 0.833333313
vt 0.600000024 0.833333313
vt 0.649999976 0.833333313
vt 0.699999988 0.833333313
vt 0.75 0.833333313
vt 0.800000012 0.833333313
vt 0.850000024 0.833333313
vt 0.899999976 0.833333313
vt 0.949999988 0.833333313
vt 1 0.833333313
vt 0 0.666666627
vt 0.0500000007 0.666666627
vt 0.100000001 0.666666627
vt 0.150000006 0.666666627
vt 0.200000003 0.666666627
vt 0.25 0.666666627
vt 0.300000012 0.666666627
vt 0.349999994 0.666666627
vt 0.400000006 0.666666627
vt 0.449999988 0.666666627
vt 0.5 0.666666627
vt 0.550000012 0.666666627
vt 0.600000024 0.666666627
vt 0.649999976 0.666666627
vt 0.699999988 0.666666627
vt 0.75 0.666666627
vt 0.800000012 0.666666627
vt 0.850000024 0.666666627
vt 0.899999976 0.666666627
vt 0.949999988 0.666666627
vt 1 0.666666627
vt 0 0.5
vt 0.0500000007 0.5
vt 0.100000001 0.5
vt 0.150000006 0.5
vt 0.200000003 0.5
vt 0.25 0.5
vt 0.300000012 0.5
vt 0.349999994 0.5
vt 0.400000006 0.5
vt 0.449999988 0.5
vt 0.5 0.5
vt 0.550000012 0.5
vt 0.600000024 0.5
vt 0.649999976 0.5
vt 0.699999988 0.5
vt 0.75 0.5
vt 0.800000012 0.5
vt 0.850000024 0.5
vt 0.899999976 0.5
vt 0.949999988 0.5
vt 1 0.5
vt 0 0.333333313
vt 0.0500000007 0.333333313
vt 0.100000001 0.333333313
vt 0.150000006 0.333333313
vt 0.200000003 0.333333313
vt 0.25 0.333333313
vt 0.300000012 0.333333313
vt 0.349999994 0.333333313
vt 0.400000006 0.333333313
vt 0.449999988 0.333333313
vt 0.5 0.333333313
vt 0.550000012 0.333333313
vt 0.600000024 0.333333313
vt 0.649999976 0.333333313
vt 0.699999988 0.333333313
vt 0.75 0.333333313
vt 0.800000012 0.333333313
vt 0.850000024 0.333333313
vt 0.899999976 0.333333313
vt 0.949999988 0.333333313
vt 1 0.333333313
vt 0 0.166666687
vt 0.0500000007 0.166666687
vt 0.100000001 0.166666687
vt 0.150000006 0.166666687
vt 0.200000003 0.166666687
vt 0.25 0.166666687
vt 0.300000012 0.166666687
vt 0.349999994 0.166666687
vt 0.400000006 0.166666687
vt 0.449999988 0.166666687
vt 0.5 0.166666687
vt 0.550000012 0.166666687
vt 0.600000024 0.166666687
vt 0.649999976 0.166666687
vt 0.699999988 0.166666687
vt 0.75 0.166666687
vt 0.800000012 0.166666687
vt 0.850000024 0.166666687
vt 0.899999976 0.166666687
vt 0.949999988 0.166666687
vt 1 0.166666687
vt 0 0
vt 0.0500000007 0
vt 0.100000001 0
vt 0.150000006 0
vt 0.200000003 0
vt 0.25 0
vt 0.300000012 0
vt 0.349999994 0
vt 0.400000006 0
vt 0.449999988 0
vt 0.5 0
vt 0.550000012 0
vt 0.600000024 0
vt 0.649999976 0
vt 0.699999988 0
vt 0.75 0
vt 0.800000012 0
vt 0.850000024 0
vt 0.899999976 0
vt 0.949999988 0
vt 1 0
vt 0 1
vt 0.0500000007 1
vt 0.100000001 1
vt 0.150000006 1
vt 0.200000003 1
vt 0.25 1
vt 0.300000012 1
vt 0.349999994 1
vt 0.400000006 1
vt 0.449999988 1
vt 0.5 1
vt 0.550000012 1
vt 0.600000024 1
vt 0.649999976 1
vt 0.699999988 1
vt 0.75 1
vt 0.800000012 1
vt 0.850000024 1
vt 0.899999976 1
vt 0.949999988 1
vt 1 1
vt 0 0.875
vt 0.0500000007 0.875
vt 0.100000001 0.875
vt 0.150000006 0.875
vt 0.200000003 0.875
vt 0.25 0.875
vt 0.300000012 0.875
vt 0.349999994 0.875
vt 0.400000006 0.875
vt 0.449999988 0.875
vt 0.5 0.875
vt 0.550000012 0.875
vt 0.600000024 0.875
vt 0.649999976 0.875
vt 0.699999988 0.875
vt 0.75 0.875
vt 0.800000012 0.875
vt 0.850000024 0.875
vt 0.899999976 0.875
vt 0.949999988 0.875
vt 1 0.875
vt 0 0.75
vt 0.0500000007 0.75
vt 0.100000001 0.75
vt 0.150000006 0.75
vt 0.200000003 0.75
vt 0.25 0.75
vt 0.300000012 0.75
vt 0.349999994 0.75
vt 0.400000006 0.75
vt 0.449999988 0.75
vt 0.5 0.75
vt 0.550000012 0.75
vt 0.600000024 0.75
vt 0.649999976 0.75
vt 0.699999988 0.75
vt 0.75 0.75
vt 0.800000012 0.75
vt 0.850000024 0.75
vt 0.899999976 0.75
vt 0.949999988 0.75
vt 1 0.75
vt 0 0.625
vt 0.0500000007 0.625
vt 0.100000001 0.625
vt 0.150000006 0.625
vt 0.200000003 0.625
vt 0.25 0.625
vt 0.300000012 0.625
vt 0.349999994 0.625
vt 0.400000006 0.625
vt 0.449999988 0.625
vt 0.5 0.625
vt 0.550000012 0.625
vt 0.600000024 0.625
vt 0.649999976 0.625
vt 0.699999988 0.625
vt 0.75 0.625
vt 0.800000012 0.625
vt 0.850000024 0.625
vt 0.899999976 0.625
vt 0.949999988 0.625
vt 1 0.625
vt 0 0.5
vt 0.0500000007 0.5
vt 0.100000001 0.5
vt 0.150000006 0.5
vt 0.200000003 0.5
vt 0.25 0.5
vt 0.300000012 0.5
vt 0.349999994 0.5
vt 0.400000006 0.5
vt 0.449999988 0.5
vt 0.5 0.5
vt 0.550000012 0.5
vt 0.600000024 0.5
vt 0.649999976 0.5
vt 0.699999988 0.5
vt 0.75 0.5
vt 0.800000012 0.5
vt 0.850000024 0.5
vt 0.899999976 0.5
vt 0.949999988 0.5
vt 1 0.5
vt 0 0.375
vt 0.0500000007 0.375
vt 0.100000001 0.375
vt 0.150000006 0.375
vt 0.200000003 0.375
vt 0.25 0.375
vt 0.300000012 0.375
vt 0.349999994 0.375
vt 0.400000006 0.375
vt 0.449999988 0.375
vt 0.5 0.375
vt 0.550000012 0.375
vt 0.600000024 0.375
vt 0.649999976 0.375
vt 0.699999988 0.375
vt 0.75 0.375
vt 0.800000012 0.375
vt 0.850000024 0.375
vt 0.899999976 0.375
vt 0.949999988 0.375
vt 1 0.375
vt 0 0.25
vt 0.0500000007 0.25
vt 0.100000001 0.25
vt 0.150000006 0.25
vt 0.200000003 0.25
vt 0.25 0.25
vt 0.300000012 0.25
vt 0.349999994 0.25
vt 0.400000006 0.25
vt 0.449999988 0.25
vt 0.5 0.25
vt 0.550000012 0.25
vt 0.600000024 0.25
vt 0.649999976 0.25
vt 0.699999988 0.25
vt 0.75 0.25
vt 0.800000012 0.25
vt 0.850000024 0.25
vt 0.899999976 0.25
vt 0.949999988 0.25
vt 1 0.25
vt 0 0.125
vt 0.0500000007 0.125
vt 0.100000001 0.125
vt 0.150000006 0.125
vt 0.200000003 0.125
vt 0.25 0.125
vt 0.300000012 0.125
vt 0.349999994 0.125
vt 0.400000006 0.125
vt 0.449999988 0.125
vt 0.5 0.125
vt 0.550000012 0.125
vt 0.600000024 0.125
vt 0.649999976 0.125
vt 0.699999988 0.125
vt 0.75 0.125
vt 0.800000012 0.125
vt 0.850000024 0.125
vt 0.899999976 0.125
vt 0.949999988 0.125
vt 1 0.125
vt 0 0
vt 0.0500000007 0
vt 0.100000001 0
vt 0.150000006 0
vt 0.200000003 0
vt 0.25 0
vt 0.300000012 0
vt 0.349999994 0
vt 0.400000006 0
vt 0.449999988 0
vt 0.5 0
vt 0.550000012 0
vt 0.600000024 0
vt 0.649999976 0
vt 0.699999988 0
vt 0.75 0
vt 0.800000012 0
vt 0.850000024 0
vt 0.899999976 0
vt 0.949999988 0
vt 1 0
vt 0 1
vt 0.0500000007 1
vt 0.100000001 1
vt 0.150000006 1
vt 0.200000003 1
vt 0.25 1
vt 0.300000012 1
vt 0.349999994 1
vt 0.400000006 1
vt 0.449999988 1
vt 0.5 1
vt 0.550000012 1
vt 0.600000024 1
vt 0.649999976 1
vt 0.699999988 1
vt 0.75 1
vt 0.800000012 1
vt 0.850000024 1
vt 0.899999976 1
vt 0.949999988 1
vt 1 1
vt 0 0.875
vt 0.0500000007 0.875
vt 0.100000001 0.875
vt 0.150000006 0.875
vt 0.200000003 0.875
vt 0.25 0.875
vt 0.300000012 0.875
vt 0.349999994 0.875
vt 0.400000006 0.875
vt 0.449999988 0.875
vt 0.5 0.875
vt 0.550000012 0.875
vt 0.600000024 0.875
vt 0.649999976 0.875
vt 0.699999988 0.875
vt 0.75 0.875
vt 0.800000012 0.875
vt 0.850000024 0.875
vt 0.899999976 0.875
vt 0.949999988 0.875
vt 1 0.875
vt 0 0.75
vt 0.0500000007 0.75
vt 0.100000001 0.75
vt 0.150000006 0.75
vt 0.200000003 0.75
vt 0.25 0.75
vt 0.300000012 0.75
vt 0.349999994 0.75
vt 0.400000006 0.75
vt 0.449999988 0.75
vt 0.5 0.75
vt 0.550000012 0.75
vt 0.600000024 0.75
vt 0.649999976 0.75
vt 0.699999988 0.75
vt 0.75 0.75
vt 0.800000012 0.75
vt 0.850000024 0.75
vt 0.899999976 0.75
vt 0.949999988 0.75
vt 1 0.75
vt 0 0.625
vt 0.0500000007 0.625
vt 0.100000001 0.625
vt 0.150000006 0.625
vt 0.200000003 0.625
vt 0.25 0.625
vt 0.300000012 0.625
vt 0.349999994 0.625
vt 0.400000006 0.625
vt 0.449999988 0.625
vt 0.5 0.625
vt 0.550000012 0.625
vt 0.600000024 0.625
vt 0.649999976 0.625
vt 0.699999988 0.625
vt 0.75 0.625
vt 0.800000012 0.625
vt 0.850000024 0.625
vt 0.899999976 0.625
vt 0.949999988 0.625
vt 1 0.625
vt 0 0.5
vt 0.0500000007 0.5
vt 0.100000001 0.5
vt 0.150000006 0.5
vt 0.200000003 0.5
vt 0.25 0.5
vt 0.300000012 0.5
vt 0.349999994 0.5
vt 0.400000006 0.5
vt 0.449999988 0.5
vt 0.5 0.5
vt 0.550000012 0.5
vt 0.600000024 0.5
vt 0.649999976 0.5
vt 0.699999988 0.5
vt 0.75 0.5
vt 0.800000012 0.5
vt 0.850000024 0.5
vt 0.899999976 0.5
vt 0.949999988 0.5
vt 1 0.5
vt 0 0.375
vt 0.0500000007 0.375
vt 0.100000001 0.375
vt 0.150000006 0.375
vt 0.200000003 0.375
vt 0.25 0.375
vt 0.300000012 0.375
vt 0.349999994 0.375
vt 0.400000006 0.375
vt 0.449999988 0.375
vt 0.5 0.375
vt 0.550000012 0.375
vt 0.600000024 0.375
vt 0.649999976 0.375
vt 0.699999988 0.375
vt 0.75 0.375
vt 0.800000012 0.375
vt 0.850000024 0.375
vt 0.899999976 0.375
vt 0.949999988 0.375
vt 1 0.375
vt 0 0.25
vt 0.0500000007 0.25
vt 0.100000001 0.25
vt 0.150000006 0.25
vt 0.200000003 0.25
vt 0.25 0.25
vt 0.300000012 0.25
vt 0.349999994 0.25
vt 0.400000006 0.25
vt 0.449999988 0.25
vt 0.5 0.25
vt 0.550000012 0.25
vt 0.600000024 0.25
vt 0.649999976 0.25
vt 0.699999988 0.25
vt 0.75 0.25
vt 0.800000012 0.25
vt 0.850000024 0.25
vt 0.899999976 0.25
vt 0.949999988 0.25
vt 1 0.25
vt 0 0.125
vt 0.0500000007 0.125
vt 0.100000001 0.125
vt 0.150000006 0.125
vt 0.200000003 0.125
vt 0.25 0.125
vt 0.300000012 0.125
vt 0.349999994 0.125
vt 0.400000006 0.125
vt 0.449999988 0.125
vt 0.5 0.125
vt 0.550000012 0.125
vt 0.600000024 0.125
vt 0.649999976 0.125
vt 0.699999988 0.125
vt 0.75 0.125
vt 0.800000012 0.125
vt 0.850000024 0.125
vt 0.899999976 0.125
vt 0.949999988 0.125
vt 1 0.125
vt 0 0
vt 0.0500000007 0
vt 0.100000001 0
vt 0.150000006 0
vt 0.200000003 0
vt 0.25 0
vt 0.300000012 0
vt 0.349999994 0
vt 0.400000006 0
vt 0.449999988 0
vt 0.5 0
vt 0.550000012 0
vt 0.600000024 0
vt 0.649999976 0
vt 0.699999988 0
vt 0.75 0
vt 0.800000012 0
vt 0.850000024 0
vt 0.899999976 0
vt 0.949999988 0
vt 1 0
vt 0 1
vt 0.0500000007 1
vt 0.100000001 1
vt 0.150000006 1
vt 0.200000003 1
vt 0.25 1
vt 0.300000012 1
vt 0.349999994 1
vt 0.400000006 1
vt 0.449999988 1
vt 0.5 1
vt 0.550000012 1
vt 0.600000024 1
vt 0.649999976 1
vt 0.699999988 1
vt 0.75 1
vt 0.800000012 1
vt 0.850000024 1
vt 0.899999976 1
vt 0.949999988 1
vt 1 1
vt 0 0.833333313
vt 0.0500000007 0.833333313
vt 0.100000001 0.833333313
vt 0.150000006 0.833333313
vt 0.200000003 0.833333313
vt 0.25 0.833333313
vt 0.300000012 0.833333313
vt 0.349999994 0.833333313
vt 0.400000006 0.833333313
vt 0.449999988 0.833333313
vt 0.5 0.833333313
vt 0.550000012 0.833333313
vt 0.600000024 0.833333313
vt 0.649999976 0.833333313
vt 0.699999988 0.833333313
vt 0.75 0.833333313
vt 0.800000012 0.833333313
vt 0.850000024 0.833333313
vt 0.899999976 0.833333313
vt 0.949999988 0.833333313
vt 1 0.833333313
vt 0 0.666666627
vt 0.0500000007 0.666666627
vt 0.100000001 0.666666627
vt 0.150000006 0.666666627
vt 0.200000003 0.666666627
vt 0.25 0.666666627
vt 0.300000012 0.666666627
vt 0.349999994 0.666666627
vt 0.400000006 0.666666627
vt 0.449999988 0.666666627
vt 0.5 0.666666627
vt 0.550000012 0.666666627
vt 0.600000024 0.666666627
vt 0.649999976 0.666666627
vt 0.699999988 0.666666627
vt 0.75 0.666666627
vt 0.800000012 0.666666627
vt 0.850000024 0.666666627
vt 0.899999976 0.666666627
vt 0.949999988 0.666666627
vt 1 0.666666627
vt 0 0.5
vt 0.0500000007 0.5
vt 0.100000001 0.5
vt 0.150000006 0.5
vt 0.200000003 0.5
vt 0.25 0.5
vt 0.300000012 0.5
vt 0.349999994 0.5
vt 0.400000006 0.5
vt 0.449999988 0.5
vt 0.5 0.5
vt 0.550000012 0.5
vt 0.600000024 0.5
vt 0.649999976 0.5
vt 0.699999988 0.5
vt 0.75 0.5
vt 0.800000012 0.5
vt 0.850000024 0.5
vt 0.899999976 0.5
vt 0.949999988 0.5
vt 1 0.5
vt 0 0.333333313
vt 0.0500000007 0.333333313
vt 0.100000001 0.333333313
vt 0.150000006 0.333333313
vt 0.200000003 0.333333313
vt 0.25 0.333333313
vt 0.300000012 0.333333313
vt 0.349999994 0.333333313
vt 0.400000006 0.333333313
vt 0.449999988 0.333333313
vt 0.5 0.333333313
vt 0.550000012 0.333333313
vt 0.600000024 0.333333313
vt 0.649999976 0.333333313
vt 0.699999988 0.333333313
vt 0.75 0.333333313
vt 0.800000012 0.333333313
vt 0.850000024 0.333333313
vt 0.899999976 0.333333313
vt 0.949999988 0.333333313
vt 1 0.333333313
vt 0 0.166666687
vt 0.0500000007 0.166666687
vt 0.100000001 0.166666687
vt 0.150000006 0.166666687
vt 0.200000003 0.166666687
vt 0.25 0.166666687
vt 0.300000012 0.166666687
vt 0.349999994 0.166666687
vt 0.400000006 0.166666687
vt 0.449999988 0.166666687
vt 0.5 0.166666687
vt 0.550000012 0.166666687
vt 0.600000024 0.166666687
vt 0.649999976 0.166666687
vt 0.699999988 0.166666687
vt 0.75 0.166666687
vt 0.800000012 0.166666687
vt 0.850000024 0.166666687
vt 0.899999976 0.166666687
vt 0.949999988 0.166666687
vt 1 0.166666687
vt 0 0
vt 0.0500000007 0
vt 0.100000001 0
vt 0.150000006 0
vt 0.200000003 0
vt 0.25 0
vt 0.300000012 0
vt 0.349999994 0
vt 0.400000006 0
vt 0.449999988 0
vt 0.5 0
vt 0.550000012 0
vt 0.600000024 0
vt 0.649999976 0
vt 0.699999988 0
vt 0.75 0
vt 0.800000012 0
vt 0.850000024 0
vt 0.899999976 0
vt 0.949999988 0
vt 1 0
vt 0 1
vt 0.0500000007 1
vt 0.100000001 1
vt 0.150000006 1
vt 0.200000003 1
vt 0.25 1
vt 0.300000012 1
vt 0.349999994 1
vt 0.400000006 1
vt 0.449999988 1
vt 0.5 1
vt 0.550000012 1
vt 0.600000024 1
vt 0.649999976 1
vt 0.699999988 1
vt 0.75 1
vt 0.800000012 1
vt 0.850000024 1
vt 0.899999976 1
vt 0.949999988 1
vt 1 1
vt 0 0.899999976
vt 0.0500000007 0.899999976
vt 0.100000001 0.899999976
vt 0.150000006 0.899999976
vt 0.200000003 0.899999976
vt 0.25 0.899999976
vt 0.300000012 0.899999976
vt 0.349999994 0.899999976
vt 0.400000006 0.899999976
vt 0.449999988 0.899999976
vt 0.5 0.899999976
vt 0.550000012 0.899999976
vt 0.600000024 0.899999976
vt 0.649999976 0.899999976
vt 0.699999988 0.899999976
vt 0.75 0.899999976
vt 0.800000012 0.899999976
vt 0.850000024 0.899999976
vt 0.899999976 0.899999976
vt 0.949999988 0.899999976
vt 1 0.899999976
vt 0 0.800000012
vt 0.0500000007 0.800000012
vt 0.100000001 0.800000012
vt 0.150000006 0.800000012
vt 0.200000003 0.800000012
vt 0.25 0.800000012
vt 0.300000012 0.800000012
vt 0.349999994 0.800000012
vt 0.400000006 0.800000012
vt 0.449999988 0.800000012
vt 0.5 0.800000012
vt 0.550000012 0.800000012
vt 0.600000024 0.800000012
vt 0.649999976 0.800000012
vt 0.699999988 0.800000012
vt 0.75 0.800000012
vt 0.800000012 0.800000012
vt 0.850000024 0.800000012
vt 0.899999976 0.800000012
vt 0.949999988 0.800000012
vt 1 0.800000012
vt 0 0.699999988
vt 0.0500000007 0.699999988
vt 0.100000001 0.699999988
vt 0.150000006 0.699999988
vt 0.200000003 0.699999988
vt 0.25 0.699999988
vt 0.300000012 0.699999988
vt 0.349999994 0.699999988
vt 0.400000006 0.699999988
vt 0.449999988 0.699999988
vt 0.5 0.699999988
vt 0.550000012 0.699999988
vt 0.600000024 0.699999988
vt 0.649999976 0.699999988
vt 0.699999988 0.699999988
vt 0.75 0.699999988
vt 0.800000012 0.699999988
vt 0.850000024 0.699999988
vt 0.899999976 0.699999988
vt 0.949999988 0.699999988
vt 1 0.699999988
vt 0 0.600000024
vt 0.0500000007 0.600000024
vt 0.100000001 0.600000024
vt 0.150000006 0.600000024
vt 0.200000003 0.600000024
vt 0.25 0.600000024
vt 0.300000012 0.600000024
vt 0.349999994 0.600000024
vt 0.400000006 0.600000024
vt 0.449999988 0.600000024
vt 0.5 0.600000024
vt 0.550000012 0.600000024
vt 0.600000024 0.600000024
vt 0.649999976 0.600000024
vt 0.699999988 0.600000024
vt 0.75 0.600000024
vt 0.800000012 0.600000024
vt 0.850000024 0.600000024
vt 0.899999976 0.600000024
vt 0.949999988 0.600000024
vt 1 0.600000024
vt 0 0.5
vt 0.0500000007 0.5
vt 0.100000001 0.5
vt 0.150000006 0.5
vt 0.200000003 0.5
vt 0.25 0.5
vt 0.300000012 0.5
vt 0.349999994 0.5
vt 0.400000006 0.5
vt 0.449999988 0.5
vt 0.5 0.5
vt 0.550000012 0.5
vt 0.600000024 0.5
vt 0.649999976 0.5
vt 0.699999988 0.5
vt 0.75 0.5
vt 0.800000012 0.5
vt 0.850000024 0.5
vt 0.899999976 0.5
vt 0.949999988 0.5
vt 1 0.5
vt 0 0.399999976
vt 0.0500000007 0.399999976
vt 0.100000001 0.399999976
vt 0.150000006 0.399999976
vt 0.200000003 0.399999976
vt 0.25 0.399999976
vt 0.300000012 0.399999976
vt 0.349999994 0.399999976
vt 0.400000006 0.399999976
vt 0.449999988 0.399999976
vt 0.5 0.399999976
vt 0.550000012 0.399999976
vt 0.600000024 0.399999976
vt 0.649999976 0.399999976
vt 0.699999988 0.399999976
vt 0.75 0.399999976
vt 0.800000012 0.399999976
vt 0.850000024 0.399999976
vt 0.899999976 0.399999976
vt 0.949999988 0.399999976
vt 1 0.399999976
vt 0 0.300000012
vt 0.0500000007 0.300000012
vt 0.100000001 0.300000012
vt 0.150000006 0.300000012
vt 0.200000003 0.300000012
vt 0.25 0.300000012
vt 0.300000012 0.300000012
vt 0.349999994 0.300000012
vt 0.400000006 0.300000012
vt 0.449999988 0.300000012
vt 0.5 0.300000012
vt 0.550000012 0.300000012
vt 0.600000024 0.300000012
vt 0.649999976 0.300000012
vt 0.699999988 0.300000012
vt 0.75 0.300000012
vt 0.800000012 0.300000012
vt 0.850000024 0.300000012
vt 0.899999976 0.300000012
vt 0.949999988 0.300000012
vt 1 0.300000012
vt 0 0.199999988
vt 0.0500000007 0.199999988
vt 0.100000001 0.199999988
vt 0.150000006 0.199999988
vt 0.200000003 0.199999988
vt 0.25 0.199999988
vt 0.300000012 0.199999988
vt 0.349999994 0.199999988
vt 0.400000006 0.199999988
vt 0.449999988 0.199999988
vt 0.5 0.199999988
vt 0.550000012 0.199999988
vt 0.600000024 0.199999988
vt 0.649999976 0.199999988
vt 0.699999988 0.199999988
vt 0.75 0.199999988
vt 0.800000012 0.199999988
vt 0.850000024 0.199999988
vt 0.899999976 0.199999988
vt 0.949999988 0.199999988
vt 1 0.199999988
vt 0 0.100000024
vt 0.0500000007 0.100000024
vt 0.100000001 0.100000024
vt 0.150000006 0.100000024
vt 0.200000003 0.100000024
vt 0.25 0.100000024
vt 0.300000012 0.100000024
vt 0.349999994 0.100000024
vt 0.400000006 0.100000024
vt 0.449999988 0.100000024
vt 0.5 0.100000024
vt 0.550000012 0.100000024
vt 0.600000024 0.100000024
vt 0.649999976 0.100000024
vt 0.699999988 0.100000024
vt 0.75 0.100000024
vt 0.800000012 0.100000024
vt 0.850000024 0.100000024
vt 0.899999976 0.100000024
vt 0.949999988 0.100000024
vt 1 0.100000024
vt 0 0
vt 0.0500000007 0
vt 0.100000001 0
vt 0.150000006 0
vt 0.200000003 0
vt 0.25 0
vt 0.300000012 0
vt 0.349999994 0
vt 0.400000006 0
vt 0.449999988 0
vt 0.5 0
vt 0.550000012 0
vt 0.600000024 0
vt 0.649999976 0
vt 0.699999988 0
vt 0.75 0
vt 0.800000012 0
vt 0.850000024 0
vt 0.899999976 0
vt 0.949999988 0
vt 1 0
vt 0 1
vt 0.0500000007 1
vt 0.100000001 1
vt 0.150000006 1
vt 0.200000003 1
vt 0.25 1
vt 0.300000012 1
vt 0.349999994 1
vt 0.400000006 1
vt 0.449999988 1
vt 0.5 1
vt 0.550000012 1
vt 0.600000024 1
vt 0.649999976 1
vt 0.699999988 1
vt 0.75 1
vt 0.800000012 1
vt 0.850000024 1
vt 0.899999976 1
vt 0.949999988 1
vt 1 1
vt 0 0.899999976
vt 0.0500000007 0.899999976
vt 0.100000001 0.899999976
vt 0.150000006 0.899999976
vt 0.200000003 0.899999976
vt 0.25 0.899999976
vt 0.300000012 0.899999976
vt 0.349999994 0.899999976
vt 0.400000006 0.899999976
vt 0.449999988 0.899999976
vt 0.5 0.899999976
vt 0.550000012 0.899999976
vt 0.600000024 0.899999976
vt 0.649999976 0.899999976
vt 0.699999988 0.899999976
vt 0.75 0.899999976
vt 0.800000012 0.899999976
vt 0.850000024 0.899999976
vt 0.899999976 0.899999976
vt 0.949999988 0.899999976
vt 1 0.899999976
vt 0 0.800000012
vt 0.0500000007 0.800000012
vt 0.100000001 0.800000012
vt 0.150000006 0.800000012
vt 0.200000003 0.800000012
vt 0.25 0.800000012
vt 0.300000012 0.800000012
vt 0.349999994 0.800000012
vt 0.400000006 0.800000012
vt 0.449999988 0.800000012
vt 0.5 0.800000012
vt 0.550000012 0.800000012
vt 0.600000024 0.800000012
vt 0.649999976 0.800000012
vt 0.699999988 0.800000012
vt 0.75 0.800000012
vt 0.800000012 0.800000012
vt 0.850000024 0.800000012
vt 0.899999976 0.800000012
vt 0.949999988 0.800000012
vt 1 0.800000012
vt 0 0.699999988
vt 0.0500000007 0.699999988
vt 0.100000001 0.699999988
vt 0.150000006 0.699999988
vt 0.200000003 0.699999988
vt 0.25 0.699999988
vt 0.300000012 0.699999988
vt 0.349999994 0.699999988
vt 0.400000006 0.699999988
vt 0.449999988 0.699999988
vt 0.5 0.699999988
vt 0.550000012 0.699999988
vt 0.600000024 0.699999988
vt 0.649999976 0.699999988
vt 0.699999988 0.699999988
vt 0.75 0.699999988
vt 0.800000012 0.699999988
vt 0.850000024 0.699999988
vt 0.899999976 0.699999988
vt 0.949999988 0.699999988
vt 1 0.699999988
vt 0 0.600000024
vt 0.0500000007 0.600000024
vt 0.100000001 0.600000024
vt 0.150000006 0.600000024
vt 0.200000003 0.600000024
vt 0.25 0.600000024
vt 0.300000012 0.600000024
vt 0.349999994 0.600000024
vt 0.400000006 0.600000024
vt 0.449999988 0.600000024
vt 0.5 0.600000024
vt 0.550000012 0.600000024
vt 0.600000024 0.600000024
vt 0.649999976 0.600000024
vt 0.699999988 0.600000024
vt 0.75 0.600000024
vt 0.800000012 0.600000024
vt 0.850000024 0.600000024
vt 0.899999976 0.600000024
vt 0.949999988 0.600000024
vt 1 0.600000024
vt 0 0.5
vt 0.0500000007 0.5
vt 0.100000001 0.5
vt 0.150000006 0.5
vt 0.200000003 0.5
vt 0.25 0.5
vt 0.300000012 0.5
vt 0.349999994 0.5
vt 0.400000006 0.5
vt 0.449999988 0.5
vt 0.5 0.5
vt 0.550000012 0.5
vt 0.600000024 0.5
vt 0.649999976 0.5
vt 0.699999988 0.5
vt 0.75 0.5
vt 0.800000012 0.5
vt 0.850000024 0.5
vt 0.899999976 0.5
vt 0.949999988 0.5
vt 1 0.5
vt 0 0.399999976
vt 0.0500000007 0.399999976
vt 0.100000001 0.399999976
vt 0.150000006 0.399999976
vt 0.200000003 0.399999976
vt 0.25 0.399999976
vt 0.300000012 0.399999976
vt 0.349999994 0.399999976
vt 0.400000006 0.399999976
vt 0.449999988 0.399999976
vt 0.5 0.399999976
vt 0.550000012 0.399999976
vt 0.600000024 0.399999976
vt 0.649999976 0.399999976
vt 0.699999988 0.399999976
vt 0.75 0.399999976
vt 0.800000012 0.399999976
vt 0.850000024 0.399999976
vt 0.899999976 0.399999976
vt 0.949999988 0.399999976
vt 1 0.399999976
vt 0 0.300000012
vt 0.0500000007 0.300000012
vt 0.100000001 0.300000012
vt 0.150000006 0.300000012
vt 0.200000003 0.300000012
vt 0.25 0.300000012
vt 0.300000012 0.300000012
vt 0.349999994 0.300000012
vt 0.400000006 0.300000012
vt 0.449999988 0.300000012
vt 0.5 0.300000012
vt 0.550000012 0.300000012
vt 0.600000024 0.300000012
vt 0.649999976 0.300000012
vt 0.699999988 0.300000012
vt 0.75 0.300000012
vt 0.800000012 0.300000012
vt 0.850000024 0.300000012
vt 0.899999976 0.300000012
vt 0.949999988 0.300000012
vt 1 0.300000012
vt 0 0.199999988
vt 0.0500000007 0.199999988
vt 0.100000001 0.199999988
vt 0.150000006 0.199999988
vt 0.200000003 0.199999988
vt 0.25 0.199999988
vt 0.300000012 0.199999988
vt 0.349999994 0.199999988
vt 0.400000006 0.199999988
vt 0.449999988 0.199999988
vt 0.5 0.199999988
vt 0.550000012 0.199999988
vt 0.600000024 0.199999988
vt 0.649999976 0.199999988
vt 0.699999988 0.199999988
vt 0.75 0.199999988
vt 0.800000012 0.199999988
vt 0.850000024 0.199999988
vt 0.899999976 0.199999988
vt 0.949999988 0.199999988
vt 1 0.199999988
vt 0 0.100000024
vt 0.0500000007 0.100000024
vt 0.100000001 0.100000024
vt 0.150000006 0.100000024
vt 0.200000003 0.100000024
vt 0.25 0.100000024
vt 0.300000012 0.100000024
vt 0.349999994 0.100000024
vt 0.400000006 0.100000024
vt 0.449999988 0.100000024
vt 0.5 0.100000024
vt 0.550000012 0.100000024
vt 0.600000024 0.100000024
vt 0.649999976 0.100000024
vt 0.699999988 0.100000024
vt 0.75 0.100000024
vt 0.800000012 0.100000024
vt 0.850000024 0.100000024
vt 0.899999976 0.100000024
vt 0.949999988 0.100000024
vt 1 0.100000024
vt 0 0
vt 0.0500000007 0
vt 0.100000001 0
vt 0.150000006 0
vt 0.200000003 0
vt 0.25 0
vt 0.300000012 0
vt 0.349999994 0
vt 0.400000006 0
vt 0.449999988 0
vt 0.5 0
vt 0.550000012 0
vt 0.600000024 0
vt 0.649999976 0
vt 0.699999988 0
vt 0.75 0
vt 0.800000012 0
vt 0.850000024 0
vt 0.899999976 0
vt 0.949999988 0
vt 1 0
vt 0 1
vt 0.0500000007 1
vt 0.100000001 1
vt 0.150000006 1
vt 0.200000003 1
vt 0.25 1
vt 0.300000012 1
vt 0.349999994 1
vt 0.400000006 1
vt 0.449999988 1
vt 0.5 1
vt 0.550000012 1
vt 0.600000024 1
vt 0.649999976 1
vt 0.699999988 1
vt 0.75 1
vt 0.800000012 1
vt 0.850000024 1
vt 0.899999976 1
vt 0.949999988 1
vt 1 1
vt 0 0.833333313
vt 0.0500000007 0.833333313
vt 0.100000001 0.833333313
vt 0.150000006 0.833333313
vt 0.200000003 0.833333313
vt 0.25 0.833333313
vt 0.300000012 0.833333313
vt 0.349999994 0.833333313
vt 0.400000006 0.833333313
vt 0.449999988 0.833333313
vt 0.5 0.833333313
vt 0.550000012 0.833333313
vt 0.600000024 0.833333313
vt 0.649999976 0.833333313
vt 0.699999988 0.833333313
vt 0.75 0.833333313
vt 0.800000012 0.833333313
vt 0.850000024 0.833333313
vt 0.899999976 0.833333313
vt 0.949999988 0.833333313
vt 1 0.833333313
vt 0 0.666666627
vt 0.0500000007 0.666666627
vt 0.100000001 0.666666627
vt 0.150000006 0.666666627
vt 0.200000003 0.666666627
vt 0.25 0.666666627
vt 0.300000012 0.666666627
vt 0.349999994 0.666666627
vt 0.400000006 0.666666627
vt 0.449999988 0.666666627
vt 0.5 0.666666627
vt 0.550000012 0.666666627
vt 0.600000024 0.666666627
vt 0.649999976 0.666666627
vt 0.699999988 0.666666627
vt 0.75 0.666666627
vt 0.800000012 0.666666627
vt 0.850000024 0.666666627
vt 0.899999976 0.666666627
vt 0.949999988 0.666666627
vt 1 0.666666627
vt 0 0.5
vt 0.0500000007 0.5
vt 0.100000001 0.5
vt 0.150000006 0.5
vt 0.200000003 0.5
vt 0.25 0.5
vt 0.300000012 0.5
vt 0.349999994 0.5
vt 0.400000006 0.5
vt 0.449999988 0.5
vt 0.5 0.5
vt 0.550000012 0.5
vt 0.600000024 0.5
vt 0.649999976 0.5
vt 0.699999988 0.5
vt 0.75 0.5
vt 0.800000012 0.5
vt 0.850000024 0.5
vt 0.899999976 0.5
vt 0.949999988 0.5
vt 1 0.5
vt 0 0.333333313
vt 0.0500000007 0.333333313
vt 0.100000001 0.333333313
vt 0.150000006 0.333333313
vt 0.200000003 0.333333313
vt 0.25 0.333333313
vt 0.300000012 0.333333313
vt 0.349999994 0.333333313
vt 0.400000006 0.333333313
vt 0.449999988 0.333333313
vt 0.5 0.333333313
vt 0.550000012 0.333333313
vt 0.600000024 0.333333313
vt 0.649999976 0.333333313
vt 0.699999988 0.333333313
vt 0.75 0.333333313
vt 0.800000012 0.333333313
vt 0.850000024 0.333333313
vt 0.899999976 0.333333313
vt 0.949999988 0.333333313
vt 1 0.333333313
vt 0 0.166666687
vt 0.0500000007 0.166666687
vt 0.100000001 0.166666687
vt 0.150000006 0.166666687
vt 0.200000003 0.166666687
vt 0.25 0.166666687
vt 0.300000012 0.166666687
vt 0.349999994 0.166666687
vt 0.400000006 0.166666687
vt 0.449999988 0.166666687
vt 0.5 0.166666687
vt 0.550000012 0.166666687
vt 0.600000024 0.166666687
vt 0.649999976 0.166666687
vt 0.699999988 0.166666687
vt 0.75 0.166666687
vt 0.800000012 0.166666687
vt 0.850000024 0.166666687
vt 0.899999976 0.166666687
vt 0.949999988 0.166666687
vt 1 0.166666687
vt 0 0
vt 0.0500000007 0
vt 0.100000001 0
vt 0.150000006 0
vt 0.200000003 0
vt 0.25 0
vt 0.300000012 0
vt 0.349999994 0
vt 0.400000006 0
vt 0.449999988 0
vt 0.5 0
vt 0.550000012 0
vt 0.600000024 0
vt 0.649999976 0
vt 0.699999988 0
vt 0.75 0
vt 0.800000012 0
vt 0.850000024 0
vt 0.899999976 0
vt 0.949999988 0
vt 1 0
vt 0 1
vt 0.0500000007 1
vt 0.100000001 1
vt 0.150000006 1
vt 0.200000003 1
vt 0.25 1
vt 0.300000012 1
vt 0.349999994 1
vt 0.400000006 1
vt 0.449999988 1
vt 0.5 1
vt 0.550000012 1
vt 0.600000024 1
vt 0.649999976 1
vt 0.699999988 1
vt 0.75 1
vt 0.800000012 1
vt 0.850000024 1
vt 0.899999976 1
vt 0.949999988 1
vt 1 1
vt 0 0.899999976
vt 0.0500000007 0.899999976
vt 0.100000001 0.899999976
vt 0.150000006 0.899999976
vt 0.200000003 0.899999976
vt 0.25 0.899999976
vt 0.300000012 0.899999976
vt 0.349999994 0.899999976
vt 0.400000006 0.899999976
vt 0.449999988 0.899999976
vt 0.5 0.899999976
vt 0.550000012 0.899999976
vt 0.600000024 0.899999976
vt 0.649999976 0.899999976
vt 0.699999988 0.899999976
vt 0.75 0.899999976
vt 0.800000012 0.899999976
vt 0.850000024 0.899999976
vt 0.899999976 0.899999976
vt 0.949999988 0.899999976
vt 1 0.899999976
vt 0 0.800000012
vt 0.0500000007 0.800000012
vt 0.100000001 0.800000012
vt 0.150000006 0.800000012
vt 0.200000003 0.800000012
vt 0.25 0.800000012
vt 0.300000012 0.800000012
vt 0.349999994 0.800000012
vt 0.400000006 0.800000012
vt 0.449999988 0.800000012
vt 0.5 0.800000012
vt 0.550000012 0.800000012
vt 0.600000024 0.800000012
vt 0.649999976 0.800000012
vt 0.699999988 0.800000012
vt 0.75 0.800000012
vt 0.800000012 0.800000012
vt 0.850000024 0.800000012
vt 0.899999976 0.800000012
vt 0.949999988 0.800000012
vt 1 0.800000012
vt 0 0.699999988
vt 0.0500000007 0.699999988
vt 0.100000001 0.699999988
vt 0.150000006 0.699999988
vt 0.200000003 0.699999988
vt 0.25 0.699999988
vt 0.300000012 0.699999988
vt 0.349999994 0.699999988
vt 0.400000006 0.699999988
vt 0.449999988 0.699999988
vt 0.5 0.699999988
vt 0.550000012 0.699999988
vt 0.600000024 0.699999988
vt 0.649999976 0.699999988
vt 0.699999988 0.699999988
vt 0.75 0.699999988
vt 0.800000012 0.699999988
vt 0.850000024 0.699999988
vt 0.899999976 0.699999988
vt 0.949999988 0.699999988
vt 1 0.699999988
vt 0 0.600000024
vt 0.0500000007 0.600000024
vt 0.100000001 0.600000024
vt 0.150000006 0.600000024
vt 0.200000003 0.600000024
vt 0.25 0.600000024
vt 0.300000012 0.600000024
vt 0.349999994 0.600000024
vt 0.400000006 0.600000024
vt 0.449999988 0.600000024
vt 0.5 0.600000024
vt 0.550000012 0.600000024
vt 0.600000024 0.600000024
vt 0.649999976 0.600000024
vt 0.699999988 0.600000024
vt 0.75 0.600000024
vt 0.800000012 0.600000024
vt 0.850000024 0.600000024
vt 0.899999976 0.600000024
vt 0.949999988 0.600000024
vt 1 0.600000024
vt 0 0.5
vt 0.0500000007 0.5
vt 0.100000001 0.5
vt 0.150000006 0.5
vt 0.200000003 0.5
vt 0.25 0.5
vt 0.300000012 0.5
vt 0.349999994 0.5
vt 0.400000006 0.5
vt 0.449999988 0.5
vt 0.5 0.5
vt 0.550000012 0.5
vt 0.600000024 0.5
vt 0.649999976 0.5
vt 0.699999988 0.5
vt 0.75 0.5
vt 0.800000012 0.5
vt 0.850000024 0.5
vt 0.899999976 0.5
vt 0.949999988 0.5
vt 1 0.5
vt 0 0.399999976
vt 0.0500000007 0.399999976
vt 0.100000001 0.399999976
vt 0.150000006 0.399999976
vt 0.200000003 0.399999976
vt 0.25 0.399999976
vt 0.300000012 0.399999976
vt 0.349999994 0.399999976
vt 0.400000006 0.399999976
vt 0.449999988 0.399999976
vt 0.5 0.399999976
vt 0.550000012 0.399999976
vt 0.600000024 0.399999976
vt 0.649999976 0.399999976
vt 0.699999988 0.399999976
vt 0.75 0.399999976
vt 0.800000012 0.399999976
vt 0.850000024 0.399999976
vt 0.899999976 0.399999976
vt 0.949999988 0.399999976
vt 1 0.399999976
vt 0 0.300000012
vt 0.0500000007 0.300000012
vt 0.100000001 0.300000012
vt 0.150000006 0.300000012
vt 0.200000003 0.300000012
vt 0.25 0.300000012
vt 0.300000012 0.300000012
vt 0.349999994 0.300000012
vt 0.400000006 0.300000012
vt 0.449999988 0.300000012
vt 0.5 0.300000012
vt 0.550000012 0.300000012
vt 0.600000024 0.300000012
vt 0.649999976 0.300000012
vt 0.699999988 0.300000012
vt 0.75 0.300000012
vt 0.800000012 0.300000012
vt 0.850000024 0.300000012
vt 0.899999976 0.300000012
vt 0.949999988 0.300000012
vt 1 0.300000012
vt 0 0.199999988
vt 0.0500000007 0.199999988
vt 0.100000001 0.199999988
vt 0.150000006 0.199999988
vt 0.200000003 0.199999988
vt 0.25 0.199999988
vt 0.300000012 0.199999988
vt 0.349999994 0.199999988
vt 0.400000006 0.199999988
vt 0.449999988 0.199999988
vt 0.5 0.199999988
vt 0.550000012 0.199999988
vt 0.600000024 0.199999988
vt 0.649999976 0.199999988
vt 0.699999988 0.199999988
vt 0.75 0.199999988
vt 0.800000012 0.199999988
vt 0.850000024 0.199999988
vt 0.899999976 0.199999988
vt 0.949999988 0.199999988
vt 1 0.199999988
vt 0 0.100000024
vt 0.0500000007 0.100000024
vt 0.100000001 0.100000024
vt 0.150000006 0.100000024
vt 0.200000003 0.100000024
vt 0.25 0.100000024
vt 0.300000012 0.100000024
vt 0.349999994 0.100000024
vt 0.400000006 0.100000024
vt 0.449999988 0.100000024
vt 0.5 0.100000024
vt 0.550000012 0.100000024
vt 0.600000024 0.100000024
vt 0.649999976 0.100000024
vt 0.699999988 0.100000024
vt 0.75 0.100000024
vt 0.800000012 0.100000024
vt 0.850000024 0.100000024
vt 0.899999976 0.100000024
vt 0.949999988 0.100000024
vt 1 0.100000024
vt 0 0
vt 0.0500000007 0
vt 0.100000001 0
vt 0.150000006 0
vt 0.200000003 0
vt 0.25 0
vt 0.300000012 0
vt 0.349999994 0
vt 0.400000006 0
vt 0.449999988 0
vt 0.5 0
vt 0.550000012 0
vt 0.600000024 0
vt 0.649999976 0
vt 0.699999988 0
vt 0.75 0
vt 0.800000012 0
vt 0.850000024 0
vt 0.899999976 0
vt 0.949999988 0
vt 1 0
vt 0 1
vt 0.0500000007 1
vt 0.100000001 1
vt 0.150000006 1
vt 0.200000003 1
vt 0.25 1
vt 0.300000012 1
vt 0.349999994 1
vt 0.400000006 1
vt 0.449999988 1
vt 0.5 1
vt 0.550000012 1
vt 0.600000024 1
vt 0.649999976 1
vt 0.699999988 1
vt 0.75 1
vt 0.800000012 1
vt 0.850000024 1
vt 0.899999976 1
vt 0.949999988 1
vt 1 1
vt 0 0.899999976
vt 0.0500000007 0.899999976
vt 0.100000001 0.899999976
vt 0.150000006 0.899999976
vt 0.200000003 0.899999976
vt 0.25 0.899999976
vt 0.300000012 0.899999976
vt 0.349999994 0.899999976
vt 0.400000006 0.899999976
vt 0.449999988 0.899999976
vt 0.5 0.899999976
vt 0.550000012 0.899999976
vt 0.600000024 0.899999976
vt 0.649999976 0.899999976
vt 0.699999988 0.899999976
vt 0.75 0.899999976
vt 0.800000012 0.899999976
vt 0.850000024 0.899999976
vt 0.899999976 0.899999976
vt 0.949999988 0.899999976
vt 1 0.899999976
vt 0 0.800000012
vt 0.0500000007 0.800000012
vt 0.100000001 0.800000012
vt 0.150000006 0.800000012
vt 0.200000003 0.800000012
vt 0.25 0.800000012
vt 0.300000012 0.800000012
vt 0.349999994 0.800000012
vt 0.400000006 0.800000012
vt 0.449999988 0.800000012
vt 0.5 0.800000012
vt 0.550000012 0.800000012
vt 0.600000024 0.800000012
vt 0.649999976 0.800000012
vt 0.699999988 0.800000012
vt 0.75 0.800000012
vt 0.800000012 0.800000012
vt 0.850000024 0.800000012
vt 0.899999976 0.800000012
vt 0.949999988 0.800000012
vt 1 0.800000012
vt 0 0.699999988
vt 0.0500000007 0.699999988
vt 0.100000001 0.699999988
vt 0.150000006 0.699999988
vt 0.200000003 0.699999988
vt 0.25 0.699999988
vt 0.300000012 0.699999988
vt 0.349999994 0.699999988
vt 0.400000006 0.699999988
vt 0.449999988 0.699999988
vt 0.5 0.699999988
vt 0.550000012 0.699999988
vt 0.600000024 0.699999988
vt 0.649999976 0.699999988
vt 0.699999988 0.699999988
vt 0.75 0.699999988
vt 0.800000012 0.699999988
vt 0.850000024 0.699999988
vt 0.899999976 0.699999988
vt 0.949999988 0.699999988
vt 1 0.699999988
vt 0 0.600000024
vt 0.0500000007 0.600000024
vt 0.100000001 0.600000024
vt 0.150000006 0.600000024
vt 0.200000003 0.600000024
vt 0.25 0.600000024
vt 0.300000012 0.600000024
vt 0.349999994 0.600000024
vt 0.400000006 0.600000024
vt 0.449999988 0.600000024
vt 0.5 0.600000024
vt 0.550000012 0.600000024
vt 0.600000024 0.600000024
vt 0.649999976 0.600000024
vt 0.699999988 0.600000024
vt 0.75 0.600000024
vt 0.800000012 0.600000024
vt 0.850000024 0.600000024
vt 0.899999976 0.600000024
vt 0.949999988 0.600000024
vt 1 0.600000024
vt 0 0.5
vt 0.0500000007 0.5
vt 0.100000001 0.5
vt 0.150000006 0.5
vt 0.200000003 0.5
vt 0.25 0.5
vt 0.300000012 0.5
vt 0.349999994 0.5
vt 0.400000006 0.5
vt 0.449999988 0.5
vt 0.5 0.5
vt 0.550000012 0.5
vt 0.600000024 0.5
vt 0.649999976 0.5
vt 0.699999988 0.5
vt 0.75 0.5
vt 0.800000012 0.5
vt 0.850000024 0.5
vt 0.899999976 0.5
vt 0.949999988 0.5
vt 1 0.5
vt 0 0.399999976
vt 0.0500000007 0.399999976
vt 0.100000001 0.399999976
vt 0.150000006 0.399999976
vt 0.200000003 0.399999976
vt 0.25 0.399999976
vt 0.300000012 0.399999976
vt 0.349999994 0.399999976
vt 0.400000006 0.399999976
vt 0.449999988 0.399999976
vt 0.5 0.399999976
vt 0.550000012 0.399999976
vt 0.600000024 0.399999976
vt 0.649999976 0.399999976
vt 0.699999988 0.399999976
vt 0.75 0.399999976
vt 0.800000012 0.399999976
vt 0.850000024 0.399999976
vt 0.899999976 0.399999976
vt 0.949999988 0.399999976
vt 1 0.399999976
vt 0 0.300000012
vt 0.0500000007 0.300000012
vt 0.100000001 0.300000012
vt 0.150000006 0.300000012
vt 0.200000003 0.300000012
vt 0.25 0.300000012
vt 0.300000012 0.300000012
vt 0.349999994 0.300000012
vt 0.400000006 0.300000012
vt 0.449999988 0.300000012
vt 0.5 0.300000012
vt 0.550000012 0.300000012
vt 0.600000024 0.300000012
vt 0.649999976 0.300000012
vt 0.699999988 0.300000012
vt 0.75 0.300000012
vt 0.800000012 0.300000012
vt 0.850000024 0.300000012
vt 0.899999976 0.300000012
vt 0.949999988 0.300000012
vt 1 0.300000012
vt 0 0.199999988
vt 0.0500000007 0.199999988
vt 0.100000001 0.199999988
vt 0.150000006 0.199999988
vt 0.200000003 0.199999988
vt 0.25 0.199999988
vt 0.300000012 0.199999988
vt 0.349999994 0.199999988
vt 0.400000006 0.199999988
vt 0.449999988 0.199999988
vt 0.5 0.199999988
vt 0.550000012 0.199999988
vt 0.600000024 0.199999988
vt 0.649999976 0.199999988
vt 0.699999988 0.199999988
vt 0.75 0.199999988
vt 0.800000012 0.199999988
vt 0.850000024 0.199999988
vt 0.899999976 0.199999988
vt 0.949999988 0.199999988
vt 1 0.199999988
vt 0 0.100000024
vt 0.0500000007 0.100000024
vt 0.100000001 0.100000024
vt 0.150000006 0.100000024
vt 0.200000003 0.100000024
vt 0.25 0.100000024
vt 0.300000012 0.100000024
vt 0.349999994 0.100000024
vt 0.400000006 0.100000024
vt 0.449999988 0.100000024
vt 0.5 0.100000024
vt 0.550000012 0.100000024
vt 0.600000024 0.100000024
vt 0.649999976 0.100000024
vt 0.699999988 0.100000024
vt 0.75 0.100000024
vt 0.800000012 0.100000024
vt 0.850000024 0.100000024
vt 0.899999976 0.100000024
vt 0.949999988 0.100000024
vt 1 0.100000024
vt 0 0
vt 0.0500000007 0
vt 0.100000001 0
vt 0.150000006 0
vt 0.200000003 0
vt 0.25 0
vt 0.300000012 0
vt 0.349999994 0
vt 0.400000006 0
vt 0.449999988 0
vt 0.5 0
vt 0.550000012 0
vt 0.600000024 0
vt 0.649999976 0
vt 0.699999988 0
vt 0.75 0
vt 0.800000012 0
vt 0.850000024 0
vt 0.899999976 0
vt 0.949999988 0
vt 1 0
vt 0 1
vt 0.0500000007 1
vt 0.100000001 1
vt 0.150000006 1
vt 0.200000003 1
vt 0.25 1
vt 0.300000012 1
vt 0.349999994 1
vt 0.400000006 1
vt 0.449999988 1
vt 0.5 1
vt 0.550000012 1
vt 0.600000024 1
vt 0.649999976 1
vt 0.699999988 1
vt 0.75 1
vt 0.800000012 1
vt 0.850000024 1
vt 0.899999976 1
vt 0.949999988 1
vt 1 1
vt 0 0.833333313
vt 0.0500000007 0.833333313
vt 0.100000001 0.833333313
vt 0.150000006 0.833333313
vt 0.200000003 0.833333313
vt 0.25 0.833333313
vt 0.300000012 0.833333313
vt 0.349999994 0.833333313
vt 0.400000006 0.833333313
vt 0.449999988 0.833333313
vt 0.5 0.833333313
vt 0.550000012 0.833333313
vt 0.600000024 0.833333313
vt 0.649999976 0.833333313
vt 0.699999988 0.833333313
vt 0.75 0.833333313
vt 0.800000012 0.833333313
vt 0.850000024 0.833333313
vt 0.899999976 0.833333313
vt 0.949999988 0.833333313
vt 1 0.833333313
vt 0 0.666666627
vt 0.0500000007 0.666666627
vt 0.100000001 0.666666627
vt 0.150000006 0.666666627
vt 0.200000003 0.666666627
vt 0.25 0.666666627
vt 0.300000012 0.666666627
vt 0.349999994 0.666666627
vt 0.400000006 0.666666627
vt 0.449999988 0.666666627
vt 0.5 0.666666627
vt 0.550000012 0.666666627
vt 0.600000024 0.666666627
vt 0.649999976 0.666666627
vt 0.699999988 0.666666627
vt 0.75 0.666666627
vt 0.800000012 0.666666627
vt 0.850000024 0.666666627
vt 0.899999976 0.666666627
vt 0.949999988 0.666666627
vt 1 0.666666627
vt 0 0.5
vt 0.0500000007 0.5
vt 0.100000001 0.5
vt 0.150000006 0.5
vt 0.200000003 0.5
vt 0.25 0.5
vt 0.300000012 0.5
vt 0.349999994 0.5
vt 0.400000006 0.5
vt 0.449999988 0.5
vt 0.5 0.5
vt 0.550000012 0.5
vt 0.600000024 0.5
vt 0.649999976 0.5
vt 0.699999988 0.5
vt 0.75 0.5
vt 0.800000012 0.5
vt 0.850000024 0.5
vt 0.899999976 0.5
vt 0.949999988 0.5
vt 1 0.5
vt 0 0.333333313
vt 0.0500000007 0.333333313
vt 0.100000001 0.333333313
vt 0.150000006 0.333333313
vt 0.200000003 0.333333313
vt 0.25 0.333333313
vt 0.300000012 0.333333313
vt 0.349999994 0.333333313
vt 0.400000006 0.333333313
vt 0.449999988 0.333333313
vt 0.5 0.333333313
vt 0.550000012 0.333333313
vt 0.600000024 0.333333313
vt 0.649999976 0.333333313
vt 0.699999988 0.333333313
vt 0.75 0.333333313
vt 0.800000012 0.333333313
vt 0.850000024 0.333333313
vt 0.899999976 0.333333313
vt 0.949999988 0.333333313
vt 1 0.333333313
vt 0 0.166666687
vt 0.0500000007 0.166666687
vt 0.100000001 0.166666687
vt 0.150000006 0.166666687
vt 0.200000003 0.166666687
vt 0.25 0.166666687
vt 0.300000012 0.166666687
vt 0.349999994 0.166666687
vt 0.400000006 0.166666687
vt 0.449999988 0.166666687
vt 0.5 0.166666687
vt 0.550000012 0.166666687
vt 0.600000024 0.166666687
vt 0.649999976 0.166666687
vt 0.699999988 0.166666687
vt 0.75 0.166666687
vt 0.800000012 0.166666687
vt 0.850000024 0.166666687
vt 0.899999976 0.166666687
vt 0.949999988 0.166666687
vt 1 0.166666687
vt 0 0
vt 0.0500000007 0
vt 0.100000001 0
vt 0.150000006 0
vt 0.200000003 0
vt 0.25 0
vt 0.300000012 0
vt 0.349999994 0
vt 0.400000006 0
vt 0.449999988 0
vt 0.5 0
vt 0.550000012 0
vt 0.600000024 0
vt 0.649999976 0
vt 0.699999988 0
vt 0.75 0
vt 0.800000012 0
vt 0.850000024 0
vt 0.899999976 0
vt 0.949999988 0
vt 1 0
vn 0.950190008 0.13849014 0.279212087
vn 0.885919333 0.133586079 0.444186449
vn 0.633024216 0.11002589 0.766273201
vn 0.39686656 0.0920417011 0.913249791
vn 0.200690135 0.0819763541 0.976218939
vn 0.0269970223 0.07828933 0.996565044
vn -0.143677756 0.0801671371 0.986372113
vn -0.33046937 0.0880346522 0.939701974
vn -0.552796543 0.103364535 0.826880693
vn -0.809776187 0.126158878 0.573015213
vn -0.985358894 0.143615976 0.0918813571
vn -0.885919154 0.133586094 -0.444186866
vn -0.633024096 0.11002592 -0.76627332
vn -0.396866441 0.0920417011 -0.91324985
vn -0.200690314 0.081976369 -0.97621882
vn -0.0269971099 0.07828933 -0.996565044
vn 0.143677801 0.0801671445 -0.986372113
vn 0.33046937 0.0880346745 -0.939702094
vn 0.5527969 0.103364609 -0.826880515
vn 0.809776127 0.126158848 -0.573015451
vn 0.950190008 0.138490111 -0.279211968
vn 0.950190008 0.138490066 0.279212087
vn 0.846092999 0.129832625 0.516981661
vn 0.589220762 0.106461026 0.80092752
vn 0.360525668 0.0898917019 0.928407669
vn 0.169673488 0.0810235739 0.982163966
vn -0.00214618538 0.0783177242 0.996926188
vn -0.174205676 0.0811675042 0.98135829
vn -0.365804404 0.0902105868 0.926309407
vn -0.595605314 0.106991865 0.796120048
vn -0.85217762 0.130427361 0.506736755
vn -0.989518225 0.144222125 -0.007332501
vn -0.846092761 0.129832596 -0.516982019
vn -0.589220762 0.106461018 -0.80092752
vn -0.360525578 0.0898916945 -0.928407669
vn -0.169673711 0.081023559 -0.982163966
vn 0.00214613602 0.0783177093 -0.996926188
vn 0.17420575 0.0811675191 -0.981358349
vn 0.365804434 0.0902106017 -0.926309407
vn 0.595605493 0.106991857 -0.796119809
vn 0.852177382 0.130427316 -0.506736934
vn 0.950190067 0.138490021 -0.279211938
vn 0.953543782 0.110651113 0.280197561
vn 0.850652397 0.0902640596 0.517921865
vn 0.591816723 0.073911503 0.802676797
vn 0.361985803 0.0623429306 0.930096567
vn 0.170563906 0.0561571158 0.983745039
vn -0.00158155931 0.0542627834 0.9985255
vn -0.17390506 0.0562307425 0.983155787
vn -0.36588195 0.062506251 0.92855978
vn -0.596541107 0.0741840824 0.799146652
vn -0.855174482 0.0905707851 0.510366023
vn -0.994941294 0.100311719 -0.00542452792
vn -0.850652039 0.0902640298 -0.517922223
vn -0.591816723 0.0739114732 -0.802676737
vn -0.361985773 0.062342912 -0.930096626
vn -0.17056407 0.056157127 -0.983745098
vn 0.00158153242 0.0542627946 -0.998525441
vn 0.173905089 0.0562307462 -0.983155727
vn 0.365881979 0.0625062361 -0.928559899
vn 0.596541405 0.0741840899 -0.799146473
vn 0.855174422 0.0905707851 -0.510366201
vn 0.956258774 0.081306912 -0.28099522
vn 0.957730591 -0.0595857911 0.28142786
vn 0.853702009 -0.113215595 0.508305907
vn 0.596152842 -0.0928061977 0.797488987
vn 0.365924597 -0.0782228708 0.927351356
vn 0.174133271 -0.070373781 0.982204258
vn 0.00194378116 -0.0679047927 0.997689962
vn -0.170027718 -0.0702606291 0.982931376
vn -0.361139894 -0.0779720247 0.929246128
vn -0.590358555 -0.0923882052 0.801836133
vn -0.84816885 -0.112746298 0.517588437
vn -0.992099524 -0.125276983 0.00665314123
vn -0.85370183 -0.11321561 -0.508306265
vn -0.596152842 -0.0928062722 -0.797488987
vn -0.365924537 -0.0782228038 -0.927351356
vn -0.174133405 -0.0703737736 -0.982204199
vn -0.00194385904 -0.0679047927 -0.997689903
vn 0.170027792 -0.0702606067 -0.982931316
vn 0.361139894 -0.0779720843 -0.929246128
vn 0.590358794 -0.0923881531 -0.801836014
vn 0.84816885 -0.112746328 -0.517588675
vn 0.944281578 -0.177029073 -0.277475834
vn 0.926712036 -0.258940846 0.272313178
vn 0.837328851 -0.237141281 0.492589533
vn 0.589912951 -0.195845485 0.783356428
vn 0.364269435 -0.165690646 0.916435719
vn 0.174577713 -0.149257138 0.973265111
vn 0.00378769427 -0.143997177 0.989570856
vn -0.166591629 -0.148794279 0.974734664
vn -0.355018646 -0.164670765 0.920241952
vn -0.578854203 -0.194167405 0.791976571
vn -0.826994658 -0.235297814 0.510602236
vn -0.9653579 -0.260619313 0.012718576
vn -0.837328672 -0.237141192 -0.492589921
vn -0.589912891 -0.195845485 -0.783356369
vn -0.364269346 -0.16569066 -0.916435778
vn -0.174577817 -0.149257153 -0.973265052
vn -0.00378776109 -0.143997177 -0.989570856
vn 0.166591659 -0.148794279 -0.974734545
vn 0.355018646 -0.164670795 -0.920242012
vn 0.578854382 -0.19416751 -0.791976392
vn 0.826994598 -0.235297874 -0.510602355
vn 0.930627942 -0.243206039 -0.273463637
vn 0.940204203 -0.199215516 0.276277602
vn 0.846808732 -0.174549431 0.502441585
vn 0.593353391 -0.143512413 0.792045414
vn 0.365017802 -0.12115138 0.92308414
vn 0.174100786 -0.109059878 0.978669941
vn 0.00248206547 -0.105235346 0.994444251
vn -0.16886206 -0.108836897 0.979612231
vn -0.358927339 -0.120658271 0.925533712
vn -0.586016119 -0.142694727 0.797636092
vn -0.8398633 -0.173639536 0.514275193
vn -0.981231749 -0.1926478 0.00842991564
vn -0.846808493 -0.174549431 -0.502441883
vn -0.593353391 -0.143512428 -0.792045355
vn -0.365017712 -0.12115144 -0.923084259
vn -0.17410095 -0.109059915 -0.978669941
vn -0.00248210714 -0.105235361 -0.994444251
vn 0.168862075 -0.108836897 -0.979612231
vn 0.35892731 -0.120658308 -0.925533772
vn 0.586016297 -0.142694771 -0.797635913
vn 0.8398633 -0.173639506 -0.514275253
vn 0.945186198 -0.171705768 -0.277741462
vn 0.95390135 -0.107250333 0.280302614
vn 0.855009556 -0.0838271901 0.51179266
vn 0.596075475 -0.0686441958 0.799988687
vn 0.365406156 -0.0578408912 0.929049432
vn 0.173448816 -0.0520410761 0.983466923
vn 0.00111306575 -0.0502287336 0.998737097
vn -0.171097368 -0.0519930869 0.983881235
vn -0.362663627 -0.0577344559 0.930130005
vn -0.592748463 -0.0684664771 0.802472174
vn -0.85182333 -0.0836271197 0.517110646
vn -0.995667875 -0.0929023027 0.00381940138
vn -0.855009377 -0.0838272274 -0.511792839
vn -0.596075535 -0.0686441734 -0.799988747
vn -0.365406007 -0.05784088 -0.929049373
vn -0.17344895 -0.0520410612 -0.983466864
vn -0.00111308531 -0.0502287187 -0.998737156
vn 0.171097398 -0.0519930869 -0.983881235
vn 0.362663537 -0.0577343963 -0.930130064
vn 0.592748761 -0.0684664324 -0.802471876
vn 0.851823211 -0.0836270973 -0.517110765
vn 0.956982553 -0.0714604035 -0.281207949
vn 0.95942843 0.00380128878 0.281926721
vn 0.855829358 0.0213162918 0.516818881
vn 0.59530443 0.0174342152 0.803311169
vn 0.364260107 0.0146879228 0.931181431
vn 0.172196552 0.0132188052 0.984973967
vn -0.000278871361 0.0127647296 0.999918401
vn -0.172785819 0.0132218851 0.984870672
vn -0.364947945 0.0146946842 0.930912018
vn -0.596140325 0.0174456146 0.802690744
vn -0.85663271 0.0213291906 0.515485644
vn -0.999719203 0.0236775279 -0.000959572324
vn -0.85582912 0.0213163104 -0.516819239
vn -0.59530443 0.0174342487 -0.80331111
vn -0.364260048 0.0146879079 -0.93118149
vn -0.172196656 0.0132188238 -0.984973967
vn 0.00027881295 0.0127647324 -0.999918461
vn 0.172785863 0.0132218935 -0.984870672
vn 0.364947945 0.0146947401 -0.930912018
vn 0.596140563 0.017445581 -0.802690566
vn 0.85663265 0.0213291515 -0.515485883
vn 0.958599508 0.0417331792 -0.281682998
vn 0.956316948 0.0805596635 0.281012386
vn 0.811041832 0.0731214359 0.580400169
vn 0.55183202 0.0598077215 0.831807911
vn 0.328907341 0.0509250797 0.942988038
vn 0.141882956 0.0463924333 0.988795638
vn -0.0290797688 0.0453392118 0.998548269
vn -0.203320965 0.0475237519 0.977958143
vn -0.40056783 0.0534344353 0.91470772
vn -0.638691247 0.0639922321 0.766797423
vn -0.893883049 0.0778094158 0.441496044
vn -0.991536438 0.0835265368 -0.0993922502
vn -0.811041594 0.0731213838 -0.580400527
vn -0.551832139 0.0598076358 -0.831807911
vn -0.328907281 0.0509250276 -0.942988157
vn -0.141883075 0.0463924333 -0.988795638
vn 0.029079726 0.0453392118 -0.99854821
vn 0.203321025 0.0475237519 -0.977958024
vn 0.4005678 0.0534344353 -0.91470772
vn 0.638691306 0.0639922321 -0.766797483
vn 0.893883049 0.0778094158 -0.441496074
vn 0.956317008 0.080559656 -0.281012297
vn 0 1 0
vn -0.156156972 -0.986930788 -0.0397807583
vn -0.140366405 -0.983394265 -0.115034804
vn -0.110756248 -0.977751553 -0.178142816
vn -0.0707064793 -0.972204983 -0.22319971
vn -0.0242790598 -0.968823791 -0.246558249
vn 0.0242790505 -0.968823731 -0.246558234
vn 0.0707065091 -0.972204983 -0.223199666
vn 0.110756248 -0.977751553 -0.178142771
vn 0.14036645 -0.983394325 -0.115034863
vn 0.156157002 -0.986930847 -0.0397807509
vn 0.156156987 -0.986930847 0.0397808626
vn 0.140366435 -0.983394206 0.115034848
vn 0.110756248 -0.977751613 0.17814292
vn 0.0707065463 -0.972204983 0.223199606
vn 0.0242790505 -0.968823731 0.246558234
vn -0.0242790505 -0.968823731 0.246558234
vn -0.0707065314 -0.972205043 0.223199651
vn -0.110756278 -0.977751613 0.178142875
vn -0.140366435 -0.983394206 0.115034774
vn -0.156156987 -0.986930847 0.0397807471
vn -0.311948657 -0.946769714 -0.0794685259
vn -0.350153297 -0.925594091 -0.143764198
vn -0.298523635 -0.904768407 -0.303772539
vn -0.219002724 -0.878501654 -0.424585164
vn -0.123619728 -0.857070208 -0.500148833
vn -0.021230327 -0.847165227 -0.530905306
vn 0.082216762 -0.851392627 -0.518045366
vn 0.181329861 -0.86867702 -0.460998684
vn 0.268647134 -0.894046664 -0.358481973
vn 0.333227366 -0.918454826 -0.213073358
vn 0.362787664 -0.931115806 -0.0375312269
vn 0.350153357 -0.925594032 0.143764436
vn 0.298523754 -0.904768407 0.303772569
vn 0.219002709 -0.878501773 0.424585104
vn 0.123619735 -0.857070208 0.500148833
vn 0.0212303605 -0.847165227 0.530905247
vn -0.0822168067 -0.851392686 0.518045247
vn -0.181329817 -0.868676901 0.460998744
vn -0.268647224 -0.894046724 0.358481824
vn -0.333227366 -0.918454826 0.213073388
vn -0.387039185 -0.916776478 0.0985976905
vn -0.583477795 -0.798410714 -0.148640245
vn -0.601373255 -0.747316599 -0.282609612
vn -0.482979298 -0.697271764 -0.529663205
vn -0.330967098 -0.645378232 -0.688438594
vn -0.172373205 -0.609558046 -0.773774207
vn -0.0149304904 -0.59578079 -0.803008318
vn 0.142284915 -0.605169058 -0.783278644
vn 0.300851852 -0.637023032 -0.709711015
vn 0.455471545 -0.686768711 -0.566475451
vn 0.58344996 -0.739272416 -0.336247623
vn 0.64197737 -0.76610148 -0.0308798645
vn 0.601373196 -0.747316539 0.28260982
vn 0.482979357 -0.697271824 0.529662967
vn 0.330966949 -0.645378232 0.688438594
vn 0.17237325 -0.609557986 0.773774266
vn 0.014930563 -0.59578079 0.803008318
vn -0.142284945 -0.605169117 0.783278644
vn -0.300851762 -0.637022972 0.709711075
vn -0.455471694 -0.68676877 0.566475272
vn -0.58344996 -0.739272296 0.336247623
vn -0.671426952 -0.72106123 0.171045303
vn -0.836431503 -0.504954457 -0.213080227
vn -0.808518529 -0.427482903 -0.404420733
vn -0.61119175 -0.3779746 -0.695399106
vn -0.396501631 -0.334768683 -0.854819477
vn -0.196157232 -0.308494478 -0.930781126
vn -0.00750553515 -0.299499363 -0.954067051
vn 0.180657789 -0.307144076 -0.934358239
vn 0.379752338 -0.331993014 -0.863463283
vn 0.593735576 -0.373993069 -0.712465584
vn 0.795197845 -0.423911452 -0.433543026
vn 0.89251858 -0.450644732 -0.0181643274
vn 0.80851835 -0.427482992 0.404420912
vn 0.611191809 -0.37797451 0.695399106
vn 0.396501482 -0.334768623 0.854819596
vn 0.196157411 -0.308494538 0.930781126
vn 0.00750560313 -0.299499333 0.954066992
vn -0.180657789 -0.307144135 0.93435818
vn -0.379752308 -0.331992894 0.863463342
vn -0.593735874 -0.373993129 0.712465346
vn -0.795197785 -0.423911393 0.433543116
vn -0.897331536 -0.377545714 0.228594422
vn -0.96622175 -0.0763448253 -0.246144116
vn -0.886268735 -3.62843373e-08 -0.463171244
vn -0.650174141 3.91148891e-09 -0.759785295
vn -0.411661148 4.77220787e-08 -0.911336958
vn -0.198011488 -1.55936704e-08 -0.980199695
vn 6.65721558e-08 -1.51300341e-08 -1
vn 0.198011577 3.11873407e-08 -0.980199695
vn 0.411661297 -6.13569782e-08 -0.911336958
vn 0.650174081 5.08493621e-08 -0.759785235
vn 0.886268914 1.36066278e-08 -0.463171065
vn 1 -4.86709624e-08 6.81393431e-08
vn 0.886268675 0 0.463171601
vn 0.650174081 1.01698795e-07 0.759785235
vn 0.411661148 -5.45395622e-08 0.911337018
vn 0.198011667 -2.18311271e-08 0.980199635
vn 0 0 1
vn -0.198011637 1.87123952e-08 0.980199695
vn -0.411661327 1.70436092e-08 0.911336958
vn -0.65017432 -6.25838652e-08 0.759785175
vn -0.886268795 9.07108166e-09 0.463171273
vn -0.96622175 0.076344803 0.246144027
vn -0.897331476 0.377545834 -0.228594482
vn -0.795197666 0.423911661 -0.433543146
vn -0.593735576 0.373993248 -0.712465584
vn -0.379752189 0.331993163 -0.863463402
vn -0.18065767 0.307144254 -0.93435812
vn 0.00750568509 0.299499422 -0.954066873
vn 0.196157336 0.308494657 -0.930781066
vn 0.396501631 0.334768802 -0.854819417
vn 0.61119169 0.377974808 -0.695399046
vn 0.808518469 0.427483141 -0.404420555
vn 0.892518401 0.45064494 0.0181646869
vn 0.795197546 0.423911601 0.433543444
vn 0.593735635 0.373993278 0.712465465
vn 0.379752129 0.331993014 0.863463342
vn 0.180657759 0.307144225 0.93435812
vn -0.00750562083 0.299499452 0.954066932
vn -0.196157396 0.308494627 0.930781066
vn -0.396501631 0.334768862 0.854819417
vn -0.611191928 0.377974719 0.695398808
vn -0.808518469 0.427483171 0.404420674
vn -0.836431384 0.504954875 0.213080138
vn -0.671426713 0.721061468 -0.171045259
vn -0.583449841 0.739272535 -0.336247563
vn -0.455471456 0.686768889 -0.566475272
vn -0.300851762 0.63702327 -0.709710956
vn -0.142284885 0.605169177 -0.783278525
vn 0.0149306059 0.595780909 -0.803008258
vn 0.172373205 0.609558165 -0.773774028
vn 0.330967039 0.645378351 -0.688438475
vn 0.482979119 0.697272003 -0.529663026
vn 0.601373136 0.747316718 -0.282609493
vn 0.641977251 0.766101599 0.0308800954
vn 0.583449781 0.739272475 0.336247772
vn 0.455471575 0.686768949 0.566475153
vn 0.300851703 0.637023151 0.709711015
vn 0.14228493 0.605169296 0.783278465
vn -0.0149305481 0.595780909 0.803008258
vn -0.172373191 0.609558165 0.773774087
vn -0.330966979 0.64537847 0.688438416
vn -0.482979268 0.697272003 0.529662967
vn -0.601373136 0.747316718 0.282609493
vn -0.583477795 0.798410773 0.148640171
vn -0.38703987 0.916776299 -0.0985979438
vn -0.333227932 0.918454528 -0.213073805
vn -0.268647581 0.894046187 -0.358482599
vn -0.18133013 0.868676424 -0.460999429
vn -0.0822168067 0.85139215 -0.518046141
vn 0.0212304443 0.84716469 -0.530906141
vn 0.123619944 0.857069731 -0.500149667
vn 0.219003201 0.878501296 -0.424585909
vn 0.298524201 0.90476805 -0.303772986
vn 0.350154042 0.925593734 -0.143764526
vn 0.362788379 0.931115568 0.0375314467
vn 0.333227962 0.918454528 0.213073894
vn 0.268647611 0.894046307 0.35848248
vn 0.181330055 0.868676424 0.460999578
vn 0.0822168887 0.851392269 0.518046081
vn -0.0212304145 0.84716469 0.530906081
vn -0.123619922 0.857069612 0.500149608
vn -0.219003096 0.878501296 0.424585789
vn -0.298524261 0.90476805 0.303772986
vn -0.350153983 0.925593793 0.143764436
vn -0.311949402 0.946769476 0.0794686899
vn -0.156157821 0.986930728 -0.0397810452
vn -0.140367195 0.983394086 -0.115035467
vn -0.110756867 0.977751315 -0.178143755
vn -0.0707068592 0.972204626 -0.223200828
vn -0.024279125 0.968823433 -0.24655953
vn 0.0242791902 0.968823493 -0.246559516
vn 0.0707068816 0.972204626 -0.223200753
vn 0.110756837 0.977751374 -0.178143755
vn 0.140367225 0.983394086 -0.11503534
vn 0.156157836 0.986930728 -0.0397811234
vn 0.156157821 0.986930728 0.0397811234
vn 0.140367165 0.983394086 0.115035534
vn 0.110756814 0.977751374 0.178143814
vn 0.0707068816 0.972204685 0.223200813
vn 0.0242791362 0.968823493 0.246559575
vn -0.0242791902 0.968823493 0.246559486
vn -0.0707068741 0.972204685 0.223200753
vn -0.110756852 0.977751315 0.178143695
vn -0.140367195 0.983394086 0.115035444
vn -0.156157821 0.986930728 0.0397810414
vn 0.156281531 -0.987712502 0
vn -0.155500785 0.109088078 -0.98179388
vn -0.25563705 0.110272184 -0.960463345
vn -0.539924741 0.110272296 -0.834458649
vn -0.771360755 0.110272348 -0.62677145
vn -0.927290857 0.110272221 -0.357731432
vn -0.992451131 0.110272184 -0.0536741093
vn -0.960463285 0.110272363 0.255637079
vn -0.834458709 0.110272244 0.5399248
vn -0.626771331 0.110272147 0.771360993
vn -0.357731372 0.110272326 0.927290797
vn -0.053674195 0.110272296 0.992451131
vn 0.255637079 0.110272199 0.960463285
vn 0.53992492 0.110272221 0.83445859
vn 0.771361053 0.110272162 0.626771212
vn 0.927290916 0.110272154 0.357731283
vn 0.992451072 0.110272199 0.0536739528
vn 0.960463166 0.11027237 -0.255637139
vn 0.83445859 0.110272378 -0.5399248
vn 0.626771271 0.110272191 -0.771360934
vn 0.357731432 0.110272139 -0.927290738
vn 0.15550077 0.109088063 -0.98179394
vn -0.155500829 0.109088153 -0.981793821
vn -0.305344135 0.110431351 -0.945816994
vn -0.582673073 0.110431433 -0.805168986
vn -0.802965939 0.110431418 -0.58570534
vn -0.944658875 0.110431328 -0.308908612
vn -0.993882 0.110431366 -0.0018739634
vn -0.945817053 0.110431395 0.305344284
vn -0.805168927 0.110431321 0.582673192
vn -0.585705221 0.110431336 0.802965939
vn -0.308908641 0.110431388 0.944658816
vn -0.00187386631 0.110431336 0.993882
vn 0.305344224 0.110431328 0.945816994
vn 0.582673311 0.110431321 0.805168808
vn 0.802966177 0.110431291 0.585705042
vn 0.944658875 0.110431306 0.308908582
vn 0.993881941 0.110431373 0.00187381683
vn 0.945816934 0.110431433 -0.305344224
vn 0.805168867 0.110431381 -0.582673132
vn 0.585705101 0.110431321 -0.802966058
vn 0.308908641 0.110431321 -0.944658875
vn 0.155500814 0.109088257 -0.98179394
vn -0.155500874 0.109088264 -0.98179388
vn -0.305405617 0.11043144 -0.945797205
vn -0.582725465 0.110431388 -0.805131018
vn -0.803004026 0.110431328 -0.585653067
vn -0.944679022 0.11043141 -0.308847249
vn -0.99388212 0.110431395 -0.00180934253
vn -0.945797145 0.110431336 0.305405796
vn -0.805131018 0.11043141 0.582725465
vn -0.585653067 0.11043141 0.803004086
vn -0.308847189 0.110431366 0.944678962
vn -0.00180925056 0.110431366 0.99388212
vn 0.305405706 0.110431321 0.945797145
vn 0.582725585 0.110431336 0.805130899
vn 0.803004146 0.110431343 0.585652828
vn 0.944678962 0.110431321 0.308847189
vn 0.993882179 0.110431343 0.00180924835
vn 0.945797145 0.110431336 -0.305405736
vn 0.805131078 0.110431358 -0.582725525
vn 0.585652888 0.110431328 -0.803004146
vn 0.308847278 0.110431403 -0.944678843
vn 0.15550074 0.10908825 -0.98179388
vn -0.155500725 0.109088153 -0.98179388
vn -0.305462986 0.110431276 -0.945778668
vn -0.582774341 0.110431165 -0.805095613
vn -0.80303961 0.110431209 -0.58560431
vn -0.944697678 0.110431261 -0.308789909
vn -0.993882179 0.110431209 -0.00174893963
vn -0.945778608 0.110431232 0.305463165
vn -0.805095732 0.110431276 0.582774341
vn -0.58560425 0.110431261 0.803039551
vn -0.30878979 0.110431194 0.944697678
vn -0.00174894056 0.110431217 0.993882179
vn 0.305463165 0.110431209 0.945778668
vn 0.58277446 0.110431187 0.805095494
vn 0.80303973 0.110431254 0.585604072
vn 0.944697738 0.110431209 0.308789849
vn 0.993882179 0.110431202 0.00174894021
vn 0.945778608 0.110431202 -0.305463195
vn 0.805095673 0.110431202 -0.58277446
vn 0.58560425 0.110431224 -0.80303967
vn 0.308790028 0.110431284 -0.944697678
vn 0.155500636 0.109088078 -0.98179394
vn -0.15550071 0.109088168 -0.98179394
vn -0.305516779 0.110431343 -0.945761263
vn -0.582820058 0.110431306 -0.805062532
vn -0.803072691 0.110431321 -0.585558772
vn -0.944715142 0.110431343 -0.308736265
vn -0.993882358 0.110431373 -0.00169252569
vn -0.945761323 0.110431351 0.305516809
vn -0.805062592 0.110431358 0.582819939
vn -0.585558712 0.110431381 0.80307281
vn -0.308736235 0.110431358 0.944715261
vn -0.00169252022 0.110431381 0.993882358
vn 0.305516839 0.110431343 0.945761323
vn 0.582820177 0.110431448 0.805062532
vn 0.803072929 0.110431433 0.585558474
vn 0.944715261 0.110431418 0.308736205
vn 0.993882358 0.110431418 0.00169248029
vn 0.945761204 0.110431351 -0.305516869
vn 0.805062473 0.110431336 -0.582820058
vn 0.585558712 0.110431433 -0.80307281
vn 0.308736324 0.110431403 -0.944715202
vn 0.155500695 0.109088272 -0.98179394
vn -0.15550077 0.109088272 -0.981794
vn -0.305567116 0.110431351 -0.945745051
vn -0.582862854 0.110431455 -0.805031538
vn -0.803103924 0.110431485 -0.585516036
vn -0.944731712 0.110431418 -0.308686018
vn -0.993882358 0.110431388 -0.00163963262
vn -0.945745051 0.110431381 0.305567145
vn -0.805031598 0.110431373 0.582862854
vn -0.585515857 0.110431328 0.803103983
vn -0.308685929 0.110431351 0.944731712
vn -0.00163963344 0.110431366 0.993882358
vn 0.305567116 0.110431492 0.945745051
vn 0.582862973 0.110431477 0.805031538
vn 0.803104222 0.110431395 0.585515738
vn 0.944731653 0.110431418 0.308685929
vn 0.993882358 0.110431381 0.00163950608
vn 0.945744991 0.110431366 -0.305567265
vn 0.805031538 0.11043141 -0.582862854
vn 0.585515857 0.110431448 -0.803103924
vn 0.308685958 0.110431351 -0.944731712
vn 0.15550074 0.109088168 -0.98179394
vn -0.155500799 0.109088063 -0.98179388
vn -0.355542928 0.110285841 -0.928130507
vn -0.624949455 0.110286027 -0.772835732
vn -0.833181679 0.110285938 -0.541890502
vn -0.959856212 0.110285766 -0.257901073
vn -0.992573321 0.110285774 0.0513334125
vn -0.928130448 0.110285744 0.355542958
vn -0.772835791 0.110285737 0.624949634
vn -0.541890383 0.110285729 0.833181739
vn -0.257901162 0.110285766 0.959856272
vn 0.0513333865 0.110285886 0.99257338
vn 0.355542868 0.110285945 0.928130567
vn 0.624949694 0.110285796 0.772835612
vn 0.833181858 0.110285722 0.541890204
vn 0.959856331 0.110285766 0.257901102
vn 0.992573321 0.110285789 -0.0513335057
vn 0.928130448 0.110285781 -0.355543137
vn 0.772835851 0.110285796 -0.624949455
vn 0.541890442 0.110285737 -0.833181798
vn 0.257901073 0.110285774 -0.959856272
vn 0.155500755 0.109088093 -0.98179394
vn 0 1 0
vn -0.177444875 -0.983916223 -0.0205464438
vn -0.165429965 -0.984378397 -0.0602675304
vn -0.142173663 -0.985180378 -0.0959498882
vn -0.109196469 -0.98610884 -0.125162184
vn -0.068699941 -0.986914992 -0.145873576
vn -0.0234433636 -0.987381339 -0.156615585
vn 0.0234433766 -0.987381399 -0.156615615
vn 0.0686999038 -0.986914992 -0.145873606
vn 0.109196506 -0.98610878 -0.12516214
vn 0.142173663 -0.985180378 -0.0959498882
vn 0.165429965 -0.984378278 -0.0602674894
vn 0.17744489 -0.983916223 -0.0205464475
vn 0.177444875 -0.983916223 0.020546522
vn 0.16542995 -0.984378397 0.0602675155
vn 0.142173648 -0.985180259 0.0959499255
vn 0.109196514 -0.98610878 0.125162169
vn 0.0686999336 -0.986914992 0.145873591
vn 0.0234433785 -0.987381399 0.15661563
vn -0.0234433804 -0.987381399 0.156615585
vn -0.0687000006 -0.986914992 0.145873547
vn -0.109196521 -0.98610884 0.125162184
vn -0.142173663 -0.985180318 0.0959498212
vn -0.165429994 -0.984378397 0.0602674633
vn -0.17744489 -0.983916163 0.0205464493
vn -0.344300091 -0.938012838 -0.0398667194
vn -0.387959868 -0.918893814 -0.0715634897
vn -0.354703635 -0.921550274 -0.157893807
vn -0.297439575 -0.925552428 -0.234270036
vn -0.219380558 -0.92985642 -0.295362592
vn -0.125450432 -0.933297753 -0.336477965
vn -0.022197539 -0.934913218 -0.354181737
vn 0.0827256143 -0.93424052 -0.346916497
vn 0.181456089 -0.931473136 -0.315327436
vn 0.266891807 -0.927394092 -0.262124002
vn 0.333391696 -0.923123896 -0.191552073
vn 0.37703523 -0.919793546 -0.108739436
vn 0.395524591 -0.91825515 -0.0191752072
vn 0.387959898 -0.918893754 0.0715635419
vn 0.354703605 -0.921550333 0.157893866
vn 0.297439605 -0.925552309 0.234270036
vn 0.219380558 -0.929856539 0.295362651
vn 0.125450447 -0.933297753 0.336477935
vn 0.0221974924 -0.934913158 0.354181737
vn -0.0827256441 -0.93424052 0.346916556
vn -0.181456238 -0.931473136 0.315327317
vn -0.266891867 -0.927394032 0.262124032
vn -0.333391756 -0.923123956 0.191552013
vn -0.37703526 -0.919793546 0.108739339
vn -0.420175463 -0.906137645 0.0486523584
vn -0.594575584 -0.801086724 -0.0688463822
vn -0.622035742 -0.772138238 -0.129899859
vn -0.567152858 -0.778366983 -0.269225836
vn -0.474113047 -0.787521839 -0.39373374
vn -0.346344322 -0.797309458 -0.494310796
vn -0.190908924 -0.805021405 -0.56168884
vn -0.0191922337 -0.808330297 -0.588416278
vn 0.154206738 -0.806184649 -0.571214974
vn 0.314326525 -0.799269974 -0.512216985
vn 0.448910505 -0.789704263 -0.418146551
vn 0.549957693 -0.780190706 -0.298075706
vn 0.613360107 -0.77316457 -0.161263406
vn 0.637518108 -0.770267367 -0.0160849169
vn 0.622035861 -0.772138238 0.129899904
vn 0.567152739 -0.778366983 0.269225985
vn 0.474113077 -0.787521899 0.39373371
vn 0.346344233 -0.797309399 0.494310856
vn 0.190908983 -0.805021286 0.56168884
vn 0.0191920828 -0.808330357 0.588416278
vn -0.154206768 -0.806184649 0.571215153
vn -0.314326733 -0.799270034 0.512216866
vn -0.448910445 -0.789704263 0.418146551
vn -0.549957693 -0.780190647 0.298075497
vn -0.613360226 -0.77316457 0.161263287
vn -0.664403558 -0.743403912 0.0769316852
vn -0.784483373 -0.613461196 -0.0908359662
vn -0.793329358 -0.583292603 -0.174350783
vn -0.724752426 -0.59125638 -0.353765249
vn -0.607774079 -0.602983952 -0.516740859
vn -0.444156051 -0.615673721 -0.650900364
vn -0.241359815 -0.625735581 -0.741754949
vn -0.014955516 -0.629888237 -0.776541829
vn 0.212973356 -0.626660824 -0.749625564
vn 0.419877142 -0.61720258 -0.665405333
vn 0.589143872 -0.604642987 -0.536018968
vn 0.712341309 -0.592610121 -0.376009464
vn 0.787170291 -0.584041893 -0.198135868
vn 0.814007938 -0.580727041 -0.0121267773
vn 0.793329358 -0.583292484 0.174350858
vn 0.724752307 -0.59125644 0.353765368
vn 0.607774019 -0.602983952 0.516740799
vn 0.444155902 -0.615673721 0.650900364
vn 0.241359904 -0.625735641 0.741754889
vn 0.014955082 -0.629888177 0.77654177
vn -0.212973237 -0.626660824 0.749625683
vn -0.419877291 -0.61720264 0.665405214
vn -0.589143872 -0.604642987 0.536018968
vn -0.712341547 -0.592610121 0.376009166
vn -0.78717041 -0.584041893 0.198135704
vn -0.830559552 -0.54856354 0.096170947
vn -0.903691411 -0.415201813 -0.104639068
vn -0.899876297 -0.385636359 -0.20373334
vn -0.823835731 -0.39258191 -0.408869326
vn -0.693130374 -0.402861178 -0.597723305
vn -0.507408321 -0.414115727 -0.755675197
vn -0.27355957 -0.423111349 -0.863795042
vn -0.0101320427 -0.426737726 -0.90431869
vn 0.254447639 -0.42360276 -0.869377375
vn 0.491324425 -0.414914906 -0.765797615
vn 0.681036592 -0.403710961 -0.610906422
vn 0.815926611 -0.393262535 -0.423802197
vn 0.896000266 -0.386008292 -0.219502017
vn 0.923581719 -0.383318096 -0.00800434314
vn 0.899876297 -0.3856363 0.203733414
vn 0.823835731 -0.392581969 0.408869505
vn 0.693130374 -0.402861089 0.597723305
vn 0.507408321 -0.414115727 0.755675197
vn 0.273559421 -0.423111111 0.863795221
vn 0.0101317223 -0.426737577 0.90431875
vn -0.25444752 -0.423602611 0.869377553
vn -0.491324693 -0.414914757 0.765797496
vn -0.681036651 -0.403710783 0.610906541
vn -0.815926731 -0.393262506 0.423801929
vn -0.896000326 -0.386008292 0.219501778
vn -0.930327654 -0.350551099 0.107723124
vn -0.968858659 -0.220743194 -0.11218489
vn -0.956323624 -0.191040963 -0.221243069
vn -0.876406133 -0.194995672 -0.4403283
vn -0.738523901 -0.200858846 -0.643613279
vn -0.540810287 -0.207318053 -0.815195322
vn -0.289550453 -0.212498173 -0.933276594
vn -0.0050938176 -0.21454373 -0.97670114
vn 0.279979467 -0.212631762 -0.936161876
vn 0.532836735 -0.207533106 -0.820374966
vn 0.732602656 -0.201084718 -0.650275648
vn 0.872576356 -0.19517462 -0.447791696
vn 0.954460502 -0.191138044 -0.229066268
vn 0.981836498 -0.189687267 -0.00396092376
vn 0.956323624 -0.191040978 0.221243083
vn 0.876405954 -0.194995731 0.440328538
vn 0.73852396 -0.200858817 0.643613279
vn 0.540810168 -0.207317963 0.815195501
vn 0.289550275 -0.212497935 0.933276713
vn 0.00509366719 -0.214543656 0.976701081
vn -0.279979378 -0.212631524 0.936162055
vn -0.532836974 -0.207533121 0.820374787
vn -0.732602596 -0.201084629 0.650275648
vn -0.872576416 -0.19517456 0.447791547
vn -0.954460561 -0.191137999 0.229065984
vn -0.980914533 -0.15781644 0.113580704
vn -0.992883146 -0.0310766213 -0.114966772
vn -0.973336399 -2.90357072e-09 -0.2293825
vn -0.891631544 2.96666203e-09 -0.452761561
vn -0.750893056 -3.6718717e-08 -0.660423934
vn -0.548767209 -1.58125268e-09 -0.83597523
vn -0.291430086 6.00237655e-08 -0.956592143
vn 0 6.55237109e-09 -1
vn 0.291430265 -3.24452785e-08 -0.956592083
vn 0.54876709 1.10687681e-08 -0.83597523
vn 0.750892937 3.05989367e-09 -0.660423875
vn 0.891631663 -2.22499601e-08 -0.452761561
vn 0.973336399 1.74214208e-08 -0.229382411
vn 1 -1.87295157e-08 2.00261752e-07
vn 0.973336279 2.46803591e-08 0.229382575
vn 0.891631484 -2.81832957e-08 0.452761769
vn 0.750892937 3.05989256e-09 0.660423934
vn 0.548766911 -1.10687726e-08 0.835975468
vn 0.291430026 3.89343455e-08 0.956592202
vn -2.27694741e-07 -3.93142017e-08 1
vn -0.291430026 2.27117027e-08 0.956592202
vn -0.548767388 -5.0600093e-08 0.835975111
vn -0.750892997 6.27277643e-08 0.660423934
vn -0.891631722 0 0.452761352
vn -0.973336458 -2.61321453e-08 0.229382202
vn -0.992883146 0.0310766175 0.114966579
vn -0.980914533 0.157816499 -0.113580897
vn -0.954460442 0.191138178 -0.229066342
vn -0.872576356 0.195174664 -0.447791725
vn -0.732602477 0.201084822 -0.650275588
vn -0.532836735 0.207533255 -0.820374906
vn -0.279979497 0.212631777 -0.936161876
vn 0.00509388885 0.214543849 -0.976701021
vn 0.289550394 0.212498128 -0.933276474
vn 0.540810287 0.207318053 -0.815195322
vn 0.73852396 0.200858921 -0.643613338
vn 0.876406074 0.194995731 -0.44032833
vn 0.956323564 0.191040993 -0.221242964
vn 0.981836498 0.189687282 0.00396135543
vn 0.954460442 0.191138223 0.229066387
vn 0.872576177 0.195174605 0.447791845
vn 0.732602417 0.201084763 0.650275648
vn 0.532836497 0.207533211 0.820375144
vn 0.279979378 0.212631658 0.936161995
vn -0.00509416033 0.214543715 0.976701081
vn -0.289550215 0.212498128 0.933276594
vn -0.540810585 0.207317993 0.815195203
vn -0.738523901 0.200858891 0.643613338
vn -0.876406252 0.194995746 0.440328151
vn -0.956323683 0.191041023 0.221242726
vn -0.9688586 0.220743284 0.112184696
vn -0.930327654 0.350551307 -0.10772346
vn -0.896000326 0.386008322 -0.219502032
vn -0.815926671 0.393262506 -0.423802078
vn -0.681036472 0.403710902 -0.610906482
vn -0.491324574 0.414914787 -0.765797555
vn -0.25444746 0.42360279 -0.869377494
vn 0.0101320427 0.426737696 -0.90431869
vn 0.273559451 0.42311132 -0.863795042
vn 0.507408381 0.414115846 -0.755675077
vn 0.693130374 0.402861178 -0.597723246
vn 0.823835731 0.39258191 -0.408869356
vn 0.899876297 0.385636359 -0.203733236
vn 0.92358166 0.383318186 0.00800486468
vn 0.896000326 0.386008292 0.219502062
vn 0.815926731 0.393262446 0.423802286
vn 0.681036472 0.403710902 0.610906482
vn 0.491324335 0.414914757 0.765797734
vn 0.25444746 0.423602611 0.869377553
vn -0.0101323109 0.426737458 0.90431881
vn -0.273559391 0.42311126 0.863795161
vn -0.507408619 0.414115608 0.755674958
vn -0.693130314 0.402861089 0.597723305
vn -0.823835909 0.392581999 0.408868968
vn -0.899876356 0.385636359 0.203733101
vn -0.903691471 0.415201753 0.104638904
vn -0.830559671 0.548563361 -0.0961712301
vn -0.78717047 0.584041774 -0.198135853
vn -0.712341368 0.592609942 -0.376009494
vn -0.589143991 0.604642868 -0.536019027
vn -0.419877201 0.617202401 -0.665405214
vn -0.212973192 0.626660764 -0.749625683
vn 0.0149554275 0.629888117 -0.776541889
vn 0.241359964 0.625735521 -0.741755009
vn 0.44415611 0.615673661 -0.650900364
vn 0.607774079 0.602983892 -0.516740859
vn 0.724752426 0.59125632 -0.353765249
vn 0.793329418 0.583292544 -0.174350724
vn 0.814008117 0.580726922 0.0121270968
vn 0.78717047 0.584041774 0.198135898
vn 0.712341309 0.592610002 0.376009643
vn 0.589143932 0.604642928 0.536019027
vn 0.419877142 0.617202401 0.665405452
vn 0.212973192 0.626660764 0.749625742
vn -0.0149557004 0.629888058 0.776541889
vn -0.241359919 0.625735581 0.741754949
vn -0.444156229 0.615673482 0.650900483
vn -0.607774198 0.602983952 0.516740739
vn -0.724752545 0.59125632 0.353764981
vn -0.793329537 0.583292484 0.174350604
vn -0.784483492 0.613461077 0.0908358172
vn -0.664403558 0.743403912 -0.0769318342
vn -0.613360167 0.77316457 -0.161263406
vn -0.549957573 0.780190766 -0.298075736
vn -0.448910564 0.789704204 -0.418146491
vn -0.314326584 0.799270034 -0.512216985
vn -0.154206634 0.806184709 -0.571214974
vn 0.0191922355 0.808330357 -0.588416219
vn 0.190908998 0.805021346 -0.561688781
vn 0.346344292 0.797309518 -0.494310796
vn 0.474113017 0.787521839 -0.39373374
vn 0.567152798 0.778366923 -0.269225836
vn 0.622035682 0.772138357 -0.129899785
vn 0.637517989 0.770267487 0.0160851628
vn 0.613359988 0.77316469 0.161263466
vn 0.549957573 0.780190706 0.298075795
vn 0.448910445 0.789704323 0.418146551
vn 0.314326406 0.799270034 0.512216926
vn 0.154206619 0.806184649 0.571214914
vn -0.0191924162 0.808330357 0.588416219
vn -0.190908894 0.805021465 0.561688781
vn -0.346344441 0.797309518 0.494310737
vn -0.474112958 0.787521839 0.393733501
vn -0.567152917 0.778366983 0.269225687
vn -0.622035801 0.772138298 0.129899681
vn -0.594575465 0.801086843 0.0688462928
vn -0.420175284 0.906137824 -0.0486524329
vn -0.377035171 0.919793606 -0.108739421
vn -0.333391577 0.923123956 -0.191552043
vn -0.266891778 0.927394032 -0.262123942
vn -0.181456 0.931473136 -0.315327406
vn -0.0827255473 0.93424058 -0.346916378
vn 0.0221975837 0.934913158 -0.354181677
vn 0.125450432 0.933297813 -0.336477846
vn 0.219380483 0.929856539 -0.295362562
vn 0.297439516 0.925552368 -0.234270006
vn 0.354703635 0.921550333 -0.157893717
vn 0.387959719 0.918893814 -0.0715634301
vn 0.395524532 0.91825527 0.0191753823
vn 0.377035081 0.919793546 0.108739443
vn 0.333391607 0.923123896 0.191552117
vn 0.266891718 0.927394032 0.262123972
vn 0.181456074 0.931473196 0.315327346
vn 0.0827255994 0.93424058 0.346916437
vn -0.0221976805 0.934913218 0.354181647
vn -0.125450373 0.933297873 0.336477757
vn -0.219380647 0.929856479 0.295362443
vn -0.297439456 0.925552428 0.234269902
vn -0.354703665 0.921550333 0.157893628
vn -0.387959778 0.918893814 0.0715633854
vn -0.344300032 0.938012898 0.0398667604
vn -0.177444905 0.983916283 -0.0205464792
vn -0.16542995 0.984378397 -0.0602675267
vn -0.142173707 0.985180259 -0.0959497988
vn -0.109196462 0.98610884 -0.125162229
vn -0.0686998889 0.986914992 -0.145873681
vn -0.0234433692 0.987381339 -0.156615615
vn 0.023443386 0.987381339 -0.15661566
vn 0.0686999187 0.986914992 -0.145873606
vn 0.109196499 0.98610878 -0.125162184
vn 0.142173693 0.985180318 -0.0959498808
vn 0.165430039 0.984378278 -0.0602674782
vn 0.177444905 0.983916283 -0.0205464903
vn 0.17744489 0.983916283 0.0205465425
vn 0.16542998 0.984378338 0.0602675267
vn 0.142173663 0.985180378 0.095949851
vn 0.109196462 0.98610884 0.125162169
vn 0.0686999634 0.986914992 0.145873576
vn 0.0234432723 0.987381339 0.15661563
vn -0.023443412 0.987381339 0.156615615
vn -0.0687000006 0.986914992 0.145873606
vn -0.109196626 0.98610878 0.125162154
vn -0.142173737 0.985180318 0.0959498584
vn -0.165430054 0.984378397 0.0602674596
vn -0.17744492 0.983916283 0.0205464903
vn 0.177482381 -0.984124005 0
vn 0 1 0
vn -0.206839621 -0.977785587 -0.0339514166
vn -0.186537728 -0.977497339 -0.0985019132
vn -0.147966594 -0.977031529 -0.153347209
vn -0.0949552357 -0.976566315 -0.193136722
vn -0.0327095687 -0.97627914 -0.214030802
vn 0.0327097848 -0.97627908 -0.214030787
vn 0.0949551165 -0.976566315 -0.193136796
vn 0.147966623 -0.97703141 -0.153347164
vn 0.186537728 -0.977497339 -0.0985019058
vn 0.206839591 -0.977785468 -0.0339514613
vn 0.206839621 -0.977785587 0.0339514762
vn 0.186537668 -0.977497399 0.0985019729
vn 0.147966579 -0.977031529 0.153347254
vn 0.0949552506 -0.976566255 0.193136781
vn 0.032709714 -0.97627914 0.214030802
vn -0.0327097103 -0.97627908 0.214030787
vn -0.0949552432 -0.976566315 0.193136737
vn -0.147966638 -0.977031469 0.153347224
vn -0.186537713 -0.977497339 0.0985019431
vn -0.206839621 -0.977785587 0.0339514017
vn -0.413793743 -0.907833338 -0.0679216906
vn -0.463901103 -0.87713927 -0.124187469
vn -0.403392911 -0.875460088 -0.266165018
vn -0.303498834 -0.873195469 -0.381337255
vn -0.174542561 -0.871213794 -0.458826303
vn -0.0291575138 -0.87026006 -0.491728812
vn 0.118948899 -0.870688498 -0.477234602
vn 0.255910754 -0.872340262 -0.416571945
vn 0.368547916 -0.874598086 -0.31504041
vn 0.445465863 -0.876603127 -0.182008386
vn 0.478464872 -0.877577901 -0.0304720234
vn 0.463901073 -0.877139211 0.124187626
vn 0.403392941 -0.875459969 0.266165137
vn 0.303498715 -0.873195589 0.381337285
vn 0.174542591 -0.871213675 0.458826244
vn 0.0291577168 -0.870260119 0.491728753
vn -0.118948936 -0.870688438 0.477234483
vn -0.255910724 -0.872340262 0.416572005
vn -0.368548065 -0.874598205 0.315040261
vn -0.445465803 -0.876603127 0.182008579
vn -0.51068902 -0.8556692 0.0838263333
vn -0.761083484 -0.636510253 -0.124926999
vn -0.788186491 -0.564657152 -0.244794458
vn -0.672561109 -0.56127125 -0.482323796
vn -0.492079347 -0.557028711 -0.66901201
vn -0.266838342 -0.553554595 -0.78890729
vn -0.0184978023 -0.55210799 -0.833567381
vn 0.231410399 -0.553194463 -0.80026567
vn 0.461390078 -0.556435585 -0.691012681
vn 0.649751306 -0.560664415 -0.51330179
vn 0.77596879 -0.564275026 -0.281897038
vn 0.824294984 -0.565819681 -0.0196467359
vn 0.788186491 -0.564657152 0.244794697
vn 0.672561109 -0.561271131 0.482323706
vn 0.492079139 -0.55702877 0.66901201
vn 0.266838521 -0.553554535 0.78890729
vn 0.0184980202 -0.55210799 0.833567381
vn -0.231410414 -0.553194582 0.80026561
vn -0.461390346 -0.556435466 0.691012681
vn -0.649751306 -0.560664475 0.513301551
vn -0.77596879 -0.564275146 0.281897217
vn -0.8584252 -0.493205786 0.140904993
vn -0.981779754 -0.100688472 -0.161153033
vn -0.947711766 7.7764156e-08 -0.319127649
vn -0.798862636 0 -0.601513505
vn -0.574039042 2.96386116e-08 -0.818827868
vn -0.29916057 1.88873813e-07 -0.954202771
vn 1.67334235e-07 3.34668471e-08 -1
vn 0.299160689 -1.67887872e-08 -0.954202771
vn 0.574039102 1.27022641e-08 -0.818827868
vn 0.798862696 1.19869739e-07 -0.601513386
vn 0.947711825 1.72809269e-08 -0.31912753
vn 1 4.33547687e-09 2.16773843e-09
vn 0.947711647 2.16011475e-08 0.319127917
vn 0.798862696 1.79804744e-07 0.601513445
vn 0.574038982 -2.5404546e-08 0.818827987
vn 0.299160928 1.67887766e-08 0.954202652
vn -4.18335517e-08 5.43836158e-08 0.99999994
vn -0.299160898 8.3943883e-09 0.954202771
vn -0.574039161 1.90534024e-07 0.818827868
vn -0.798862696 -3.42485116e-08 0.601513386
vn -0.947711766 6.04832167e-08 0.319127619
vn -0.981779814 0.100688532 0.161153063
vn -0.85842514 0.493205875 -0.140905231
vn -0.77596879 0.564275026 -0.281897277
vn -0.649751246 0.560664415 -0.51330179
vn -0.461390138 0.556435645 -0.691012681
vn -0.231410354 0.553194463 -0.80026567
vn 0.018498132 0.55210799 -0.833567441
vn 0.266838342 0.553554595 -0.78890729
vn 0.492079377 0.557028592 -0.66901201
vn 0.672561169 0.56127131 -0.482323706
vn 0.78818655 0.564657092 -0.244794518
vn 0.824294865 0.565819681 0.0196467973
vn 0.77596873 0.564275086 0.281897545
vn 0.649751246 0.560664535 0.51330179
vn 0.461390287 0.556435406 0.6910128
vn 0.231410429 0.553194523 0.80026561
vn -0.0184980277 0.55210793 0.833567441
vn -0.266838551 0.553554475 0.78890729
vn -0.492079377 0.557028711 0.66901201
vn -0.672561288 0.561271131 0.482323617
vn -0.788186491 0.564657092 0.244794473
vn -0.761083484 0.636510193 0.124927133
vn -0.51068902 0.85566926 -0.0838264599
vn -0.445465803 0.876603067 -0.18200855
vn -0.368547946 0.874598086 -0.31504041
vn -0.255910695 0.872340262 -0.416571975
vn -0.118948892 0.870688438 -0.477234513
vn 0.0291577838 0.87026006 -0.491728783
vn 0.174542472 0.871213734 -0.458826244
vn 0.303498805 0.873195589 -0.381337285
vn 0.403392941 0.875460088 -0.266164988
vn 0.463901192 0.87713927 -0.124187566
vn 0.478464901 0.877577901 0.0304721221
vn 0.445465744 0.876603067 0.182008684
vn 0.368547946 0.874598086 0.31504038
vn 0.255910754 0.872340143 0.416571975
vn 0.118948899 0.870688379 0.477234513
vn -0.0291576777 0.87026 0.491728842
vn -0.174542651 0.871213675 0.458826214
vn -0.303498775 0.873195529 0.381337196
vn -0.403393 0.875460148 0.266164988
vn -0.463901132 0.877139151 0.124187522
vn -0.413793743 0.907833338 0.0679216534
vn -0.206839561 0.977785587 -0.0339514315
vn -0.186537623 0.977497339 -0.0985019505
vn -0.147966519 0.977031589 -0.153347209
vn -0.094955191 0.976566255 -0.193136632
vn -0.0327095911 0.97627914 -0.214030743
vn 0.0327095762 0.97627908 -0.214030743
vn 0.0949552506 0.976566315 -0.193136632
vn 0.147966594 0.977031529 -0.153347164
vn 0.186537668 0.977497399 -0.0985018983
vn 0.206839561 0.977785587 -0.0339514874
vn 0.206839561 0.977785587 0.0339515358
vn 0.186537609 0.977497339 0.0985020176
vn 0.147966519 0.977031469 0.153347194
vn 0.0949552134 0.976566315 0.193136647
vn 0.0327097289 0.97627908 0.214030728
vn -0.0327097289 0.97627914 0.214030728
vn -0.0949552134 0.976566255 0.193136632
vn -0.147966623 0.977031469 0.15334709
vn -0.186537698 0.977497399 0.0985018909
vn -0.206839561 0.977785587 0.0339514501
vn 0 1 0
vn -0.0899260864 -0.174898267 -0.980471313
vn -0.0727509335 -0.273414344 -0.959141314
vn -0.0203414876 -0.55243212 -0.83330965
vn 0.02232402 -0.779577255 -0.625907958
vn 0.0510711223 -0.932615578 -0.357239097
vn 0.0630840734 -0.996567726 -0.0536012985
vn 0.0571871251 -0.965172648 0.255286872
vn 0.0339566357 -0.841505408 0.539180398
vn -0.00433126977 -0.63766849 0.770298779
vn -0.0539294258 -0.373616189 0.926014304
vn -0.109982736 -0.0751961544 0.991084814
vn -0.167005017 0.228379995 0.959141195
vn -0.21941407 0.507397592 0.833309829
vn -0.262080103 0.734542906 0.625907898
vn -0.290824831 0.887581527 0.357239127
vn -0.302836835 0.951533914 0.053601291
vn -0.296939611 0.920138896 -0.255286753
vn -0.27371192 0.796471 -0.539180756
vn -0.23542437 0.592633784 -0.770299017
vn -0.185826585 0.32858187 -0.926014304
vn -0.147261709 0.130345821 -0.980471253
vn -0.0899264067 -0.174897999 -0.980471253
vn -0.0637593418 -0.322231293 -0.944511354
vn -0.0126331951 -0.59441793 -0.804057121
vn 0.0279776696 -0.810625672 -0.584895909
vn 0.0540986061 -0.949690282 -0.308482677
vn 0.0631739348 -0.998000741 -0.00187073916
vn 0.054312136 -0.950827241 0.304922491
vn 0.0283830296 -0.812788069 0.581867635
vn -0.0120746968 -0.597393572 0.801857233
vn -0.0631021708 -0.32572946 0.943354905
vn -0.119704567 -0.0243887659 0.992509961
vn -0.176340491 0.277132213 0.944511354
vn -0.227466524 0.549318731 0.804057181
vn -0.268078238 0.765526593 0.584895849
vn -0.294199526 0.904591024 0.308482796
vn -0.303273112 0.952901781 0.00187081716
vn -0.294413149 0.905727923 -0.304922551
vn -0.268485039 0.767688453 -0.581867933
vn -0.228025794 0.552294195 -0.801857352
vn -0.176997662 0.280630559 -0.943354845
vn -0.147261515 0.130345821 -0.980471313
vn -0.0899257734 -0.174898162 -0.980471253
vn -0.0637472421 -0.322291583 -0.944491625
vn -0.0126226526 -0.594468594 -0.804019749
vn 0.0279858503 -0.810662508 -0.58484441
vn 0.0541047193 -0.949710131 -0.308420599
vn 0.0631765127 -0.998000801 -0.00180630677
vn 0.0543109812 -0.950807929 0.304983109
vn 0.0283788498 -0.81275028 0.581920624
vn -0.0120824398 -0.597341537 0.801895976
vn -0.0631125793 -0.32566914 0.943375111
vn -0.119716354 -0.0243253782 0.99251008
vn -0.176352412 0.277192473 0.944491506
vn -0.227477729 0.549369097 0.80401969
vn -0.268087655 0.765562773 0.584843993
vn -0.294205517 0.904610336 0.308420569
vn -0.303275436 0.952901185 0.00180625694
vn -0.294411749 0.905708015 -0.30498302
vn -0.268479317 0.767650545 -0.581920624
vn -0.228017285 0.552242279 -0.801895678
vn -0.176987156 0.28057009 -0.943374813
vn -0.147262156 0.13034597 -0.980471253
vn -0.0899255872 -0.174898222 -0.980471313
vn -0.0637368411 -0.32234779 -0.944473088
vn -0.0126133412 -0.594516635 -0.803984344
vn 0.0279946402 -0.810697496 -0.584795415
vn 0.0541089028 -0.949728608 -0.308363229
vn 0.0631747767 -0.998000979 -0.00174674101
vn 0.0543081202 -0.950789511 0.305041015
vn 0.0283735171 -0.812715471 0.581969559
vn -0.0120912967 -0.597293854 0.801931322
vn -0.0631237552 -0.325613171 0.943393588
vn -0.119727701 -0.0242661666 0.9925102
vn -0.176363617 0.277248442 0.944473028
vn -0.227486849 0.549417257 0.803984165
vn -0.268093586 0.76559782 0.584795475
vn -0.294209003 0.904628932 0.308362573
vn -0.303276867 0.952900887 0.00174674205
vn -0.294407457 0.905689895 -0.305040807
vn -0.268471271 0.767616153 -0.581969619
vn -0.228007719 0.552194595 -0.801931143
vn -0.176976621 0.280513942 -0.943393409
vn -0.147261739 0.130345911 -0.980471313
vn -0.0899262875 -0.174898177 -0.980471253
vn -0.0637274683 -0.322400868 -0.944455683
vn -0.0126056792 -0.594562054 -0.803950906
vn 0.0279977936 -0.8107301 -0.584750354
vn 0.0541080944 -0.949745536 -0.308311254
vn 0.0631731898 -0.998001218 -0.00168897025
vn 0.0543025546 -0.950772226 0.305095673
vn 0.0283647161 -0.812683046 0.582015157
vn -0.012101626 -0.597250104 0.801963747
vn -0.0631339699 -0.325560421 0.943411112
vn -0.119738109 -0.024210874 0.992510259
vn -0.176372886 0.277301222 0.944455624
vn -0.227494016 0.549462616 0.803951085
vn -0.268097401 0.765631258 0.584750116
vn -0.294210136 0.904646516 0.308310091
vn -0.303274035 0.952901959 0.00168905861
vn -0.294402272 0.905673206 -0.305095673
vn -0.268464267 0.767583907 -0.582015395
vn -0.227998957 0.552150786 -0.801963866
vn -0.176965907 0.280461311 -0.943411171
vn -0.147261634 0.130346 -0.980471373
vn -0.0899260715 -0.174898446 -0.980471194
vn -0.0637182444 -0.322450191 -0.944439411
vn -0.0125987669 -0.594603896 -0.80392009
vn 0.028002983 -0.810760438 -0.584708035
vn 0.0541135594 -0.949761689 -0.308260322
vn 0.0631740093 -0.998001099 -0.00163699279
vn 0.0542988181 -0.950756431 0.305145651
vn 0.028358357 -0.812652767 0.582057834
vn -0.0121093607 -0.597207665 0.801995277
vn -0.0631433949 -0.325511217 0.943427503
vn -0.119748034 -0.0241590384 0.992510438
vn -0.176381707 0.277350992 0.944439471
vn -0.227501094 0.549505234 0.803919971
vn -0.268102467 0.765661955 0.584707558
vn -0.294211686 0.904662907 0.30826053
vn -0.30327329 0.952902257 0.00163693447
vn -0.294399947 0.905657053 -0.305145621
vn -0.268459082 0.76755327 -0.582058072
vn -0.227990642 0.552108467 -0.801995397
vn -0.176956609 0.280412018 -0.943427384
vn -0.147261709 0.130346209 -0.980471253
vn -0.0899260864 -0.174898535 -0.980471194
vn -0.0543475449 -0.37147072 -0.926852703
vn -0.00468170829 -0.635882914 -0.771771371
vn 0.0337063335 -0.84025389 -0.54114449
vn 0.057060454 -0.964579761 -0.257546067
vn 0.0630918145 -0.996690273 0.0512625873
vn 0.0512110442 -0.933442175 0.355053782
vn 0.0225809738 -0.781027317 0.624088407
vn -0.0199941918 -0.554363191 0.832034588
vn -0.0723481625 -0.275639713 0.958534539
vn -0.12935552 0.0278616082 0.991206765
vn -0.185436696 0.326431334 0.926852703
vn -0.23510319 0.590843081 0.771771371
vn -0.273491055 0.795213997 0.541144431
vn -0.296842486 0.919540346 0.257546276
vn -0.302874029 0.951650977 -0.0512625873
vn -0.290994376 0.888402462 -0.355053842
vn -0.262366533 0.735987008 -0.624088824
vn -0.219790921 0.50932312 -0.832034707
vn -0.167437151 0.230599612 -0.958534718
vn -0.147261485 0.130346179 -0.980471253
vn 0.0875572339 -0.146661922 -0.985304058
vn 0.100571238 -0.248574004 -0.963377535
vn 0.134560928 -0.531573892 -0.836255074
vn 0.16220367 -0.761719882 -0.627273977
vn 0.180793032 -0.916483581 -0.356891811
vn 0.188508153 -0.980716527 -0.0515719652
vn 0.184594259 -0.94813031 0.258792818
vn 0.169434234 -0.821913838 0.543828666
vn 0.144513115 -0.614424884 0.775627434
vn 0.112269729 -0.345971584 0.931503773
vn 0.0758596659 -0.042831976 0.996198118
vn 0.0388479754 0.265319437 0.963377476
vn 0.0048571392 0.548318684 0.836255372
vn -0.0227845479 0.778466225 0.627272785
vn -0.0413737595 0.933229506 0.356890529
vn -0.0490895025 0.997462094 0.0515719727
vn -0.0451755822 0.964875996 -0.258792728
vn -0.0300161988 0.838659883 -0.543827772
vn -0.00509453285 0.631171048 -0.775626957
vn 0.0271496009 0.362716436 -0.931504011
vn 0.0503370166 0.16322431 -0.985304058
vn 0.0875571519 -0.146661893 -0.985303998
vn 0.106739201 -0.29914543 -0.948218703
vn 0.139873698 -0.575018585 -0.806095004
vn 0.166149721 -0.79378438 -0.58506459
vn 0.182994515 -0.934028208 -0.306764126
vn 0.188759103 -0.982022107 0.00156429957
vn 0.182879239 -0.933068275 0.309739739
vn 0.165930361 -0.791957855 0.587596834
vn 0.139571905 -0.572505951 0.807933509
vn 0.106384456 -0.296191156 0.949185491
vn 0.0696156621 0.00993716624 0.99752444
vn 0.0328649543 0.315912962 0.948218822
vn -0.000269733515 0.591786623 0.806094527
vn -0.026545234 0.810552657 0.585063875
vn -0.0433904044 0.950795889 0.306764185
vn -0.0491548628 0.998789966 -0.00156427093
vn -0.0432750955 0.949836075 -0.309739679
vn -0.0263267402 0.80872643 -0.587595403
vn 3.1988613e-05 0.589273453 -0.807933688
vn 0.0332200564 0.312958777 -0.94918555
vn 0.0503369495 0.163224414 -0.985304058
vn 0.0875571519 -0.146662056 -0.985304058
vn 0.10674455 -0.299190253 -0.948203981
vn 0.139878631 -0.57505703 -0.806066573
vn 0.166153014 -0.793812156 -0.585025966
vn 0.182996258 -0.93404299 -0.306718171
vn 0.188759029 -0.982022166 0.00161211996
vn 0.182877421 -0.933053732 0.309784919
vn 0.16592662 -0.791930437 0.587634563
vn 0.139567122 -0.572467029 0.807962
vn 0.106378824 -0.296145827 0.949200213
vn 0.0696097463 0.00998467579 0.997524321
vn 0.0328594446 0.315958142 0.948203981
vn -0.000274578982 0.591825664 0.806065977
vn -0.0265493821 0.810580075 0.585025728
vn -0.0433921479 0.95081073 0.30671829
vn -0.0491548441 0.998789847 -0.00161213835
vn -0.0432733223 0.949821472 -0.309784859
vn -0.0263233762 0.808698416 -0.587634206
vn 3.66682652e-05 0.589234412 -0.80796212
vn 0.0332251787 0.312913716 -0.949200213
vn 0.0503368042 0.163224459 -0.985304058
vn 0.0875570849 -0.146661863 -0.985304058
vn 0.106750377 -0.299238354 -0.948188126
vn 0.139883861 -0.575098097 -0.806036472
vn 0.16615659 -0.793841779 -0.58498472
vn 0.182998151 -0.934058666 -0.306669474
vn 0.188759029 -0.982021987 0.00166310475
vn 0.182875574 -0.933038056 0.30983299
vn 0.165923476 -0.791900933 0.587675333
vn 0.139562577 -0.572425902 0.807991982
vn 0.106373109 -0.296097636 0.949215949
vn 0.0696038678 0.0100352317 0.997524261
vn 0.0328540765 0.316006511 0.948188007
vn -0.000279323198 0.591866016 0.806036353
vn -0.0265529025 0.810609639 0.584984541
vn -0.0433940403 0.950826466 0.306669444
vn -0.0491548218 0.998789728 -0.00166310463
vn -0.0432714447 0.949805856 -0.309832871
vn -0.02631885 0.808668256 -0.587675929
vn 4.17484916e-05 0.589194 -0.807991683
vn 0.0332310423 0.312865674 -0.949215889
vn 0.0503370762 0.163224265 -0.985304058
vn 0.0875574499 -0.146661818 -0.985304058
vn 0.106757343 -0.299289703 -0.948171139
vn 0.139889866 -0.575140774 -0.806004822
vn 0.166162461 -0.79387325 -0.584940195
vn 0.183002129 -0.934074759 -0.306618065
vn 0.188760638 -0.98202157 0.00171730411
vn 0.182876036 -0.933020771 0.309884757
vn 0.165922314 -0.791868806 0.587718904
vn 0.139559031 -0.572382092 0.808023453
vn 0.106367849 -0.296046048 0.949232638
vn 0.0695975646 0.0100891562 0.997524202
vn 0.0328475572 0.316057712 0.948171139
vn -0.000285394373 0.591908753 0.806004941
vn -0.0265579708 0.81064105 0.584940791
vn -0.0433975607 0.950842977 0.306617439
vn -0.0491564423 0.998789668 -0.00171730469
vn -0.0432694368 0.94978857 -0.309886158
vn -0.026315935 0.808636785 -0.587719321
vn 4.57487513e-05 0.589150786 -0.808023095
vn 0.0332369581 0.312814206 -0.949232638
vn 0.0503366925 0.163224503 -0.985303938
vn 0.087557666 -0.146662131 -0.985303998
vn 0.106763653 -0.299344063 -0.948153317
vn 0.139895782 -0.575187743 -0.805970311
vn 0.166166633 -0.793906868 -0.584893525
vn 0.183003798 -0.934092224 -0.306564003
vn 0.188761175 -0.982021451 0.00177683169
vn 0.182873398 -0.93300283 0.309940159
vn 0.165917307 -0.791835368 0.587765336
vn 0.13955301 -0.57233572 0.808057368
vn 0.10636089 -0.295991629 0.94925034
vn 0.0695903823 0.0101465955 0.997524023
vn 0.0328404941 0.316112101 0.948153317
vn -0.000291378878 0.591954887 0.805970967
vn -0.0265613217 0.810675144 0.584893346
vn -0.0433992781 0.95086062 0.306562632
vn -0.0491559282 0.998789549 -0.00177686091
vn -0.0432687886 0.949770689 -0.309940904
vn -0.0263137463 0.808603525 -0.587765157
vn 5.14822932e-05 0.589103699 -0.808057427
vn 0.0332432538 0.312759727 -0.94925034
vn 0.0503366478 0.163224414 -0.985303998
vn 0.0875569955 -0.146661848 -0.985304058
vn 0.106769972 -0.299402595 -0.948134065
vn 0.13990064 -0.575238228 -0.805933416
vn 0.166168749 -0.793942988 -0.584844112
vn 0.183004484 -0.934111476 -0.306504726
vn 0.188758507 -0.982021809 0.00183799153
vn 0.182869032 -0.932984054 0.309999317
vn 0.165911734 -0.791799247 0.587815583
vn 0.139545888 -0.572286248 0.808093667
vn 0.106353357 -0.295933276 0.949269474
vn 0.0695830062 0.0102080321 0.997523963
vn 0.0328339189 0.316170454 0.948134065
vn -0.000295877428 0.59200573 0.805933654
vn -0.0265642963 0.810711265 0.584843218
vn -0.0434004329 0.950879157 0.306504875
vn -0.0491553843 0.998789489 -0.00183803518
vn -0.043265041 0.949751794 -0.309999287
vn -0.0263071507 0.808566988 -0.587815762
vn 5.80064334e-05 0.589054167 -0.808093667
vn 0.0332506225 0.312701255 -0.949269414
vn 0.0503369905 0.163223997 -0.985303998
vn 0.087557137 -0.146661729 -0.985304117
vn 0.106777944 -0.299465537 -0.948113322
vn 0.139906988 -0.575290859 -0.805894792
vn 0.166173369 -0.793981493 -0.584790409
vn 0.183006972 -0.934131801 -0.306441069
vn 0.18875955 -0.982021511 0.00190535223
vn 0.182866678 -0.932963669 0.310061991
vn 0.16590625 -0.791760921 0.58786881
vn 0.139539644 -0.572232664 0.808132708
vn 0.106346078 -0.295870334 0.949289858
vn 0.0695751384 0.0102738673 0.997523844
vn 0.0328267068 0.316233426 0.948113322
vn -0.000302595319 0.592058897 0.805894613
vn -0.0265697762 0.810749412 0.58479023
vn -0.0434028879 0.950899482 0.306441158
vn -0.0491542779 0.99878937 -0.00190530508
vn -0.0432625897 0.949731529 -0.310061991
vn -0.0263034943 0.808528483 -0.587868869
vn 6.47097768e-05 0.589000642 -0.808132589
vn 0.0332585759 0.312638193 -0.949289799
vn 0.0503370091 0.163224339 -0.985304058
vn 0.0875573307 -0.146661937 -0.985303938
vn 0.112519011 -0.348118991 -0.930673242
vn 0.144719228 -0.616212904 -0.774169266
vn 0.169576153 -0.823167264 -0.541885257
vn 0.184657305 -0.948726356 -0.256554097
vn 0.188484088 -0.980596721 0.0538866557
vn 0.180683658 -0.915660918 0.359052181
vn 0.162021935 -0.760273099 0.629073739
vn 0.134321883 -0.529644608 0.837516725
vn 0.100295953 -0.24635306 0.963976681
vn 0.0632749349 0.0618734732 0.996076226
vn 0.0268833097 0.364862561 0.930673242
vn -0.00531763723 0.632956505 0.774169087
vn -0.0301750898 0.839910746 0.541885018
vn -0.0452555493 0.965469718 0.256554335
vn -0.0490845852 0.997340024 -0.0538868196
vn -0.0412862785 0.932403982 -0.359052032
vn -0.0226208102 0.777016282 -0.629073858
vn 0.0050803395 0.546388388 -0.837516546
vn 0.039106328 0.263096631 -0.963976622
vn 0.0503369793 0.163224578 -0.985303938
vn 0.102665208 -0.149356946 -0.983439028
vn 0.110438094 -0.252142578 -0.961367548
vn 0.129066542 -0.535942674 -0.834330499
vn 0.14421162 -0.766680956 -0.625622392
vn 0.154392794 -0.921769083 -0.355674952
vn 0.158611223 -0.986027658 -0.0509124696
vn 0.156454265 -0.953166485 0.258835346
vn 0.148132294 -0.826403439 0.543244183
vn 0.134463042 -0.618143022 0.774479687
vn 0.116781555 -0.348775268 0.929902077
vn 0.0968187973 -0.0446663499 0.994299233
vn 0.0765305609 0.264415622 0.961367428
vn 0.0579012856 0.548215449 0.83433044
vn 0.042754367 0.778953791 0.625622272
vn 0.0325754248 0.934041917 0.355674922
vn 0.0283578411 0.998300493 0.0509123914
vn 0.0305150636 0.965439439 -0.258835137
vn 0.0388346389 0.838676035 -0.543244421
vn 0.0525048636 0.630416691 -0.77447921
vn 0.0701874048 0.361047864 -0.929902196
vn 0.0822605938 0.161496073 -0.983439028
vn 0.102665417 -0.149357289 -0.983438969
vn 0.113908976 -0.303172439 -0.946103215
vn 0.132065177 -0.579768181 -0.804007232
vn 0.146456987 -0.799010575 -0.58320874
vn 0.155673951 -0.939437568 -0.305323899
vn 0.158816189 -0.987305105 0.00245006382
vn 0.155574337 -0.937927544 0.309981644
vn 0.146267787 -0.796136379 0.587173343
vn 0.131806225 -0.575812757 0.80688715
vn 0.11360386 -0.298524082 0.947616756
vn 0.0934446976 0.00858850591 0.995587528
vn 0.0733012259 0.315461308 0.946103215
vn 0.0551452935 0.59205699 0.804007232
vn 0.0407544747 0.811299443 0.583208621
vn 0.0315359533 0.951726258 0.30532375
vn 0.0283939913 0.999593854 -0.00244992669
vn 0.0316345394 0.950216234 -0.309981465
vn 0.0409421399 0.808426023 -0.58717227
vn 0.0554056056 0.588101566 -0.80688715
vn 0.0736066252 0.310812503 -0.947616756
vn 0.0822605416 0.161496148 -0.983438969
vn 0.10266526 -0.14935711 -0.983438969
vn 0.113916807 -0.303286344 -0.946065784
vn 0.132072404 -0.579865158 -0.803936064
vn 0.146460682 -0.799079359 -0.583113492
vn 0.155676052 -0.939474165 -0.305210084
vn 0.158816278 -0.987304866 0.00256972527
vn 0.155572563 -0.937890172 0.310095787
vn 0.146263361 -0.796065152 0.587271035
vn 0.131798699 -0.575716853 0.806956649
vn 0.113596477 -0.298410207 0.947653472
vn 0.0934369192 0.00870810729 0.99558717
vn 0.0732940212 0.315575331 0.946065724
vn 0.0551396385 0.592153966 0.803936183
vn 0.040749006 0.811368346 0.583113194
vn 0.0315329805 0.951762736 0.305210173
vn 0.0283939485 0.999593556 -0.00256979628
vn 0.031637527 0.950178862 -0.310095519
vn 0.0409478359 0.808354199 -0.587270558
vn 0.055411268 0.588005245 -0.806956887
vn 0.0736138597 0.310699105 -0.947653472
vn 0.0822606757 0.161496133 -0.983438909
vn 0.10266564 -0.149357408 -0.983438909
vn 0.113925248 -0.303411722 -0.946024477
vn 0.132078767 -0.579970539 -0.803859055
vn 0.146466568 -0.79915607 -0.583007038
vn 0.155681312 -0.939514935 -0.305082172
vn 0.158817321 -0.98730427 0.0026996457
vn 0.155571491 -0.937848389 0.310222358
vn 0.146259651 -0.795987904 0.587376654
vn 0.131793305 -0.575609803 0.807034016
vn 0.113588788 -0.298284739 0.947693944
vn 0.0934282541 0.00883973483 0.995586753
vn 0.0732849464 0.315700471 0.946024597
vn 0.0551302917 0.592259467 0.803859174
vn 0.040742144 0.811445057 0.58300674
vn 0.0315297805 0.951803923 0.305082083
vn 0.0283916425 0.999593139 -0.00269968016
vn 0.0316385031 0.950137377 -0.310222238
vn 0.0409509726 0.808276713 -0.587376952
vn 0.0554171354 0.587898493 -0.807034254
vn 0.0736213326 0.310573637 -0.947694004
vn 0.0822600499 0.161496341 -0.983438969
vn 0.10266564 -0.149357468 -0.983438849
vn 0.113934264 -0.303550214 -0.945978999
vn 0.132086679 -0.58008796 -0.803773046
vn 0.146473184 -0.799242675 -0.582886457
vn 0.155684084 -0.939559281 -0.304944068
vn 0.158817217 -0.987303853 0.00284618163
vn 0.155569226 -0.937802017 0.31036371
vn 0.14625378 -0.795902491 0.587493777
vn 0.131784692 -0.575491905 0.807119489
vn 0.113579333 -0.298145503 0.947738826
vn 0.0934183821 0.00898565259 0.995586395
vn 0.0732756257 0.315839082 0.945979059
vn 0.0551226288 0.592377007 0.803773046
vn 0.0407371968 0.811531842 0.582886457
vn 0.0315254889 0.95184797 0.304945111
vn 0.0283909608 0.9995929 -0.00284700654
vn 0.0316426232 0.950091124 -0.31036371
vn 0.0409566388 0.808191359 -0.587494254
vn 0.0554241799 0.587780893 -0.80711937
vn 0.0736305714 0.310434461 -0.947738886
vn 0.082260482 0.161496162 -0.983439028
vn 0.102665395 -0.149357483 -0.983438969
vn 0.113943838 -0.303704679 -0.945928216
vn 0.132095248 -0.580220163 -0.803676307
vn 0.146478474 -0.799338281 -0.582754016
vn 0.15568471 -0.939608753 -0.304791272
vn 0.158816144 -0.987303615 0.00301142456
vn 0.155562803 -0.937752247 0.310517251
vn 0.146244884 -0.7958076 0.587624669
vn 0.131775871 -0.57535851 0.807215929
vn 0.113568991 -0.297990739 0.947788775
vn 0.0934078917 0.00914856605 0.995585918
vn 0.0732661486 0.315993577 0.945928156
vn 0.0551152751 0.592508316 0.803676605
vn 0.0407319181 0.811626852 0.582754433
vn 0.0315240286 0.951897264 0.304791272
vn 0.0283945687 0.999592185 -0.00301360595
vn 0.0316459239 0.950040817 -0.310517251
vn 0.0409627184 0.808096051 -0.587624669
vn 0.0554341786 0.587647855 -0.807215512
vn 0.0736412331 0.31027925 -0.947788894
vn 0.0822604895 0.161496311 -0.983438969
vn 0.102665335 -0.149357334 -0.983438969
vn 0.113955475 -0.303878516 -0.945871055
vn 0.13210462 -0.580367386 -0.803568304
vn 0.146484405 -0.799443841 -0.582607806
vn 0.155688882 -0.939664662 -0.304616541
vn 0.15881604 -0.987303078 0.00319411699
vn 0.155559108 -0.93769592 0.31068939
vn 0.146239445 -0.795697749 0.587774813
vn 0.131766319 -0.575210631 0.807322979
vn 0.113557369 -0.297817498 0.947844625
vn 0.0933957994 0.0093309423 0.995585322
vn 0.0732547492 0.316166639 0.945871234
vn 0.0551060662 0.592656255 0.803568184
vn 0.0407257788 0.811733246 0.582606673
vn 0.0315219387 0.95195365 0.304615587
vn 0.0283939373 0.999591768 -0.00319419312
vn 0.0316495225 0.949984431 -0.310689151
vn 0.0409712605 0.807987511 -0.587773263
vn 0.055444669 0.587499499 -0.8073228
vn 0.0736528262 0.310105801 -0.947844803
vn 0.0822607279 0.161496133 -0.983438969
vn 0.102665395 -0.149357453 -0.983438849
vn 0.113967985 -0.304074556 -0.945806503
vn 0.132114917 -0.580533385 -0.80344671
vn 0.146492794 -0.799564719 -0.58243984
vn 0.155693352 -0.939727783 -0.304419428
vn 0.158816323 -0.987302303 0.00339952647
vn 0.155556232 -0.937630832 0.310887158
vn 0.146230951 -0.795576215 0.587941289
vn 0.131754428 -0.575044394 0.807443321
vn 0.113544345 -0.297621101 0.947907925
vn 0.0933822244 0.00953721721 0.995584667
vn 0.0732420385 0.316363037 0.945806503
vn 0.0550951883 0.592822671 0.803446174
vn 0.0407174304 0.811853588 0.582439661
vn 0.0315172113 0.952016532 0.304419339
vn 0.0283944998 0.999590993 -0.00339955697
vn 0.031655401 0.949919581 -0.310887098
vn 0.0409796499 0.807865441 -0.587940574
vn 0.0554554351 0.587332428 -0.807443738
vn 0.0736653805 0.30990994 -0.947907925
vn 0.0822604448 0.161496446 -0.983438909
vn 0.102665253 -0.149357408 -0.983438969
vn 0.117001928 -0.352448285 -0.928488374
vn 0.134642854 -0.621200442 -0.771998227
vn 0.148253322 -0.828544736 -0.539939463
vn 0.156501517 -0.954184532 -0.255027771
vn 0.158578143 -0.985821784 0.0548486151
vn 0.154280648 -0.920359433 0.359355032
vn 0.144029602 -0.764205575 0.628685355
vn 0.128830075 -0.532644749 0.836476147
vn 0.110168613 -0.248344883 0.962386489
vn 0.0898718387 0.0608657375 0.994091749
vn 0.0699262545 0.364718288 0.928488493
vn 0.052284874 0.633470833 0.771998107
vn 0.0386746861 0.840815067 0.539939284
vn 0.0304287784 0.966454864 0.255027473
vn 0.0283519384 0.998091996 -0.0548483804
vn 0.032648541 0.932629704 -0.359355032
vn 0.0428975411 0.776475668 -0.628685415
vn 0.0580978729 0.544914782 -0.836476207
vn 0.0767597854 0.260615379 -0.96238637
vn 0.0822605938 0.161495969 -0.983438969
vn 0 1 0
vn -0.0873398855 -0.995996952 -0.0190211963
vn -0.0787407756 -0.995367646 -0.0551654734
vn -0.0624252744 -0.994351804 -0.0858345777
vn -0.0400385372 -0.993339121 -0.108047903
vn -0.0137877259 -0.992714703 -0.119696654
vn 0.013787671 -0.992714763 -0.119696669
vn 0.0400387049 -0.993339121 -0.108047754
vn 0.0624252595 -0.994351864 -0.0858345926
vn 0.0787407607 -0.995367646 -0.0551654845
vn 0.087339893 -0.995996892 -0.0190211907
vn 0.0873398855 -0.995996952 0.0190211888
vn 0.0787407607 -0.995367646 0.0551654473
vn 0.0624251924 -0.994351804 0.0858346969
vn 0.040038608 -0.993339002 0.108047865
vn 0.0137877259 -0.992714703 0.119696654
vn -0.013787671 -0.992714763 0.119696669
vn -0.0400387421 -0.993339121 0.108047739
vn -0.062425226 -0.994351745 0.0858346447
vn -0.078740783 -0.995367646 0.0551654585
vn -0.0873398855 -0.995996952 0.0190211888
vn -0.185513332 -0.981810808 -0.0404017195
vn -0.213540211 -0.973985672 -0.0758445561
vn -0.185140058 -0.969254971 -0.162073836
vn -0.13874431 -0.962940633 -0.231290638
vn -0.0795196593 -0.957475543 -0.277339578
vn -0.0132622411 -0.954865456 -0.296742231
vn 0.0541429445 -0.956036389 -0.288206756
vn 0.116816588 -0.960575163 -0.252287745
vn 0.168893054 -0.966842711 -0.191546559
vn 0.204860434 -0.97247088 -0.111052148
vn 0.220414877 -0.975228369 -0.0186245441
vn 0.213540226 -0.973985732 0.0758445263
vn 0.185140014 -0.969254911 0.162073851
vn 0.13874419 -0.962940633 0.231290564
vn 0.079519704 -0.957475603 0.277339667
vn 0.0132622635 -0.954865456 0.296742231
vn -0.054142978 -0.956036389 0.288206756
vn -0.116816536 -0.960575223 0.252287835
vn -0.168893024 -0.966842771 0.191546366
vn -0.204860449 -0.972470939 0.111052111
vn -0.239842743 -0.969405651 0.0522332303
vn -0.442050099 -0.891809285 -0.0962697864
vn -0.490507394 -0.847673357 -0.202119604
vn -0.40968734 -0.82474637 -0.389807224
vn -0.292224437 -0.797968924 -0.527115285
vn -0.155363306 -0.777476788 -0.609419525
vn -0.0106847975 -0.769291222 -0.638808966
vn 0.134466961 -0.775421083 -0.616960883
vn 0.273059011 -0.794383049 -0.542581081
vn 0.394319981 -0.820789397 -0.413299561
vn 0.481713414 -0.845011353 -0.232181162
vn 0.516890287 -0.855895519 -0.0163452737
vn 0.490507334 -0.847673357 0.202119529
vn 0.40968731 -0.82474643 0.389806986
vn 0.292224199 -0.797968864 0.527115464
vn 0.155363411 -0.777476668 0.609419703
vn 0.0106848348 -0.769291222 0.638808966
vn -0.134466931 -0.775421143 0.616960824
vn -0.27305904 -0.794383049 0.542581201
vn -0.39432022 -0.820789337 0.413299382
vn -0.481713414 -0.845011294 0.232181087
vn -0.580422282 -0.804445207 0.126403645
vn -0.94974339 -0.234962806 -0.206833541
vn -0.913023531 1.14457272e-07 -0.40790692
vn -0.707461834 -1.43355962e-07 -0.706751525
vn -0.467185259 1.30298929e-07 -0.884159386
vn -0.229971543 2.77274324e-07 -0.973197341
vn 4.6064244e-08 1.62579681e-07 -1
vn 0.229971677 1.22000699e-07 -0.973197281
vn 0.467185229 1.42144273e-07 -0.884159386
vn 0.707461774 1.95485441e-07 -0.706751645
vn 0.913023531 -1.5737875e-07 -0.40790695
vn 1 -1.49031329e-08 3.72578324e-09
vn 0.913023531 1.57378693e-07 0.407906771
vn 0.707461715 6.25553753e-07 0.706751645
vn 0.467184931 -3.43515438e-07 0.884159565
vn 0.229971707 2.66183264e-07 0.973197401
vn -2.70966138e-09 2.4928886e-07 1
vn -0.229971781 1.33091632e-07 0.973197281
vn -0.467185199 5.56731891e-07 0.884159505
vn -0.707461894 -5.47359434e-07 0.706751466
vn -0.913023531 -5.72286147e-08 0.407906801
vn -0.94974333 0.234962806 0.206833437
vn -0.580422223 0.804445207 -0.126403689
vn -0.481713414 0.845011294 -0.232181162
vn -0.394319981 0.820789397 -0.413299561
vn -0.273058951 0.794383049 -0.542581141
vn -0.134466827 0.775421143 -0.616960764
vn 0.0106849121 0.769291162 -0.638809025
vn 0.155363306 0.777476668 -0.609419584
vn 0.292224586 0.797968686 -0.527115464
vn 0.409687251 0.82474637 -0.389807314
vn 0.490507334 0.847673357 -0.202119589
vn 0.516890287 0.855895519 0.0163452793
vn 0.481713414 0.845011294 0.232181087
vn 0.394320071 0.820789397 0.413299412
vn 0.273058861 0.79438293 0.54258126
vn 0.134466872 0.775421143 0.616960824
vn -0.0106848348 0.769291103 0.638808966
vn -0.155363321 0.777476609 0.609419644
vn -0.292224467 0.797968626 0.527115524
vn -0.40968743 0.82474643 0.389806956
vn -0.490507424 0.847673357 0.202119529
vn -0.442050099 0.891809285 0.0962697715
vn -0.239842713 0.969405591 -0.0522332378
vn -0.204860449 0.97247088 -0.111052141
vn -0.168893039 0.96684283 -0.191546544
vn -0.116816469 0.960575223 -0.252287805
vn -0.0541428812 0.956036389 -0.288206786
vn 0.0132622784 0.954865515 -0.29674229
vn 0.0795196593 0.957475543 -0.277339667
vn 0.138744473 0.962940574 -0.231290519
vn 0.185140043 0.969254971 -0.162073836
vn 0.213540211 0.973985672 -0.0758445486
vn 0.220414877 0.975228369 0.0186245441
vn 0.204860434 0.972470939 0.111052103
vn 0.168892965 0.96684283 0.191546425
vn 0.116816498 0.960575223 0.252287894
vn 0.0541429631 0.95603627 0.288206786
vn -0.0132622411 0.954865456 0.296742231
vn -0.0795196742 0.957475483 0.277339697
vn -0.138744459 0.962940633 0.231290415
vn -0.185140103 0.969254971 0.162073836
vn -0.213540226 0.973985672 0.0758445263
vn -0.185513318 0.981810868 0.0404016934
vn -0.087339893 0.995996892 -0.0190211739
vn -0.0787407607 0.995367646 -0.0551654994
vn -0.0624252521 0.994351745 -0.0858345628
vn -0.0400385074 0.993339002 -0.108047865
vn -0.0137876682 0.992714763 -0.119696632
vn 0.0137876682 0.992714703 -0.119696625
vn 0.0400386639 0.993339121 -0.108047731
vn 0.062425267 0.994351745 -0.0858345628
vn 0.0787407532 0.995367646 -0.0551655069
vn 0.087339893 0.995996892 -0.0190211702
vn 0.087339893 0.995996892 0.0190211702
vn 0.0787407458 0.995367646 0.0551654771
vn 0.0624251626 0.994351804 0.0858346894
vn 0.0400386862 0.993339121 0.108047746
vn 0.013787644 0.992714763 0.119696654
vn -0.0137876682 0.992714703 0.119696625
vn -0.0400387198 0.993339062 0.108047716
vn -0.062425226 0.994351745 0.0858346298
vn -0.0787407681 0.995367646 0.0551654845
vn -0.087339893 0.995996892 0.0190211702
vn 0.0873556882 -0.996177197 0
vn 0.0899260864 -0.174898267 0.980471313
vn 0.0727509335 -0.273414344 0.959141314
vn 0.0203414876 -0.55243212 0.83330965
vn -0.02232402 -0.779577255 0.625907958
vn -0.0510711223 -0.932615578 0.357239097
vn -0.0630840734 -0.996567726 0.0536012985
vn -0.0571871251 -0.965172648 -0.255286872
vn -0.0339566357 -0.841505408 -0.539180398
vn 0.00433126977 -0.63766849 -0.770298779
vn 0.0539294258 -0.373616189 -0.926014304
vn 0.109982736 -0.0751961544 -0.991084814
vn 0.167005017 0.228379995 -0.959141195
vn 0.21941407 0.507397592 -0.833309829
vn 0.262080103 0.734542906 -0.625907898
vn 0.290824831 0.887581527 -0.357239127
vn 0.302836835 0.951533914 -0.053601291
vn 0.296939611 0.920138896 0.255286753
vn 0.27371192 0.796471 0.539180756
vn 0.23542437 0.592633784 0.770299017
vn 0.185826585 0.32858187 0.926014304
vn 0.147261709 0.130345821 0.980471253
vn 0.0899264067 -0.174897999 0.980471253
vn 0.0637593418 -0.322231293 0.944511354
vn 0.0126331951 -0.59441793 0.804057121
vn -0.0279776696 -0.810625672 0.584895909
vn -0.0540986061 -0.949690282 0.308482677
vn -0.0631739348 -0.998000741 0.00187073916
vn -0.054312136 -0.950827241 -0.304922491
vn -0.0283830296 -0.812788069 -0.581867635
vn 0.0120746968 -0.597393572 -0.801857233
vn 0.0631021708 -0.32572946 -0.943354905
vn 0.119704567 -0.0243887659 -0.992509961
vn 0.176340491 0.277132213 -0.944511354
vn 0.227466524 0.549318731 -0.804057181
vn 0.268078238 0.765526593 -0.584895849
vn 0.294199526 0.904591024 -0.308482796
vn 0.303273112 0.952901781 -0.00187081716
vn 0.294413149 0.905727923 0.304922551
vn 0.268485039 0.767688453 0.581867933
vn 0.228025794 0.552294195 0.801857352
vn 0.176997662 0.280630559 0.943354845
vn 0.147261515 0.130345821 0.980471313
vn 0.0899257734 -0.174898162 0.980471253
vn 0.0637472421 -0.322291583 0.944491625
vn 0.0126226526 -0.594468594 0.804019749
vn -0.0279858503 -0.810662508 0.58484441
vn -0.0541047193 -0.949710131 0.308420599
vn -0.0631765127 -0.998000801 0.00180630677
vn -0.0543109812 -0.950807929 -0.304983109
vn -0.0283788498 -0.81275028 -0.581920624
vn 0.0120824398 -0.597341537 -0.801895976
vn 0.0631125793 -0.32566914 -0.943375111
vn 0.119716354 -0.0243253782 -0.99251008
vn 0.176352412 0.277192473 -0.944491506
vn 0.227477729 0.549369097 -0.80401969
vn 0.268087655 0.765562773 -0.584843993
vn 0.294205517 0.904610336 -0.308420569
vn 0.303275436 0.952901185 -0.00180625694
vn 0.294411749 0.905708015 0.30498302
vn 0.268479317 0.767650545 0.581920624
vn 0.228017285 0.552242279 0.801895678
vn 0.176987156 0.28057009 0.943374813
vn 0.147262156 0.13034597 0.980471253
vn 0.0899255872 -0.174898222 0.980471313
vn 0.0637368411 -0.32234779 0.944473088
vn 0.0126133412 -0.594516635 0.803984344
vn -0.0279946402 -0.810697496 0.584795415
vn -0.0541089028 -0.949728608 0.308363229
vn -0.0631747767 -0.998000979 0.00174674101
vn -0.0543081202 -0.950789511 -0.305041015
vn -0.0283735171 -0.812715471 -0.581969559
vn 0.0120912967 -0.597293854 -0.801931322
vn 0.0631237552 -0.325613171 -0.943393588
vn 0.119727701 -0.0242661666 -0.9925102
vn 0.176363617 0.277248442 -0.944473028
vn 0.227486849 0.549417257 -0.803984165
vn 0.268093586 0.76559782 -0.584795475
vn 0.294209003 0.904628932 -0.308362573
vn 0.303276867 0.952900887 -0.00174674205
vn 0.294407457 0.905689895 0.305040807
vn 0.268471271 0.767616153 0.581969619
vn 0.228007719 0.552194595 0.801931143
vn 0.176976621 0.280513942 0.943393409
vn 0.147261739 0.130345911 0.980471313
vn 0.0899262875 -0.174898177 0.980471253
vn 0.0637274683 -0.322400868 0.944455683
vn 0.0126056792 -0.594562054 0.803950906
vn -0.0279977936 -0.8107301 0.584750354
vn -0.0541080944 -0.949745536 0.308311254
vn -0.0631731898 -0.998001218 0.00168897025
vn -0.0543025546 -0.950772226 -0.305095673
vn -0.0283647161 -0.812683046 -0.582015157
vn 0.012101626 -0.597250104 -0.801963747
vn 0.0631339699 -0.325560421 -0.943411112
vn 0.119738109 -0.024210874 -0.992510259
vn 0.176372886 0.277301222 -0.944455624
vn 0.227494016 0.549462616 -0.803951085
vn 0.268097401 0.765631258 -0.584750116
vn 0.294210136 0.904646516 -0.308310091
vn 0.303274035 0.952901959 -0.00168905861
vn 0.294402272 0.905673206 0.305095673
vn 0.268464267 0.767583907 0.582015395
vn 0.227998957 0.552150786 0.801963866
vn 0.176965907 0.280461311 0.943411171
vn 0.147261634 0.130346 0.980471373
vn 0.0899260715 -0.174898446 0.980471194
vn 0.0637182444 -0.322450191 0.944439411
vn 0.0125987669 -0.594603896 0.80392009
vn -0.028002983 -0.810760438 0.584708035
vn -0.0541135594 -0.949761689 0.308260322
vn -0.0631740093 -0.998001099 0.00163699279
vn -0.0542988181 -0.950756431 -0.305145651
vn -0.028358357 -0.812652767 -0.582057834
vn 0.0121093607 -0.597207665 -0.801995277
vn 0.0631433949 -0.325511217 -0.943427503
vn 0.119748034 -0.0241590384 -0.992510438
vn 0.176381707 0.277350992 -0.944439471
vn 0.227501094 0.549505234 -0.803919971
vn 0.268102467 0.765661955 -0.584707558
vn 0.294211686 0.904662907 -0.30826053
vn 0.30327329 0.952902257 -0.00163693447
vn 0.294399947 0.905657053 0.305145621
vn 0.268459082 0.76755327 0.582058072
vn 0.227990642 0.552108467 0.801995397
vn 0.176956609 0.280412018 0.943427384
vn 0.147261709 0.130346209 0.980471253
vn 0.0899260864 -0.174898535 0.980471194
vn 0.0543475449 -0.37147072 0.926852703
vn 0.00468170829 -0.635882914 0.771771371
vn -0.0337063335 -0.84025389 0.54114449
vn -0.057060454 -0.964579761 0.257546067
vn -0.0630918145 -0.996690273 -0.0512625873
vn -0.0512110442 -0.933442175 -0.355053782
vn -0.0225809738 -0.781027317 -0.624088407
vn 0.0199941918 -0.554363191 -0.832034588
vn 0.0723481625 -0.275639713 -0.958534539
vn 0.12935552 0.0278616082 -0.991206765
vn 0.185436696 0.326431334 -0.926852703
vn 0.23510319 0.590843081 -0.771771371
vn 0.273491055 0.795213997 -0.541144431
vn 0.296842486 0.919540346 -0.257546276
vn 0.302874029 0.951650977 0.0512625873
vn 0.290994376 0.888402462 0.355053842
vn 0.262366533 0.735987008 0.624088824
vn 0.219790921 0.50932312 0.832034707
vn 0.167437151 0.230599612 0.958534718
vn 0.147261485 0.130346179 0.980471253
vn -0.0875572339 -0.146661922 0.985304058
vn -0.100571238 -0.248574004 0.963377535
vn -0.134560928 -0.531573892 0.836255074
vn -0.16220367 -0.761719882 0.627273977
vn -0.180793032 -0.916483581 0.356891811
vn -0.188508153 -0.980716527 0.0515719652
vn -0.184594259 -0.94813031 -0.258792818
vn -0.169434234 -0.821913838 -0.543828666
vn -0.144513115 -0.614424884 -0.775627434
vn -0.112269729 -0.345971584 -0.931503773
vn -0.0758596659 -0.042831976 -0.996198118
vn -0.0388479754 0.265319437 -0.963377476
vn -0.0048571392 0.548318684 -0.836255372
vn 0.0227845479 0.778466225 -0.627272785
vn 0.0413737595 0.933229506 -0.356890529
vn 0.0490895025 0.997462094 -0.0515719727
vn 0.0451755822 0.964875996 0.258792728
vn 0.0300161988 0.838659883 0.543827772
vn 0.00509453285 0.631171048 0.775626957
vn -0.0271496009 0.362716436 0.931504011
vn -0.0503370166 0.16322431 0.985304058
vn -0.0875571519 -0.146661893 0.985303998
vn -0.106739201 -0.29914543 0.948218703
vn -0.139873698 -0.575018585 0.806095004
vn -0.166149721 -0.79378438 0.58506459
vn -0.182994515 -0.934028208 0.306764126
vn -0.188759103 -0.982022107 -0.00156429957
vn -0.182879239 -0.933068275 -0.309739739
vn -0.165930361 -0.791957855 -0.587596834
vn -0.139571905 -0.572505951 -0.807933509
vn -0.106384456 -0.296191156 -0.949185491
vn -0.0696156621 0.00993716624 -0.99752444
vn -0.0328649543 0.315912962 -0.948218822
vn 0.000269733515 0.591786623 -0.806094527
vn 0.026545234 0.810552657 -0.585063875
vn 0.0433904044 0.950795889 -0.306764185
vn 0.0491548628 0.998789966 0.00156427093
vn 0.0432750955 0.949836075 0.309739679
vn 0.0263267402 0.80872643 0.587595403
vn -3.1988613e-05 0.589273453 0.807933688
vn -0.0332200564 0.312958777 0.94918555
vn -0.0503369495 0.163224414 0.985304058
vn -0.0875571519 -0.146662056 0.985304058
vn -0.10674455 -0.299190253 0.948203981
vn -0.139878631 -0.57505703 0.806066573
vn -0.166153014 -0.793812156 0.585025966
vn -0.182996258 -0.93404299 0.306718171
vn -0.188759029 -0.982022166 -0.00161211996
vn -0.182877421 -0.933053732 -0.309784919
vn -0.16592662 -0.791930437 -0.587634563
vn -0.139567122 -0.572467029 -0.807962
vn -0.106378824 -0.296145827 -0.949200213
vn -0.0696097463 0.00998467579 -0.997524321
vn -0.0328594446 0.315958142 -0.948203981
vn 0.000274578982 0.591825664 -0.806065977
vn 0.0265493821 0.810580075 -0.585025728
vn 0.0433921479 0.95081073 -0.30671829
vn 0.0491548441 0.998789847 0.00161213835
vn 0.0432733223 0.949821472 0.309784859
vn 0.0263233762 0.808698416 0.587634206
vn -3.66682652e-05 0.589234412 0.80796212
vn -0.0332251787 0.312913716 0.949200213
vn -0.0503368042 0.163224459 0.985304058
vn -0.0875570849 -0.146661863 0.985304058
vn -0.106750377 -0.299238354 0.948188126
vn -0.139883861 -0.575098097 0.806036472
vn -0.16615659 -0.793841779 0.58498472
vn -0.182998151 -0.934058666 0.306669474
vn -0.188759029 -0.982021987 -0.00166310475
vn -0.182875574 -0.933038056 -0.30983299
vn -0.165923476 -0.791900933 -0.587675333
vn -0.139562577 -0.572425902 -0.807991982
vn -0.106373109 -0.296097636 -0.949215949
vn -0.0696038678 0.0100352317 -0.997524261
vn -0.0328540765 0.316006511 -0.948188007
vn 0.000279323198 0.591866016 -0.806036353
vn 0.0265529025 0.810609639 -0.584984541
vn 0.0433940403 0.950826466 -0.306669444
vn 0.0491548218 0.998789728 0.00166310463
vn 0.0432714447 0.949805856 0.309832871
vn 0.02631885 0.808668256 0.587675929
vn -4.17484916e-05 0.589194 0.807991683
vn -0.0332310423 0.312865674 0.949215889
vn -0.0503370762 0.163224265 0.985304058
vn -0.0875574499 -0.146661818 0.985304058
vn -0.106757343 -0.299289703 0.948171139
vn -0.139889866 -0.575140774 0.806004822
vn -0.166162461 -0.79387325 0.584940195
vn -0.183002129 -0.934074759 0.306618065
vn -0.188760638 -0.98202157 -0.00171730411
vn -0.182876036 -0.933020771 -0.309884757
vn -0.165922314 -0.791868806 -0.587718904
vn -0.139559031 -0.572382092 -0.808023453
vn -0.106367849 -0.296046048 -0.949232638
vn -0.0695975646 0.0100891562 -0.997524202
vn -0.0328475572 0.316057712 -0.948171139
vn 0.000285394373 0.591908753 -0.806004941
vn 0.0265579708 0.81064105 -0.584940791
vn 0.0433975607 0.950842977 -0.306617439
vn 0.0491564423 0.998789668 0.00171730469
vn 0.0432694368 0.94978857 0.309886158
vn 0.026315935 0.808636785 0.587719321
vn -4.57487513e-05 0.589150786 0.808023095
vn -0.0332369581 0.312814206 0.949232638
vn -0.0503366925 0.163224503 0.985303938
vn -0.087557666 -0.146662131 0.985303998
vn -0.106763653 -0.299344063 0.948153317
vn -0.139895782 -0.575187743 0.805970311
vn -0.166166633 -0.793906868 0.584893525
vn -0.183003798 -0.934092224 0.306564003
vn -0.188761175 -0.982021451 -0.00177683169
vn -0.182873398 -0.93300283 -0.309940159
vn -0.165917307 -0.791835368 -0.587765336
vn -0.13955301 -0.57233572 -0.808057368
vn -0.10636089 -0.295991629 -0.94925034
vn -0.0695903823 0.0101465955 -0.997524023
vn -0.0328404941 0.316112101 -0.948153317
vn 0.000291378878 0.591954887 -0.805970967
vn 0.0265613217 0.810675144 -0.584893346
vn 0.0433992781 0.95086062 -0.306562632
vn 0.0491559282 0.998789549 0.00177686091
vn 0.0432687886 0.949770689 0.309940904
vn 0.0263137463 0.808603525 0.587765157
vn -5.14822932e-05 0.589103699 0.808057427
vn -0.0332432538 0.312759727 0.94925034
vn -0.0503366478 0.163224414 0.985303998
vn -0.0875569955 -0.146661848 0.985304058
vn -0.106769972 -0.299402595 0.948134065
vn -0.13990064 -0.575238228 0.805933416
vn -0.166168749 -0.793942988 0.584844112
vn -0.183004484 -0.934111476 0.306504726
vn -0.188758507 -0.982021809 -0.00183799153
vn -0.182869032 -0.932984054 -0.309999317
vn -0.165911734 -0.791799247 -0.587815583
vn -0.139545888 -0.572286248 -0.808093667
vn -0.106353357 -0.295933276 -0.949269474
vn -0.0695830062 0.0102080321 -0.997523963
vn -0.0328339189 0.316170454 -0.948134065
vn 0.000295877428 0.59200573 -0.805933654
vn 0.0265642963 0.810711265 -0.584843218
vn 0.0434004329 0.950879157 -0.306504875
vn 0.0491553843 0.998789489 0.00183803518
vn 0.043265041 0.949751794 0.309999287
vn 0.0263071507 0.808566988 0.587815762
vn -5.80064334e-05 0.589054167 0.808093667
vn -0.0332506225 0.312701255 0.949269414
vn -0.0503369905 0.163223997 0.985303998
vn -0.087557137 -0.146661729 0.985304117
vn -0.106777944 -0.299465537 0.948113322
vn -0.139906988 -0.575290859 0.805894792
vn -0.166173369 -0.793981493 0.584790409
vn -0.183006972 -0.934131801 0.306441069
vn -0.18875955 -0.982021511 -0.00190535223
vn -0.182866678 -0.932963669 -0.310061991
vn -0.16590625 -0.791760921 -0.58786881
vn -0.139539644 -0.572232664 -0.808132708
vn -0.106346078 -0.295870334 -0.949289858
vn -0.0695751384 0.0102738673 -0.997523844
vn -0.0328267068 0.316233426 -0.948113322
vn 0.000302595319 0.592058897 -0.805894613
vn 0.0265697762 0.810749412 -0.58479023
vn 0.0434028879 0.950899482 -0.306441158
vn 0.0491542779 0.99878937 0.00190530508
vn 0.0432625897 0.949731529 0.310061991
vn 0.0263034943 0.808528483 0.587868869
vn -6.47097768e-05 0.589000642 0.808132589
vn -0.0332585759 0.312638193 0.949289799
vn -0.0503370091 0.163224339 0.985304058
vn -0.0875573307 -0.146661937 0.985303938
vn -0.112519011 -0.348118991 0.930673242
vn -0.144719228 -0.616212904 0.774169266
vn -0.169576153 -0.823167264 0.541885257
vn -0.184657305 -0.948726356 0.256554097
vn -0.188484088 -0.980596721 -0.0538866557
vn -0.180683658 -0.915660918 -0.359052181
vn -0.162021935 -0.760273099 -0.629073739
vn -0.134321883 -0.529644608 -0.837516725
vn -0.100295953 -0.24635306 -0.963976681
vn -0.0632749349 0.0618734732 -0.996076226
vn -0.0268833097 0.364862561 -0.930673242
vn 0.00531763723 0.632956505 -0.774169087
vn 0.0301750898 0.839910746 -0.541885018
vn 0.0452555493 0.965469718 -0.256554335
vn 0.0490845852 0.997340024 0.0538868196
vn 0.0412862785 0.932403982 0.359052032
vn 0.0226208102 0.777016282 0.629073858
vn -0.0050803395 0.546388388 0.837516546
vn -0.039106328 0.263096631 0.963976622
vn -0.0503369793 0.163224578 0.985303938
vn -0.102665208 -0.149356946 0.983439028
vn -0.110438094 -0.252142578 0.961367548
vn -0.129066542 -0.535942674 0.834330499
vn -0.14421162 -0.766680956 0.625622392
vn -0.154392794 -0.921769083 0.355674952
vn -0.158611223 -0.986027658 0.0509124696
vn -0.156454265 -0.953166485 -0.258835346
vn -0.148132294 -0.826403439 -0.543244183
vn -0.134463042 -0.618143022 -0.774479687
vn -0.116781555 -0.348775268 -0.929902077
vn -0.0968187973 -0.0446663499 -0.994299233
vn -0.0765305609 0.264415622 -0.961367428
vn -0.0579012856 0.548215449 -0.83433044
vn -0.042754367 0.778953791 -0.625622272
vn -0.0325754248 0.934041917 -0.355674922
vn -0.0283578411 0.998300493 -0.0509123914
vn -0.0305150636 0.965439439 0.258835137
vn -0.0388346389 0.838676035 0.543244421
vn -0.0525048636 0.630416691 0.77447921
vn -0.0701874048 0.361047864 0.929902196
vn -0.0822605938 0.161496073 0.983439028
vn -0.102665417 -0.149357289 0.983438969
vn -0.113908976 -0.303172439 0.946103215
vn -0.132065177 -0.579768181 0.804007232
vn -0.146456987 -0.799010575 0.58320874
vn -0.155673951 -0.939437568 0.305323899
vn -0.158816189 -0.987305105 -0.00245006382
vn -0.155574337 -0.937927544 -0.309981644
vn -0.146267787 -0.796136379 -0.587173343
vn -0.131806225 -0.575812757 -0.80688715
vn -0.11360386 -0.298524082 -0.947616756
vn -0.0934446976 0.00858850591 -0.995587528
vn -0.0733012259 0.315461308 -0.946103215
vn -0.0551452935 0.59205699 -0.804007232
vn -0.0407544747 0.811299443 -0.583208621
vn -0.0315359533 0.951726258 -0.30532375
vn -0.0283939913 0.999593854 0.00244992669
vn -0.0316345394 0.950216234 0.309981465
vn -0.0409421399 0.808426023 0.58717227
vn -0.0554056056 0.588101566 0.80688715
vn -0.0736066252 0.310812503 0.947616756
vn -0.0822605416 0.161496148 0.983438969
vn -0.10266526 -0.14935711 0.983438969
vn -0.113916807 -0.303286344 0.946065784
vn -0.132072404 -0.579865158 0.803936064
vn -0.146460682 -0.799079359 0.583113492
vn -0.155676052 -0.939474165 0.305210084
vn -0.158816278 -0.987304866 -0.00256972527
vn -0.155572563 -0.937890172 -0.310095787
vn -0.146263361 -0.796065152 -0.587271035
vn -0.131798699 -0.575716853 -0.806956649
vn -0.113596477 -0.298410207 -0.947653472
vn -0.0934369192 0.00870810729 -0.99558717
vn -0.0732940212 0.315575331 -0.946065724
vn -0.0551396385 0.592153966 -0.803936183
vn -0.040749006 0.811368346 -0.583113194
vn -0.0315329805 0.951762736 -0.305210173
vn -0.0283939485 0.999593556 0.00256979628
vn -0.031637527 0.950178862 0.310095519
vn -0.0409478359 0.808354199 0.587270558
vn -0.055411268 0.588005245 0.806956887
vn -0.0736138597 0.310699105 0.947653472
vn -0.0822606757 0.161496133 0.983438909
vn -0.10266564 -0.149357408 0.983438909
vn -0.113925248 -0.303411722 0.946024477
vn -0.132078767 -0.579970539 0.803859055
vn -0.146466568 -0.79915607 0.583007038
vn -0.155681312 -0.939514935 0.305082172
vn -0.158817321 -0.98730427 -0.0026996457
vn -0.155571491 -0.937848389 -0.310222358
vn -0.146259651 -0.795987904 -0.587376654
vn -0.131793305 -0.575609803 -0.807034016
vn -0.113588788 -0.298284739 -0.947693944
vn -0.0934282541 0.00883973483 -0.995586753
vn -0.0732849464 0.315700471 -0.946024597
vn -0.0551302917 0.592259467 -0.803859174
vn -0.040742144 0.811445057 -0.58300674
vn -0.0315297805 0.951803923 -0.305082083
vn -0.0283916425 0.999593139 0.00269968016
vn -0.0316385031 0.950137377 0.310222238
vn -0.0409509726 0.808276713 0.587376952
vn -0.0554171354 0.587898493 0.807034254
vn -0.0736213326 0.310573637 0.947694004
vn -0.0822600499 0.161496341 0.983438969
vn -0.10266564 -0.149357468 0.983438849
vn -0.113934264 -0.303550214 0.945978999
vn -0.132086679 -0.58008796 0.803773046
vn -0.146473184 -0.799242675 0.582886457
vn -0.155684084 -0.939559281 0.304944068
vn -0.158817217 -0.987303853 -0.00284618163
vn -0.155569226 -0.937802017 -0.31036371
vn -0.14625378 -0.795902491 -0.587493777
vn -0.131784692 -0.575491905 -0.807119489
vn -0.113579333 -0.298145503 -0.947738826
vn -0.0934183821 0.00898565259 -0.995586395
vn -0.0732756257 0.315839082 -0.945979059
vn -0.0551226288 0.592377007 -0.803773046
vn -0.0407371968 0.811531842 -0.582886457
vn -0.0315254889 0.95184797 -0.304945111
vn -0.0283909608 0.9995929 0.00284700654
vn -0.0316426232 0.950091124 0.31036371
vn -0.0409566388 0.808191359 0.587494254
vn -0.0554241799 0.587780893 0.80711937
vn -0.0736305714 0.310434461 0.947738886
vn -0.082260482 0.161496162 0.983439028
vn -0.102665395 -0.149357483 0.983438969
vn -0.113943838 -0.303704679 0.945928216
vn -0.132095248 -0.580220163 0.803676307
vn -0.146478474 -0.799338281 0.582754016
vn -0.15568471 -0.939608753 0.304791272
vn -0.158816144 -0.987303615 -0.00301142456
vn -0.155562803 -0.937752247 -0.310517251
vn -0.146244884 -0.7958076 -0.587624669
vn -0.131775871 -0.57535851 -0.807215929
vn -0.113568991 -0.297990739 -0.947788775
vn -0.0934078917 0.00914856605 -0.995585918
vn -0.0732661486 0.315993577 -0.945928156
vn -0.0551152751 0.592508316 -0.803676605
vn -0.0407319181 0.811626852 -0.582754433
vn -0.0315240286 0.951897264 -0.304791272
vn -0.0283945687 0.999592185 0.00301360595
vn -0.0316459239 0.950040817 0.310517251
vn -0.0409627184 0.808096051 0.587624669
vn -0.0554341786 0.587647855 0.807215512
vn -0.0736412331 0.31027925 0.947788894
vn -0.0822604895 0.161496311 0.983438969
vn -0.102665335 -0.149357334 0.983438969
vn -0.113955475 -0.303878516 0.945871055
vn -0.13210462 -0.580367386 0.803568304
vn -0.146484405 -0.799443841 0.582607806
vn -0.155688882 -0.939664662 0.304616541
vn -0.15881604 -0.987303078 -0.00319411699
vn -0.155559108 -0.93769592 -0.31068939
vn -0.146239445 -0.795697749 -0.587774813
vn -0.131766319 -0.575210631 -0.807322979
vn -0.113557369 -0.297817498 -0.947844625
vn -0.0933957994 0.0093309423 -0.995585322
vn -0.0732547492 0.316166639 -0.945871234
vn -0.0551060662 0.592656255 -0.803568184
vn -0.0407257788 0.811733246 -0.582606673
vn -0.0315219387 0.95195365 -0.304615587
vn -0.0283939373 0.999591768 0.00319419312
vn -0.0316495225 0.949984431 0.310689151
vn -0.0409712605 0.807987511 0.587773263
vn -0.055444669 0.587499499 0.8073228
vn -0.0736528262 0.310105801 0.947844803
vn -0.0822607279 0.161496133 0.983438969
vn -0.102665395 -0.149357453 0.983438849
vn -0.113967985 -0.304074556 0.945806503
vn -0.132114917 -0.580533385 0.80344671
vn -0.146492794 -0.799564719 0.58243984
vn -0.155693352 -0.939727783 0.304419428
vn -0.158816323 -0.987302303 -0.00339952647
vn -0.155556232 -0.937630832 -0.310887158
vn -0.146230951 -0.795576215 -0.587941289
vn -0.131754428 -0.575044394 -0.807443321
vn -0.113544345 -0.297621101 -0.947907925
vn -0.0933822244 0.00953721721 -0.995584667
vn -0.0732420385 0.316363037 -0.945806503
vn -0.0550951883 0.592822671 -0.803446174
vn -0.0407174304 0.811853588 -0.582439661
vn -0.0315172113 0.952016532 -0.304419339
vn -0.0283944998 0.999590993 0.00339955697
vn -0.031655401 0.949919581 0.310887098
vn -0.0409796499 0.807865441 0.587940574
vn -0.0554554351 0.587332428 0.807443738
vn -0.0736653805 0.30990994 0.947907925
vn -0.0822604448 0.161496446 0.983438909
vn -0.102665253 -0.149357408 0.983438969
vn -0.117001928 -0.352448285 0.928488374
vn -0.134642854 -0.621200442 0.771998227
vn -0.148253322 -0.828544736 0.539939463
vn -0.156501517 -0.954184532 0.255027771
vn -0.158578143 -0.985821784 -0.0548486151
vn -0.154280648 -0.920359433 -0.359355032
vn -0.144029602 -0.764205575 -0.628685355
vn -0.128830075 -0.532644749 -0.836476147
vn -0.110168613 -0.248344883 -0.962386489
vn -0.0898718387 0.0608657375 -0.994091749
vn -0.0699262545 0.364718288 -0.928488493
vn -0.052284874 0.633470833 -0.771998107
vn -0.0386746861 0.840815067 -0.539939284
vn -0.0304287784 0.966454864 -0.255027473
vn -0.0283519384 0.998091996 0.0548483804
vn -0.032648541 0.932629704 0.359355032
vn -0.0428975411 0.776475668 0.628685415
vn -0.0580978729 0.544914782 0.836476207
vn -0.0767597854 0.260615379 0.96238637
vn -0.0822605938 0.161495969 0.983438969
vn 0 1 0
vn -0.0873398855 -0.995996952 -0.0190211963
vn -0.0787407756 -0.995367646 -0.0551654734
vn -0.0624252744 -0.994351804 -0.0858345777
vn -0.0400385372 -0.993339121 -0.108047903
vn -0.0137877259 -0.992714703 -0.119696654
vn 0.013787671 -0.992714763 -0.119696669
vn 0.0400387049 -0.993339121 -0.108047754
vn 0.0624252595 -0.994351864 -0.0858345926
vn 0.0787407607 -0.995367646 -0.0551654845
vn 0.087339893 -0.995996892 -0.0190211907
vn 0.0873398855 -0.995996952 0.0190211888
vn 0.0787407607 -0.995367646 0.0551654473
vn 0.0624251924 -0.994351804 0.0858346969
vn 0.040038608 -0.993339002 0.108047865
vn 0.0137877259 -0.992714703 0.119696654
vn -0.013787671 -0.992714763 0.119696669
vn -0.0400387421 -0.993339121 0.108047739
vn -0.062425226 -0.994351745 0.0858346447
vn -0.078740783 -0.995367646 0.0551654585
vn -0.0873398855 -0.995996952 0.0190211888
vn -0.185513332 -0.981810808 -0.0404017195
vn -0.213540211 -0.973985672 -0.0758445561
vn -0.185140058 -0.969254971 -0.162073836
vn -0.13874431 -0.962940633 -0.231290638
vn -0.0795196593 -0.957475543 -0.277339578
vn -0.0132622411 -0.954865456 -0.296742231
vn 0.0541429445 -0.956036389 -0.288206756
vn 0.116816588 -0.960575163 -0.252287745
vn 0.168893054 -0.966842711 -0.191546559
vn 0.204860434 -0.97247088 -0.111052148
vn 0.220414877 -0.975228369 -0.0186245441
vn 0.213540226 -0.973985732 0.0758445263
vn 0.185140014 -0.969254911 0.162073851
vn 0.13874419 -0.962940633 0.231290564
vn 0.079519704 -0.957475603 0.277339667
vn 0.0132622635 -0.954865456 0.296742231
vn -0.054142978 -0.956036389 0.288206756
vn -0.116816536 -0.960575223 0.252287835
vn -0.168893024 -0.966842771 0.191546366
vn -0.204860449 -0.972470939 0.111052111
vn -0.239842743 -0.969405651 0.0522332303
vn -0.442050099 -0.891809285 -0.0962697864
vn -0.490507394 -0.847673357 -0.202119604
vn -0.40968734 -0.82474637 -0.389807224
vn -0.292224437 -0.797968924 -0.527115285
vn -0.155363306 -0.777476788 -0.609419525
vn -0.0106847975 -0.769291222 -0.638808966
vn 0.134466961 -0.775421083 -0.616960883
vn 0.273059011 -0.794383049 -0.542581081
vn 0.394319981 -0.820789397 -0.413299561
vn 0.481713414 -0.845011353 -0.232181162
vn 0.516890287 -0.855895519 -0.0163452737
vn 0.490507334 -0.847673357 0.202119529
vn 0.40968731 -0.82474643 0.389806986
vn 0.292224199 -0.797968864 0.527115464
vn 0.155363411 -0.777476668 0.609419703
vn 0.0106848348 -0.769291222 0.638808966
vn -0.134466931 -0.775421143 0.616960824
vn -0.27305904 -0.794383049 0.542581201
vn -0.39432022 -0.820789337 0.413299382
vn -0.481713414 -0.845011294 0.232181087
vn -0.580422282 -0.804445207 0.126403645
vn -0.94974339 -0.234962806 -0.206833541
vn -0.913023531 1.14457272e-07 -0.40790692
vn -0.707461834 -1.43355962e-07 -0.706751525
vn -0.467185259 1.30298929e-07 -0.884159386
vn -0.229971543 2.77274324e-07 -0.973197341
vn 4.6064244e-08 1.62579681e-07 -1
vn 0.229971677 1.22000699e-07 -0.973197281
vn 0.467185229 1.42144273e-07 -0.884159386
vn 0.707461774 1.95485441e-07 -0.706751645
vn 0.913023531 -1.5737875e-07 -0.40790695
vn 1 -1.49031329e-08 3.72578324e-09
vn 0.913023531 1.57378693e-07 0.407906771
vn 0.707461715 6.25553753e-07 0.706751645
vn 0.467184931 -3.43515438e-07 0.884159565
vn 0.229971707 2.66183264e-07 0.973197401
vn -2.70966138e-09 2.4928886e-07 1
vn -0.229971781 1.33091632e-07 0.973197281
vn -0.467185199 5.56731891e-07 0.884159505
vn -0.707461894 -5.47359434e-07 0.706751466
vn -0.913023531 -5.72286147e-08 0.407906801
vn -0.94974333 0.234962806 0.206833437
vn -0.580422223 0.804445207 -0.126403689
vn -0.481713414 0.845011294 -0.232181162
vn -0.394319981 0.820789397 -0.413299561
vn -0.273058951 0.794383049 -0.542581141
vn -0.134466827 0.775421143 -0.616960764
vn 0.0106849121 0.769291162 -0.638809025
vn 0.155363306 0.777476668 -0.609419584
vn 0.292224586 0.797968686 -0.527115464
vn 0.409687251 0.82474637 -0.389807314
vn 0.490507334 0.847673357 -0.202119589
vn 0.516890287 0.855895519 0.0163452793
vn 0.481713414 0.845011294 0.232181087
vn 0.394320071 0.820789397 0.413299412
vn 0.273058861 0.79438293 0.54258126
vn 0.134466872 0.775421143 0.616960824
vn -0.0106848348 0.769291103 0.638808966
vn -0.155363321 0.777476609 0.609419644
vn -0.292224467 0.797968626 0.527115524
vn -0.40968743 0.82474643 0.389806956
vn -0.490507424 0.847673357 0.202119529
vn -0.442050099 0.891809285 0.0962697715
vn -0.239842713 0.969405591 -0.0522332378
vn -0.204860449 0.97247088 -0.111052141
vn -0.168893039 0.96684283 -0.191546544
vn -0.116816469 0.960575223 -0.252287805
vn -0.0541428812 0.956036389 -0.288206786
vn 0.0132622784 0.954865515 -0.29674229
vn 0.0795196593 0.957475543 -0.277339667
vn 0.138744473 0.962940574 -0.231290519
vn 0.185140043 0.969254971 -0.162073836
vn 0.213540211 0.973985672 -0.0758445486
vn 0.220414877 0.975228369 0.0186245441
vn 0.204860434 0.972470939 0.111052103
vn 0.168892965 0.96684283 0.191546425
vn 0.116816498 0.960575223 0.252287894
vn 0.0541429631 0.95603627 0.288206786
vn -0.0132622411 0.954865456 0.296742231
vn -0.0795196742 0.957475483 0.277339697
vn -0.138744459 0.962940633 0.231290415
vn -0.185140103 0.969254971 0.162073836
vn -0.213540226 0.973985672 0.0758445263
vn -0.185513318 0.981810868 0.0404016934
vn -0.087339893 0.995996892 -0.0190211739
vn -0.0787407607 0.995367646 -0.0551654994
vn -0.0624252521 0.994351745 -0.0858345628
vn -0.0400385074 0.993339002 -0.108047865
vn -0.0137876682 0.992714763 -0.119696632
vn 0.0137876682 0.992714703 -0.119696625
vn 0.0400386639 0.993339121 -0.108047731
vn 0.062425267 0.994351745 -0.0858345628
vn 0.0787407532 0.995367646 -0.0551655069
vn 0.087339893 0.995996892 -0.0190211702
vn 0.087339893 0.995996892 0.0190211702
vn 0.0787407458 0.995367646 0.0551654771
vn 0.0624251626 0.994351804 0.0858346894
vn 0.0400386862 0.993339121 0.108047746
vn 0.013787644 0.992714763 0.119696654
vn -0.0137876682 0.992714703 0.119696625
vn -0.0400387198 0.993339062 0.108047716
vn -0.062425226 0.994351745 0.0858346298
vn -0.0787407681 0.995367646 0.0551654845
vn -0.087339893 0.995996892 0.0190211702
vn 0.0873556882 -0.996177197 0
vn -0.155806109 0.132190257 0.978902519
vn -0.25837481 0.132223576 0.956953168
vn -0.542939484 0.126710802 0.83015728
vn -0.774357617 0.117648289 0.621714771
vn -0.929976106 0.105922751 0.352029592
vn -0.994562089 0.092682302 0.0475003235
vn -0.961793363 0.0792229623 -0.262063414
vn -0.83487761 0.0668623969 -0.546359599
vn -0.626238167 0.0568102524 -0.77755928
vn -0.356298178 0.050050538 -0.933030903
vn -0.0514813177 0.0472450107 -0.997555792
vn 0.25837481 0.0486684665 -0.964818001
vn 0.542939663 0.0541814081 -0.838021934
vn 0.774357617 0.0632441118 -0.629579604
vn 0.929976106 0.0749695897 -0.359894246
vn 0.994562089 0.088209942 -0.0553649217
vn 0.961793363 0.101669043 0.254198551
vn 0.834877551 0.114030153 0.538494766
vn 0.626238108 0.124082208 0.769694388
vn 0.356298268 0.130841509 0.925165892
vn 0.155805945 0.132190138 0.978902578
vn -0.15580596 0.132190242 0.978902578
vn -0.309239507 0.131686106 0.941822588
vn -0.586636364 0.125522733 0.80006367
vn -0.806609154 0.115937479 0.579603553
vn -0.947625339 0.103868663 0.302022338
vn -0.995881438 0.0904977843 -0.00550840097
vn -0.946653605 0.0771336555 -0.312885433
vn -0.804760873 0.0650843009 -0.590020418
vn -0.584092319 0.055529248 -0.809785545
vn -0.306248873 0.0494038872 -0.950668633
vn 0.00157225365 0.0473077781 -0.998879135
vn 0.309239596 0.0494461358 -0.949697793
vn 0.586636484 0.0556095615 -0.807938993
vn 0.806609213 0.0651948005 -0.587478697
vn 0.947625518 0.0772635564 -0.309897512
vn 0.995881498 0.0906343758 -0.00236667646
vn 0.946653605 0.103998609 0.30501017
vn 0.804760754 0.116048016 0.582145095
vn 0.584092379 0.125602871 0.801910281
vn 0.306249052 0.131728247 0.94279331
vn 0.155805796 0.132190362 0.978902519
vn -0.155805841 0.132190317 0.978902578
vn -0.309285551 0.131685421 0.941807568
vn -0.586675584 0.125521407 0.800035119
vn -0.806637466 0.115935683 0.579564333
vn -0.9476403 0.103866667 0.301976264
vn -0.995881379 0.0904957056 -0.00555689493
vn -0.946638644 0.0771316066 -0.312931478
vn -0.804732323 0.0650825426 -0.590059459
vn -0.58405304 0.0555280037 -0.809813976
vn -0.306202769 0.0494032018 -0.950683534
vn 0.00162077951 0.0473077707 -0.998879015
vn 0.3092857 0.0494467057 -0.949682772
vn 0.586675644 0.0556107126 -0.807910323
vn 0.806637704 0.0651964173 -0.587439477
vn 0.94764024 0.0772655457 -0.309851378
vn 0.995881438 0.090636529 -0.00231829495
vn 0.946638584 0.104000479 0.305056214
vn 0.804732323 0.116049483 0.582184196
vn 0.584053159 0.125604123 0.801938593
vn 0.306202769 0.131728962 0.94280827
vn 0.155805781 0.132190242 0.978902638
vn -0.155805916 0.132190168 0.978902519
vn -0.309334606 0.131684765 0.941791475
vn -0.586717188 0.12552014 0.800004721
vn -0.806667686 0.11593388 0.579522729
vn -0.947656155 0.103864558 0.301927179
vn -0.995881319 0.0904934481 -0.00560843945
vn -0.94662255 0.0771294683 -0.312980354
vn -0.804701865 0.0650807247 -0.590101004
vn -0.584011376 0.0555266254 -0.809844136
vn -0.306153774 0.0494025089 -0.95069927
vn 0.00167229422 0.0473077074 -0.998878956
vn 0.309334666 0.0494473875 -0.949666858
vn 0.586717188 0.0556120202 -0.807880104
vn 0.806667924 0.065198347 -0.587397695
vn 0.947656274 0.0772677585 -0.309802443
vn 0.995881259 0.0906386822 -0.0022670615
vn 0.946622491 0.104002684 0.30510518
vn 0.804701924 0.116051435 0.582225859
vn 0.584011316 0.125605494 0.801968813
vn 0.306153655 0.131729662 0.942824066
vn 0.155805916 0.132190242 0.978902519
vn -0.155806065 0.132190302 0.978902519
vn -0.30938676 0.131683975 0.941774487
vn -0.586761534 0.125518695 0.799972475
vn -0.806699872 0.11593201 0.579478264
vn -0.947673023 0.103862308 0.301874936
vn -0.99588114 0.0904910415 -0.00566330319
vn -0.946605504 0.0771271363 -0.313032627
vn -0.804669559 0.0650787577 -0.590145409
vn -0.583966792 0.0555253066 -0.809876323
vn -0.306101471 0.049401775 -0.950716138
vn 0.00172728766 0.0473077856 -0.998878896
vn 0.309386939 0.0494481996 -0.949649751
vn 0.586761713 0.0556134656 -0.807847738
vn 0.80670023 0.0652002171 -0.58735317
vn 0.947672904 0.0772697479 -0.309750348
vn 0.9958812 0.0906410739 -0.00221216166
vn 0.946605504 0.104005076 0.305157363
vn 0.804669619 0.116053365 0.582270145
vn 0.583966732 0.125606924 0.802001059
vn 0.30610159 0.131730303 0.942840815
vn 0.15580599 0.132190183 0.978902578
vn -0.155805945 0.132190183 0.978902638
vn -0.309442669 0.131683141 0.941756189
vn -0.58680892 0.125517145 0.799938023
vn -0.806734324 0.115929924 0.579430759
vn -0.947691023 0.103859819 0.301819235
vn -0.995881081 0.0904884562 -0.00572193041
vn -0.946587265 0.0771246627 -0.313088298
vn -0.804635048 0.0650766864 -0.590192854
vn -0.583919287 0.0555237196 -0.809910655
vn -0.306045651 0.0494010262 -0.950734198
vn 0.00178587635 0.0473077707 -0.998878777
vn 0.30944252 0.049448885 -0.949631572
vn 0.586809099 0.0556149073 -0.807813227
vn 0.806734562 0.0652021244 -0.587305665
vn 0.947691083 0.0772722363 -0.309694529
vn 0.995881021 0.0906436741 -0.00215338334
vn 0.946587265 0.104007445 0.305213004
vn 0.804634988 0.116055399 0.582317412
vn 0.583919287 0.12560831 0.802035451
vn 0.306045741 0.131731078 0.942858994
vn 0.155805856 0.132190317 0.978902638
vn -0.155805975 0.132190287 0.978902578
vn -0.309502304 0.131682292 0.941736639
vn -0.586859643 0.125515476 0.799900889
vn -0.8067711 0.115927674 0.579379916
vn -0.947710276 0.103857219 0.301759481
vn -0.995880902 0.0904857218 -0.00578464475
vn -0.946567714 0.0771220699 -0.313147932
vn -0.804597914 0.0650744438 -0.590243518
vn -0.583868325 0.0555220991 -0.80994755
vn -0.305985868 0.0494000614 -0.95075351
vn 0.00184876204 0.047307685 -0.998878598
vn 0.309502363 0.0494497605 -0.949612021
vn 0.586859822 0.0556165539 -0.807776153
vn 0.806771398 0.0652045086 -0.587254763
vn 0.947710276 0.0772748664 -0.309634805
vn 0.995880902 0.0906462818 -0.00209058495
vn 0.946567714 0.104009964 0.305272639
vn 0.804597974 0.116057687 0.582368076
vn 0.583868504 0.125610009 0.802072167
vn 0.305985928 0.131731957 0.942878127
vn 0.155805916 0.132190242 0.978902519
vn -0.155805975 0.132190198 0.978902578
vn -0.3095662 0.131681308 0.941715896
vn -0.586914062 0.125513703 0.799861372
vn -0.806810677 0.115925238 0.579325497
vn -0.947731018 0.103854381 0.301695555
vn -0.995880902 0.0904827341 -0.00585180242
vn -0.946546912 0.0771192685 -0.313211799
vn -0.804558396 0.0650720224 -0.590297878
vn -0.583813846 0.055520311 -0.809986889
vn -0.305921853 0.0493991412 -0.950774133
vn 0.00191601145 0.0473076589 -0.998878539
vn 0.3095662 0.0494505763 -0.94959116
vn 0.586914182 0.0556182601 -0.807736516
vn 0.806810737 0.0652066916 -0.587200463
vn 0.947730899 0.0772774518 -0.309570998
vn 0.995880842 0.0906492397 -0.00202329666
vn 0.946546793 0.104012646 0.305336595
vn 0.804558396 0.116059855 0.582422435
vn 0.583814025 0.125611544 0.802111447
vn 0.305921882 0.131732777 0.94289881
vn 0.155805945 0.132190183 0.978902519
vn -0.155806035 0.132190228 0.978902578
vn -0.309635192 0.131680414 0.941693306
vn -0.586972654 0.125511974 0.799818575
vn -0.806853175 0.115922734 0.579266608
vn -0.94775331 0.103851445 0.301626563
vn -0.995880604 0.0904797018 -0.00592437154
vn -0.946524322 0.0771162808 -0.313280672
vn -0.804515541 0.0650695413 -0.590356469
vn -0.583755076 0.0555185974 -0.810029447
vn -0.305852801 0.0493982546 -0.950796485
vn 0.00198865263 0.0473077409 -0.99887836
vn 0.309635341 0.0494516678 -0.949568629
vn 0.586972892 0.0556200445 -0.807693839
vn 0.806853354 0.0652092546 -0.587141752
vn 0.94775331 0.0772807449 -0.309501678
vn 0.995880723 0.0906524956 -0.00195088482
vn 0.946524262 0.104015656 0.305405378
vn 0.8045156 0.1160625 0.582481086
vn 0.583755195 0.125613496 0.802154124
vn 0.30585283 0.131733805 0.942921162
vn 0.15580608 0.132190302 0.978902578
vn -0.15580605 0.132190347 0.978902578
vn -0.30970946 0.131679386 0.941669047
vn -0.587035716 0.125509977 0.799772561
vn -0.806898952 0.115920007 0.579203546
vn -0.947777271 0.103848264 0.301552325
vn -0.995880485 0.0904763043 -0.00600220682
vn -0.946500123 0.077113159 -0.31335476
vn -0.804469526 0.0650668666 -0.590419412
vn -0.583691895 0.0555165485 -0.810075164
vn -0.305778533 0.0493972115 -0.950820327
vn 0.00206660014 0.0473077632 -0.998878241
vn 0.30970937 0.0494526252 -0.94954437
vn 0.587035775 0.0556220822 -0.807647824
vn 0.806899071 0.0652121156 -0.587078452
vn 0.947777331 0.0772838295 -0.30942753
vn 0.995880544 0.0906557888 -0.00187298341
vn 0.946500003 0.104019053 0.305479586
vn 0.804469645 0.116065256 0.582543969
vn 0.583691835 0.125615552 0.802199781
vn 0.305778593 0.131734863 0.942945123
vn 0.155805975 0.132190242 0.978902578
vn -0.155806035 0.132190168 0.978902638
vn -0.358572096 0.130792007 0.924294055
vn -0.628130913 0.124003693 0.768163145
vn -0.836203933 0.113929413 0.53645426
vn -0.962423444 0.101555213 0.251848459
vn -0.994434297 0.0880926028 -0.0577947348
vn -0.929102898 0.0748591423 -0.36216563
vn -0.772824466 0.0631501004 -0.631470084
vn -0.540896535 0.0541119725 -0.839346647
vn -0.256021976 0.0486294255 -0.965447009
vn 0.0539138094 0.047238905 -0.997427523
vn 0.358572066 0.0500767715 -0.932157934
vn 0.628130972 0.0568650812 -0.776026905
vn 0.836204112 0.0669393167 -0.544317782
vn 0.962423503 0.0793133974 -0.259712309
vn 0.994434237 0.092776306 0.0499310791
vn 0.929102838 0.106009826 0.354301929
vn 0.772824526 0.117718764 0.623606026
vn 0.540896535 0.126756951 0.831482828
vn 0.256022155 0.132239327 0.95758307
vn 0.155805945 0.132190183 0.978902638
vn -0.155730307 0.116122626 0.980950296
vn -0.258657426 0.116688974 0.958895206
vn -0.543026447 0.113929212 0.831950903
vn -0.774240315 0.109394729 0.623365581
vn -0.929666102 0.103529289 0.35355714
vn -0.994089663 0.0969070941 0.0489361361
vn -0.961204827 0.0901762694 -0.260678947
vn -0.834230661 0.0839958116 -0.544980645
vn -0.625595927 0.0789707154 -0.776140094
vn -0.355723649 0.0755926296 -0.931529045
vn -0.0510307141 0.0741923824 -0.995937407
vn 0.258657515 0.0749070719 -0.963060319
vn 0.543026626 0.077666752 -0.836116016
vn 0.774240494 0.0822012872 -0.627530634
vn 0.929666102 0.0880668238 -0.357721984
vn 0.994089663 0.0946890935 -0.0531011671
vn 0.961204767 0.10141959 0.256513864
vn 0.834230661 0.1076001 0.540815651
vn 0.625595927 0.112625457 0.771974862
vn 0.355723768 0.116003528 0.927363873
vn 0.155730233 0.116122633 0.980950356
vn -0.155730307 0.116122492 0.980950415
vn -0.309723556 0.116482377 0.943664789
vn -0.586886644 0.113395974 0.801689148
vn -0.806600988 0.108599186 0.581034422
vn -0.947359681 0.102561474 0.303300053
vn -0.995384157 0.0958738774 -0.00432761572
vn -0.945973396 0.0891910493 -0.311735749
vn -0.803964376 0.0831672549 -0.588833213
vn -0.583257496 0.0783920065 -0.8084957
vn -0.305457473 0.0753327534 -0.949221075
vn 0.0022429442 0.0742889866 -0.997234225
vn 0.309723765 0.0753628984 -0.947835267
vn 0.586886704 0.0784492865 -0.805859625
vn 0.806601167 0.0832462013 -0.58520472
vn 0.947359622 0.0892839357 -0.307470471
vn 0.995384097 0.0959714055 0.000157098169
vn 0.945973396 0.102654129 0.307565272
vn 0.803964317 0.108678147 0.584662676
vn 0.583257437 0.113453411 0.804325223
vn 0.305457532 0.116512515 0.945050538
vn 0.155730143 0.116122261 0.980950415
vn -0.155730098 0.116122231 0.980950475
vn -0.309818596 0.116481707 0.943633676
vn -0.586967528 0.113394752 0.80163002
vn -0.806659639 0.10859742 0.580953479
vn -0.947390199 0.102559321 0.303204983
vn -0.995383799 0.0958716646 -0.00442756945
vn -0.945942283 0.0891890302 -0.311830848
vn -0.803905308 0.0831655189 -0.588914037
vn -0.583176494 0.0783906728 -0.808554292
vn -0.305362254 0.0753320456 -0.949251771
vn 0.00234293146 0.0742889792 -0.997234106
vn 0.309818715 0.0753635317 -0.947804213
vn 0.586967468 0.078450568 -0.805800617
vn 0.806659877 0.0832479894 -0.585123718
vn 0.947390258 0.0892858505 -0.307375491
vn 0.995383859 0.0959735885 0.000257080799
vn 0.945942283 0.102656253 0.307660341
vn 0.803905308 0.108679816 0.584743559
vn 0.583176613 0.113454513 0.804383695
vn 0.305362344 0.116513163 0.945081234
vn 0.155729935 0.116122462 0.980950415
vn -0.155730039 0.116122484 0.980950475
vn -0.309922576 0.116481021 0.943599582
vn -0.587055743 0.113393255 0.801565647
vn -0.806723595 0.108595431 0.580865026
vn -0.947423816 0.102557085 0.303100973
vn -0.995383561 0.0958693475 -0.00453700731
vn -0.945908308 0.0891868025 -0.311934769
vn -0.803840995 0.0831635594 -0.589002192
vn -0.583087921 0.0783893019 -0.808618426
vn -0.305258155 0.0753313527 -0.949285269
vn 0.00245231809 0.0742889717 -0.997233689
vn 0.309922695 0.0753643066 -0.947770059
vn 0.587055802 0.0784520209 -0.805736184
vn 0.806723833 0.0832497627 -0.585035145
vn 0.947423875 0.0892881006 -0.307271361
vn 0.99538368 0.0959759578 0.000366380205
vn 0.945908248 0.102658466 0.307764292
vn 0.803840876 0.108681597 0.584831774
vn 0.583087981 0.113455892 0.80444777
vn 0.305258244 0.116513968 0.945114732
vn 0.155729994 0.116122365 0.980950415
vn -0.155730039 0.11612235 0.980950475
vn -0.31003654 0.116480149 0.94356221
vn -0.5871526 0.113391727 0.801494837
vn -0.806793928 0.108593315 0.580767691
vn -0.947460592 0.10255459 0.302986741
vn -0.995383322 0.095866695 -0.00465695141
vn -0.945870996 0.0891842842 -0.312048823
vn -0.803770125 0.0831614435 -0.58909905
vn -0.582990587 0.0783877671 -0.808688641
vn -0.305144012 0.0753304884 -0.949322104
vn 0.00257226336 0.0742889643 -0.99723351
vn 0.310036629 0.0753649846 -0.947732806
vn 0.58715266 0.078453362 -0.805665433
vn 0.806794107 0.083251819 -0.58493793
vn 0.947460651 0.0892905667 -0.30715704
vn 0.995383322 0.095978424 0.000486256671
vn 0.945870936 0.102660917 0.307878166
vn 0.803770244 0.108683616 0.584928453
vn 0.582990587 0.113457397 0.804518104
vn 0.305143952 0.116514727 0.945151567
vn 0.155729979 0.116122462 0.980950356
vn -0.155730084 0.116122507 0.980950356
vn -0.310162365 0.116479322 0.943521023
vn -0.587259591 0.113390073 0.801416814
vn -0.806871355 0.108590998 0.580660522
vn -0.947501242 0.1025519 0.302860647
vn -0.995382965 0.0958638638 -0.00478933658
vn -0.94582957 0.0891815647 -0.312174529
vn -0.803692043 0.0831590742 -0.589205861
vn -0.582883298 0.0783860385 -0.808766186
vn -0.305017948 0.075329639 -0.949362695
vn 0.00270459848 0.0742889568 -0.997233152
vn 0.310162455 0.0753659084 -0.94769156
vn 0.58725965 0.0784552246 -0.805587232
vn 0.806871653 0.0832542479 -0.584830642
vn 0.947501242 0.0892932266 -0.307031214
vn 0.995382965 0.0959812701 0.000618806109
vn 0.94582963 0.1026638 0.308004022
vn 0.803692162 0.108686171 0.585035264
vn 0.582883179 0.113459252 0.804595709
vn 0.305017948 0.116515666 0.945192099
vn 0.155730098 0.116122454 0.980950415
vn -0.155730203 0.11612238 0.980950475
vn -0.31030187 0.116478182 0.943475306
vn -0.587377965 0.113388069 0.801330328
vn -0.806957304 0.108588308 0.580541432
vn -0.947546124 0.102548748 0.302721113
vn -0.995382547 0.0958605036 -0.00493603479
vn -0.945783973 0.0891783312 -0.312313825
vn -0.803605556 0.0831564292 -0.589324415
vn -0.582764268 0.0783841237 -0.808852077
vn -0.304878354 0.0753285065 -0.949407637
vn 0.00285135303 0.0742888525 -0.997232735
vn 0.31030193 0.0753668845 -0.947645783
vn 0.587378085 0.0784569606 -0.805500686
vn 0.806957364 0.0832565874 -0.584711969
vn 0.947546124 0.0892961547 -0.30689165
vn 0.995382488 0.0959844515 0.000765883189
vn 0.945783973 0.102666564 0.308143407
vn 0.803605437 0.108688615 0.585153878
vn 0.582764268 0.113460906 0.80468148
vn 0.304878324 0.116516434 0.94523716
vn 0.155730173 0.116122343 0.980950415
vn -0.155730247 0.116122335 0.980950356
vn -0.3104572 0.116476968 0.943424284
vn -0.587510049 0.113385901 0.801233709
vn -0.807053149 0.10858538 0.580408871
vn -0.947596252 0.102545261 0.302565396
vn -0.995382071 0.0958568752 -0.00509947818
vn -0.945733011 0.0891749635 -0.312469274
vn -0.803508937 0.0831535384 -0.589456499
vn -0.582631767 0.0783819407 -0.808947742
vn -0.304722607 0.0753273517 -0.949457705
vn 0.00301501201 0.0742888525 -0.997232139
vn 0.310457379 0.075367935 -0.947594702
vn 0.587510049 0.0784589946 -0.805404365
vn 0.807053149 0.0832595527 -0.584579349
vn 0.947596312 0.0892997012 -0.306735843
vn 0.995382011 0.0959880129 0.000929350848
vn 0.945732892 0.102669947 0.308298856
vn 0.803508818 0.108691491 0.585285962
vn 0.582631767 0.11346294 0.804777265
vn 0.304722607 0.116517521 0.945287228
vn 0.155730218 0.11612235 0.980950356
vn -0.155730277 0.116122365 0.980950415
vn -0.310631633 0.116475768 0.943367064
vn -0.587658167 0.113383584 0.801125467
vn -0.807160437 0.108582117 0.580260217
vn -0.94765234 0.102541476 0.302390784
vn -0.995381534 0.0958529487 -0.00528299809
vn -0.945675731 0.0891711935 -0.312643647
vn -0.803400576 0.0831502452 -0.589604557
vn -0.582482994 0.0783796087 -0.80905509
vn -0.304547817 0.0753262192 -0.949513972
vn 0.00319851725 0.0742888749 -0.997231603
vn 0.310631663 0.0753691345 -0.947537541
vn 0.587658167 0.0784613118 -0.805296063
vn 0.807160676 0.0832628161 -0.584430456
vn 0.947652459 0.0893034711 -0.306561202
vn 0.995381415 0.0959920138 0.0011126888
vn 0.945675552 0.102673754 0.308473319
vn 0.803400636 0.108694561 0.585433841
vn 0.582482994 0.113465205 0.804884493
vn 0.304547966 0.116518646 0.945343256
vn 0.155730307 0.116122365 0.980950415
vn -0.155730352 0.116122402 0.980950356
vn -0.310828537 0.116474234 0.943302333
vn -0.587825477 0.113380745 0.801003158
vn -0.807281733 0.108578339 0.580092192
vn -0.947715819 0.102537088 0.302193493
vn -0.995380878 0.0958482996 -0.00549018895
vn -0.94561094 0.0891667455 -0.312840402
vn -0.803278267 0.0831465274 -0.589771748
vn -0.582314909 0.0783768445 -0.809176385
vn -0.304350436 0.0753246844 -0.949577272
vn 0.00340565876 0.0742887035 -0.997230947
vn 0.310828477 0.075370349 -0.94747299
vn 0.587825596 0.0784638673 -0.805173576
vn 0.807281971 0.0832663551 -0.584262311
vn 0.947715759 0.089307636 -0.306364
vn 0.995380878 0.0959964544 0.00131993508
vn 0.94561094 0.10267783 0.308669925
vn 0.803278387 0.108698048 0.585601091
vn 0.582314909 0.113467783 0.805005848
vn 0.304350615 0.116519995 0.945406675
vn 0.155730277 0.116122387 0.980950356
vn -0.155730277 0.11612238 0.980950356
vn -0.359285861 0.115954064 0.925995946
vn -0.628560901 0.112553537 0.769573152
vn -0.836307824 0.107511036 0.537615716
vn -0.962191224 0.10132008 0.252828628
vn -0.993888617 0.0945866108 -0.0569108054
vn -0.928297222 0.087969847 -0.361283183
vn -0.771837711 0.0821173862 -0.630494416
vn -0.539825201 0.0776021853 -0.838192463
vn -0.254970849 0.0748662725 -0.964046061
vn 0.0548415259 0.0741773695 -0.995736003
vn 0.359285861 0.0756029487 -0.930160046
vn 0.628561139 0.0790034831 -0.773737252
vn 0.836308002 0.0840461254 -0.541779637
vn 0.962191164 0.0902372599 -0.256992847
vn 0.993888557 0.0969706103 0.0527466163
vn 0.928297162 0.103587225 0.357118875
vn 0.771837771 0.109439783 0.626330078
vn 0.539825261 0.113954909 0.834028184
vn 0.254971087 0.116690785 0.959881723
vn 0.155730143 0.116122432 0.980950356
vn 0 1 0
vn -0.152982548 -0.98816222 -0.0114773819
vn -0.138241351 -0.989836395 -0.0333651341
vn -0.11001122 -0.992563367 -0.0521105789
vn -0.0708271489 -0.995312989 -0.0658450723
vn -0.0244473945 -0.997023761 -0.0731152594
vn 0.0244473834 -0.99702388 -0.0731152743
vn 0.0708271936 -0.995312929 -0.0658450648
vn 0.11001122 -0.992563367 -0.0521105789
vn 0.138241455 -0.989836395 -0.0333650857
vn 0.152982533 -0.988162339 -0.0114774946
vn 0.152982503 -0.98816222 0.0114774862
vn 0.13824138 -0.989836395 0.0333651304
vn 0.110011227 -0.992563367 0.0521105751
vn 0.0708272755 -0.995312989 0.0658450499
vn 0.0244473256 -0.99702388 0.0731152743
vn -0.0244473256 -0.99702388 0.0731152743
vn -0.0708272755 -0.995312989 0.0658450499
vn -0.110011175 -0.992563367 0.0521105975
vn -0.138241395 -0.989836395 0.0333651081
vn -0.152982548 -0.988162339 0.0114773791
vn -0.316349417 -0.94834578 -0.0237338468
vn -0.360613436 -0.931671083 -0.0441236235
vn -0.31806761 -0.943203032 -0.0959221795
vn -0.244086653 -0.959568858 -0.14017579
vn -0.142915979 -0.974725246 -0.171713695
vn -0.0240867622 -0.982317984 -0.185664058
vn 0.0978701636 -0.978882492 -0.179472864
vn 0.207398966 -0.966009855 -0.154306695
vn 0.292765349 -0.949317932 -0.114384845
vn 0.347843885 -0.935299397 -0.0649588853
vn 0.370578468 -0.928738534 -0.010787175
vn 0.360613406 -0.931671023 0.0441237465
vn 0.318067729 -0.943202972 0.0959221423
vn 0.244086564 -0.959568858 0.140175804
vn 0.142916143 -0.974725246 0.171713665
vn 0.0240867548 -0.982318044 0.185664058
vn -0.0978702083 -0.978882432 0.179472849
vn -0.207398936 -0.966009855 0.154306725
vn -0.292765349 -0.949317932 0.114384808
vn -0.347843945 -0.935299456 0.0649588555
vn -0.400092483 -0.915983021 0.0300165936
vn -0.65773809 -0.751628578 -0.0493462533
vn -0.710961461 -0.695951164 -0.100924209
vn -0.644461989 -0.734877884 -0.211242259
vn -0.514441669 -0.79571116 -0.319677204
vn -0.303436041 -0.860114574 -0.410035789
vn -0.021882223 -0.892410517 -0.450693488
vn 0.265673161 -0.867800236 -0.419929147
vn 0.48887822 -0.805608571 -0.334653258
vn 0.629873097 -0.742653012 -0.227434084
vn 0.704493344 -0.700003862 -0.116976954
vn 0.72935617 -0.684087932 -0.00794548355
vn 0.710961401 -0.695951283 0.100924253
vn 0.644462109 -0.734877825 0.211242259
vn 0.51444149 -0.795711279 0.319677174
vn 0.303436339 -0.860114574 0.410035759
vn 0.0218821745 -0.892410576 0.450693458
vn -0.265673101 -0.867800236 0.419929117
vn -0.48887834 -0.805608511 0.334653288
vn -0.629873216 -0.742652893 0.22743395
vn -0.704493344 -0.700003862 0.116976954
vn -0.785202563 -0.616430581 0.0589091443
vn -0.987601399 -0.138396114 -0.0740939602
vn -0.988362312 3.6117239e-08 -0.152118191
vn -0.945569754 5.07750784e-08 -0.325419545
vn -0.837688625 2.97180236e-07 -0.5461483
vn -0.565655887 1.1133011e-07 -0.824641347
vn -4.58559501e-09 -1.1005428e-07 -1
vn 0.565655768 6.36172075e-08 -0.824641407
vn 0.837688684 -9.9060081e-08 -0.546148121
vn 0.945569754 1.52325242e-07 -0.325419456
vn 0.988362312 1.44468942e-07 -0.152118072
vn 1 0 -2.17212359e-09
vn 0.988362312 1.17380992e-07 0.152118355
vn 0.945569754 5.28061207e-07 0.325419486
vn 0.837688565 -1.73355261e-07 0.546148181
vn 0.565656006 7.95214632e-08 0.824641287
vn -4.58559368e-09 -5.50271224e-08 1
vn -0.565656006 1.5904293e-08 0.824641347
vn -0.837688684 2.97180264e-07 0.546148121
vn -0.945569813 -8.12401524e-08 0.325419366
vn -0.988362372 9.02930619e-09 0.152118161
vn -0.987601399 0.138396129 0.0740939528
vn -0.785202682 0.616430461 -0.0589091666
vn -0.704493403 0.700003803 -0.116977043
vn -0.629873276 0.742652833 -0.227434143
vn -0.48887831 0.805608571 -0.334653378
vn -0.26567325 0.867800236 -0.419929206
vn 0.0218823235 0.892410517 -0.450693607
vn 0.30343622 0.860114574 -0.410035819
vn 0.514441848 0.79571116 -0.319677174
vn 0.64446193 0.734877825 -0.211242154
vn 0.71096164 0.695951104 -0.100924201
vn 0.729356289 0.684087873 0.00794561207
vn 0.704493403 0.700003862 0.116977163
vn 0.629873395 0.742652953 0.227434084
vn 0.488878369 0.805608392 0.334653378
vn 0.26567322 0.867800295 0.419929177
vn -0.021882195 0.892410457 0.450693548
vn -0.303436399 0.860114574 0.410035729
vn -0.514441729 0.79571116 0.319677174
vn -0.644461989 0.734877706 0.211242214
vn -0.710961521 0.695951104 0.100924216
vn -0.657738209 0.751628578 0.0493462496
vn -0.400092393 0.915983081 -0.0300166011
vn -0.347843796 0.935299516 -0.0649588704
vn -0.29276526 0.949317992 -0.114384823
vn -0.207398877 0.966009915 -0.15430665
vn -0.0978701189 0.978882432 -0.179472819
vn 0.0240868255 0.982317984 -0.185664013
vn 0.142916068 0.974725366 -0.17171362
vn 0.244086638 0.959568977 -0.140175745
vn 0.31806758 0.943203032 -0.0959221125
vn 0.360613406 0.931671143 -0.044123698
vn 0.370578438 0.928738534 0.0107872188
vn 0.347843885 0.935299456 0.0649588928
vn 0.29276523 0.949317932 0.1143848
vn 0.207398891 0.966009915 0.154306695
vn 0.0978701934 0.978882492 0.179472804
vn -0.0240867548 0.982318044 0.185663998
vn -0.142916128 0.974725246 0.17171365
vn -0.244086578 0.959568918 0.140175745
vn -0.318067551 0.943203032 0.0959221497
vn -0.360613346 0.931671143 0.0441236161
vn -0.316349298 0.94834578 0.0237338319
vn -0.152982414 0.988162339 -0.0114773773
vn -0.138241187 0.989836395 -0.0333651155
vn -0.110011049 0.992563367 -0.0521105453
vn -0.0708271861 0.995312929 -0.0658449754
vn -0.0244472027 0.997023761 -0.0731152073
vn 0.0244472697 0.99702388 -0.0731152222
vn 0.0708272383 0.995312929 -0.0658449754
vn 0.11001119 0.992563367 -0.0521105155
vn 0.138241187 0.989836395 -0.0333651379
vn 0.152982384 0.98816216 -0.0114774043
vn 0.152982399 0.98816222 0.0114773912
vn 0.138241217 0.989836395 0.0333651155
vn 0.110011011 0.992563426 0.0521105789
vn 0.0708272383 0.995312929 0.0658449754
vn 0.0244473238 0.99702388 0.0731152073
vn -0.0244473107 0.99702388 0.0731152147
vn -0.0708272457 0.995312989 0.065844968
vn -0.110011153 0.992563367 0.0521105081
vn -0.138241217 0.989836395 0.0333651192
vn -0.152982429 0.988162339 0.0114773791
vn 0 1 0
vn -0.155806094 0.132190257 0.978902519
vn -0.25837481 0.132223621 0.956953168
vn -0.542939484 0.126710847 0.83015734
vn -0.774357617 0.117648274 0.621714652
vn -0.929976106 0.105922639 0.352029681
vn -0.994562089 0.0926822349 0.0475002006
vn -0.961793363 0.0792228431 -0.262063414
vn -0.83487761 0.0668623522 -0.546359479
vn -0.626238167 0.0568102524 -0.77755928
vn -0.356298178 0.050050579 -0.933030903
vn -0.0514813215 0.0472450219 -0.997555733
vn 0.25837478 0.0486684293 -0.964818001
vn 0.542939663 0.0541813821 -0.838022053
vn 0.774357677 0.0632441118 -0.629579425
vn 0.929976106 0.0749694631 -0.359894246
vn 0.994562089 0.0882098749 -0.0553650334
vn 0.961793363 0.101669163 0.254198641
vn 0.834877551 0.114030018 0.538494766
vn 0.626238108 0.124082133 0.769694388
vn 0.356298268 0.130841509 0.925165892
vn 0.155805945 0.132190138 0.978902578
vn -0.155805975 0.132190257 0.978902519
vn -0.309239447 0.131686091 0.941822529
vn -0.586636305 0.125522703 0.80006361
vn -0.806609154 0.115937404 0.579603553
vn -0.947625339 0.103868574 0.302022338
vn -0.995881438 0.0904977471 -0.00550852949
vn -0.946653605 0.0771335959 -0.312885404
vn -0.804760873 0.0650843531 -0.590020418
vn -0.584092319 0.0555292852 -0.809785545
vn -0.306248903 0.0494038947 -0.950668633
vn 0.00157225365 0.0473077632 -0.998879135
vn 0.309239566 0.0494461283 -0.949697852
vn 0.586636484 0.0556095727 -0.807938933
vn 0.806609213 0.0651947185 -0.587478578
vn 0.947625518 0.077263467 -0.309897512
vn 0.995881498 0.0906343982 -0.00236670789
vn 0.946653605 0.103998601 0.30501014
vn 0.804760814 0.116047986 0.582145035
vn 0.584092379 0.125602901 0.801910281
vn 0.306249052 0.131728262 0.94279331
vn 0.155805796 0.132190362 0.978902519
vn -0.155805871 0.132190317 0.978902578
vn -0.309285492 0.131685421 0.941807508
vn -0.586675584 0.125521407 0.800035119
vn -0.806637466 0.115935735 0.579564333
vn -0.9476403 0.103866771 0.301976234
vn -0.995881379 0.0904957503 -0.00555696338
vn -0.946638644 0.0771315768 -0.312931508
vn -0.804732323 0.0650824755 -0.590059519
vn -0.58405304 0.055527959 -0.809814036
vn -0.306202769 0.0494031832 -0.950683534
vn 0.00162077963 0.0473077744 -0.998879015
vn 0.309285671 0.0494467206 -0.949682772
vn 0.586675584 0.055610735 -0.807910383
vn 0.806637704 0.0651964843 -0.587439358
vn 0.9476403 0.0772655532 -0.309851348
vn 0.995881438 0.0906364992 -0.00231826236
vn 0.946638584 0.104000568 0.305056214
vn 0.804732323 0.116049573 0.582184196
vn 0.584053159 0.125604182 0.801938713
vn 0.306202829 0.131729007 0.94280827
vn 0.155805781 0.132190242 0.978902578
vn -0.155805916 0.132190168 0.978902519
vn -0.309334576 0.13168478 0.941791534
vn -0.586717188 0.125520229 0.800004721
vn -0.806667686 0.115933947 0.579522789
vn -0.947656155 0.103864588 0.301927209
vn -0.995881319 0.0904934183 -0.00560837006
vn -0.94662255 0.0771293566 -0.312980294
vn -0.804701865 0.0650806725 -0.590101004
vn -0.584011257 0.0555266663 -0.809844136
vn -0.306153834 0.0494025126 -0.950699329
vn 0.00167229422 0.0473077036 -0.998878956
vn 0.309334666 0.0494473986 -0.949666858
vn 0.586717188 0.0556120947 -0.807880104
vn 0.806667864 0.0651983172 -0.587397695
vn 0.947656155 0.0772676393 -0.309802443
vn 0.995881259 0.090638712 -0.00226688804
vn 0.946622491 0.104002744 0.30510518
vn 0.804701924 0.116051398 0.5822258
vn 0.584011257 0.125605509 0.801968813
vn 0.306153715 0.131729662 0.942824125
vn 0.15580596 0.132190257 0.978902578
vn -0.155806109 0.132190317 0.978902519
vn -0.30938682 0.13168399 0.941774487
vn -0.586761475 0.125518665 0.799972534
vn -0.806699753 0.115931951 0.579478264
vn -0.947673023 0.103862368 0.301874906
vn -0.99588114 0.0904910788 -0.00566316443
vn -0.946605504 0.0771272257 -0.313032627
vn -0.804669499 0.0650788546 -0.590145528
vn -0.583966851 0.0555253476 -0.809876382
vn -0.306101561 0.0494017676 -0.950716138
vn 0.00172728731 0.0473077632 -0.998878777
vn 0.309386939 0.0494481809 -0.949649751
vn 0.586761594 0.0556134135 -0.807847679
vn 0.80670011 0.0652001575 -0.58735317
vn 0.947673023 0.0772698522 -0.309750289
vn 0.9958812 0.0906411037 -0.00221198285
vn 0.946605504 0.104004987 0.305157244
vn 0.804669499 0.11605338 0.582270145
vn 0.583966732 0.125606939 0.802001178
vn 0.30610165 0.131730288 0.942840815
vn 0.15580599 0.132190183 0.978902578
vn -0.15580596 0.132190168 0.978902638
vn -0.309442669 0.131683141 0.941756189
vn -0.58680892 0.125517145 0.799938023
vn -0.806734324 0.115929946 0.579430699
vn -0.947691023 0.103859819 0.301819235
vn -0.995881021 0.0904884562 -0.00572182238
vn -0.946587265 0.0771247819 -0.313088357
vn -0.804635048 0.0650766715 -0.590192854
vn -0.583919346 0.0555236936 -0.809910655
vn -0.306045681 0.0494010299 -0.950734138
vn 0.00178587635 0.0473077781 -0.998878777
vn 0.30944255 0.0494489111 -0.949631631
vn 0.586809039 0.0556149557 -0.807813168
vn 0.806734562 0.0652022213 -0.587305665
vn 0.947691083 0.077272296 -0.309694499
vn 0.995881021 0.0906436443 -0.00215334562
vn 0.946587265 0.104007378 0.305212975
vn 0.804634929 0.116055414 0.582317531
vn 0.583919287 0.125608265 0.802035451
vn 0.306045741 0.131731063 0.942858875
vn 0.155805856 0.132190317 0.978902638
vn -0.155805975 0.132190287 0.978902578
vn -0.309502304 0.131682292 0.941736639
vn -0.586859703 0.125515491 0.799900949
vn -0.8067711 0.115927644 0.579379857
vn -0.947710276 0.103857122 0.301759571
vn -0.995880902 0.0904856548 -0.00578471739
vn -0.946567714 0.0771220028 -0.313147873
vn -0.804597914 0.0650744289 -0.590243578
vn -0.583868325 0.0555220768 -0.80994755
vn -0.305985868 0.0494000576 -0.95075345
vn 0.00184876227 0.0473076887 -0.998878598
vn 0.309502304 0.0494497418 -0.949612021
vn 0.586859822 0.0556165278 -0.807776153
vn 0.806771398 0.065204449 -0.587254882
vn 0.947710276 0.0772748366 -0.309634775
vn 0.995880902 0.0906463042 -0.00209062384
vn 0.946567714 0.104009956 0.305272669
vn 0.804597914 0.116057612 0.582368195
vn 0.583868384 0.125609934 0.802072108
vn 0.305985987 0.131731987 0.942878187
vn 0.15580593 0.132190257 0.978902578
vn -0.155805975 0.132190198 0.978902578
vn -0.30956623 0.131681338 0.941715837
vn -0.586914122 0.125513732 0.799861372
vn -0.806810558 0.115925223 0.579325497
vn -0.947731018 0.103854366 0.301695645
vn -0.995880902 0.0904827714 -0.00585195888
vn -0.946546912 0.0771192312 -0.313211739
vn -0.804558337 0.0650720596 -0.590297937
vn -0.583813906 0.0555202775 -0.80998683
vn -0.305921853 0.0493991449 -0.950774133
vn 0.00191601145 0.0473076515 -0.998878539
vn 0.30956623 0.0494505577 -0.949591219
vn 0.586914182 0.055618234 -0.807736516
vn 0.806810737 0.0652066916 -0.587200463
vn 0.947731018 0.0772775188 -0.309570849
vn 0.995880842 0.0906492025 -0.00202337396
vn 0.946546793 0.104012683 0.305336565
vn 0.804558396 0.116059877 0.582422495
vn 0.583813965 0.125611588 0.802111566
vn 0.305921972 0.131732792 0.94289887
vn 0.15580596 0.132190168 0.978902578
vn -0.155806035 0.132190228 0.978902578
vn -0.309635252 0.131680444 0.941693306
vn -0.586972654 0.125511974 0.799818575
vn -0.806853175 0.115922816 0.579266608
vn -0.94775331 0.103851587 0.301626533
vn -0.995880604 0.090479739 -0.00592433335
vn -0.946524322 0.0771162882 -0.313280702
vn -0.804515541 0.065069519 -0.59035641
vn -0.583755136 0.0555185564 -0.810029447
vn -0.305852801 0.0493982397 -0.950796485
vn 0.00198865263 0.0473077446 -0.99887836
vn 0.309635371 0.0494516864 -0.949568629
vn 0.586972833 0.055620078 -0.807693779
vn 0.806853354 0.0652093142 -0.587141693
vn 0.947753429 0.0772806332 -0.309501797
vn 0.995880723 0.090652436 -0.00195079681
vn 0.946524262 0.104015708 0.305405438
vn 0.804515481 0.116062514 0.582481086
vn 0.583755195 0.125613481 0.802154124
vn 0.30585292 0.13173379 0.942921162
vn 0.15580605 0.132190317 0.978902578
vn -0.155806065 0.132190347 0.978902459
vn -0.30970946 0.131679371 0.941669106
vn -0.587035716 0.125509962 0.79977262
vn -0.806898952 0.11591997 0.579203546
vn -0.947777271 0.103848234 0.301552325
vn -0.995880485 0.0904763043 -0.00600207783
vn -0.946500123 0.077113159 -0.31335479
vn -0.804469585 0.0650668293 -0.590419412
vn -0.583691895 0.0555165522 -0.810075164
vn -0.305778503 0.0493972264 -0.950820327
vn 0.0020665999 0.047307767 -0.998878241
vn 0.30970934 0.0494526066 -0.949544311
vn 0.587035894 0.0556220934 -0.807647884
vn 0.806899071 0.0652120933 -0.587078631
vn 0.947777331 0.0772838593 -0.309427589
vn 0.995880544 0.0906558707 -0.00187281705
vn 0.946500003 0.104018986 0.305479527
vn 0.804469526 0.116065204 0.582543969
vn 0.583691895 0.125615478 0.802199781
vn 0.305778593 0.131734863 0.942945063
vn 0.155805975 0.132190242 0.978902578
vn -0.155806035 0.132190138 0.978902578
vn -0.358572066 0.130791977 0.924294055
vn -0.628130913 0.124003604 0.768163145
vn -0.836203933 0.113929264 0.53645426
vn -0.962423444 0.101555325 0.25184837
vn -0.994434297 0.0880926251 -0.0577946417
vn -0.929102898 0.0748591945 -0.36216554
vn -0.772824466 0.0631501973 -0.631470084
vn -0.540896475 0.0541120209 -0.839346707
vn -0.256021917 0.0486294888 -0.965446949
vn 0.0539138094 0.0472388938 -0.997427583
vn 0.358572066 0.0500767268 -0.932157934
vn 0.628131032 0.0568650886 -0.776026905
vn 0.836203992 0.0669393688 -0.544317901
vn 0.962423503 0.0793135166 -0.259712249
vn 0.994434237 0.092776306 0.0499310791
vn 0.929102838 0.106009766 0.35430184
vn 0.772824526 0.1177186 0.623606026
vn 0.540896535 0.126756832 0.831482768
vn 0.256022155 0.132239342 0.957583129
vn 0.155805945 0.132190183 0.978902638
vn -0.155730307 0.116122626 0.980950296
vn -0.258657426 0.116688944 0.958895266
vn -0.543026447 0.113929063 0.831950963
vn -0.774240315 0.109394655 0.623365521
vn -0.929666102 0.103529185 0.353557229
vn -0.994089663 0.0969071537 0.0489362143
vn -0.961204767 0.0901763141 -0.260679007
vn -0.834230542 0.0839959085 -0.544980645
vn -0.625595927 0.0789707974 -0.776140034
vn -0.355723709 0.0755926222 -0.931529105
vn -0.0510307141 0.0741923824 -0.995937467
vn 0.258657515 0.0749071091 -0.963060319
vn 0.543026626 0.0776667446 -0.836115956
vn 0.774240494 0.0822012648 -0.627530515
vn 0.929666102 0.088066712 -0.357722193
vn 0.994089663 0.0946889073 -0.0531010702
vn 0.961204767 0.101419523 0.256513864
vn 0.834230661 0.107600003 0.540815651
vn 0.625595927 0.11262536 0.771974802
vn 0.355723768 0.116003513 0.927363873
vn 0.155730233 0.116122633 0.980950356
vn -0.155730277 0.116122469 0.980950356
vn -0.309723526 0.11648234 0.943664789
vn -0.586886644 0.113395989 0.801689029
vn -0.806601048 0.108599141 0.581034422
vn -0.947359681 0.102561422 0.303300112
vn -0.995384037 0.095873937 -0.00432766229
vn -0.945973396 0.0891910791 -0.311735868
vn -0.803964257 0.0831672624 -0.588833213
vn -0.583257556 0.0783919543 -0.808495641
vn -0.305457473 0.0753327385 -0.949221075
vn 0.00224294397 0.0742890015 -0.997234225
vn 0.309723735 0.0753629059 -0.947835147
vn 0.586886704 0.0784492865 -0.805859506
vn 0.806601167 0.0832461417 -0.58520484
vn 0.947359622 0.0892838314 -0.30747056
vn 0.995384097 0.0959713459 0.000157189934
vn 0.945973396 0.102654107 0.307565361
vn 0.803964317 0.108678035 0.584662676
vn 0.583257437 0.113453329 0.804325163
vn 0.305457532 0.116512515 0.945050538
vn 0.155730143 0.116122261 0.980950415
vn -0.155730084 0.116122246 0.980950415
vn -0.309818596 0.116481744 0.943633676
vn -0.586967587 0.113394819 0.80163008
vn -0.806659579 0.108597383 0.580953538
vn -0.947390318 0.102559328 0.303204864
vn -0.995383799 0.0958717167 -0.00442761416
vn -0.945942342 0.0891889855 -0.311830789
vn -0.803905368 0.0831654295 -0.588913977
vn -0.583176553 0.0783906952 -0.808554292
vn -0.305362284 0.0753320828 -0.949251831
vn 0.00234293146 0.0742889792 -0.997234106
vn 0.309818715 0.0753635466 -0.947804213
vn 0.586967468 0.0784505382 -0.805800617
vn 0.806659758 0.0832478628 -0.585123777
vn 0.947390258 0.0892858803 -0.307375401
vn 0.995383859 0.0959735662 0.00025713208
vn 0.945942283 0.102656245 0.307660341
vn 0.803905427 0.108679779 0.5847435
vn 0.583176494 0.113454513 0.804383755
vn 0.305362314 0.116513185 0.945081234
vn 0.155729935 0.116122462 0.980950415
vn -0.155730039 0.116122484 0.980950475
vn -0.309922576 0.116481014 0.943599582
vn -0.587055624 0.113393247 0.801565766
vn -0.806723535 0.108595453 0.580864966
vn -0.947423816 0.10255713 0.303100765
vn -0.995383561 0.0958693773 -0.00453695375
vn -0.945908368 0.0891867653 -0.31193462
vn -0.803840935 0.0831635296 -0.589002252
vn -0.583087921 0.078389287 -0.808618426
vn -0.305258155 0.0753313303 -0.949285269
vn 0.00245231809 0.0742889717 -0.997233689
vn 0.309922636 0.0753642842 -0.947770119
vn 0.587055802 0.0784520209 -0.805736184
vn 0.806723833 0.0832498074 -0.585035205
vn 0.947423875 0.0892881602 -0.307271332
vn 0.99538368 0.0959759429 0.000366429187
vn 0.945908248 0.102658525 0.307764351
vn 0.803840876 0.108681731 0.584831774
vn 0.583087921 0.113455988 0.804447711
vn 0.305258304 0.116513968 0.945114791
vn 0.155729994 0.116122365 0.980950415
vn -0.155730039 0.11612235 0.980950475
vn -0.31003657 0.116480127 0.94356221
vn -0.5871526 0.113391697 0.801494896
vn -0.806793928 0.108593374 0.580767572
vn -0.947460592 0.10255456 0.302986681
vn -0.995383322 0.0958665982 -0.00465679495
vn -0.945870996 0.0891842842 -0.312048674
vn -0.803770125 0.0831614211 -0.589099109
vn -0.582990527 0.0783877745 -0.8086887
vn -0.305144012 0.0753305033 -0.949322104
vn 0.00257226336 0.0742889643 -0.99723351
vn 0.310036629 0.075364992 -0.947732687
vn 0.58715266 0.0784534067 -0.805665433
vn 0.806794107 0.0832518563 -0.58493793
vn 0.947460592 0.0892906114 -0.307157129
vn 0.995383203 0.0959785134 0.000486408389
vn 0.945870936 0.102660939 0.307878256
vn 0.803770185 0.108683705 0.584928513
vn 0.582990646 0.113457397 0.804517984
vn 0.305144042 0.116514742 0.945151627
vn 0.155729979 0.116122462 0.980950356
vn -0.155730084 0.116122507 0.980950356
vn -0.310162336 0.116479293 0.943521023
vn -0.587259591 0.113390058 0.801416755
vn -0.806871355 0.108590998 0.580660343
vn -0.947501123 0.102551863 0.302860737
vn -0.995382965 0.0958637968 -0.00478929002
vn -0.94582957 0.0891816542 -0.312174618
vn -0.803692043 0.0831591785 -0.589205861
vn -0.582883239 0.0783860311 -0.808766186
vn -0.305017948 0.0753296167 -0.949362695
vn 0.00270459848 0.0742889568 -0.997233152
vn 0.310162455 0.0753658935 -0.94769156
vn 0.58725965 0.0784551948 -0.805587232
vn 0.806871653 0.0832542628 -0.584830582
vn 0.947501242 0.0892933086 -0.307031214
vn 0.995382905 0.0959813669 0.000618808612
vn 0.94582963 0.102663711 0.308004022
vn 0.803692102 0.108686112 0.585035384
vn 0.582883239 0.113459207 0.80459559
vn 0.305018008 0.116515666 0.945192099
vn 0.155730098 0.116122454 0.980950415
vn -0.155730203 0.11612238 0.980950475
vn -0.31030184 0.116478182 0.943475306
vn -0.587378085 0.113388136 0.801330268
vn -0.806957304 0.108588323 0.580541492
vn -0.947546065 0.102548741 0.302721262
vn -0.995382547 0.0958604962 -0.00493608648
vn -0.945783973 0.0891783386 -0.312314004
vn -0.803605556 0.0831564516 -0.589324355
vn -0.582764268 0.0783841461 -0.808852077
vn -0.304878324 0.0753285289 -0.949407637
vn 0.00285135303 0.0742888525 -0.997232735
vn 0.3103019 0.075366877 -0.947645783
vn 0.587378085 0.0784569606 -0.805500686
vn 0.806957483 0.0832566321 -0.58471179
vn 0.947546124 0.0892961994 -0.306891561
vn 0.995382488 0.0959844738 0.000765655306
vn 0.945783973 0.102666557 0.308143377
vn 0.803605378 0.108688548 0.585153937
vn 0.582764268 0.113460876 0.80468148
vn 0.304878324 0.116516434 0.94523716
vn 0.155730173 0.116122343 0.980950415
vn -0.155730247 0.116122335 0.980950356
vn -0.31045723 0.11647699 0.943424284
vn -0.587510049 0.113385871 0.801233709
vn -0.807053089 0.108585313 0.58040899
vn -0.947596252 0.102545246 0.302565634
vn -0.995382071 0.0958568826 -0.00509961881
vn -0.945732832 0.089174971 -0.312469423
vn -0.803508937 0.0831535608 -0.589456379
vn -0.582631767 0.078381978 -0.808947742
vn -0.304722637 0.0753273517 -0.949457586
vn 0.00301501201 0.0742888525 -0.997232139
vn 0.310457379 0.0753679425 -0.947594702
vn 0.587510109 0.0784590244 -0.805404305
vn 0.807053268 0.0832595676 -0.58457917
vn 0.947596312 0.0892996415 -0.306735843
vn 0.995382071 0.0959879383 0.000929115631
vn 0.945732951 0.102669924 0.308298737
vn 0.803508818 0.108691417 0.585285962
vn 0.582631707 0.113462932 0.804777265
vn 0.304722607 0.116517514 0.945287108
vn 0.155730218 0.11612235 0.980950356
vn -0.155730277 0.116122365 0.980950415
vn -0.310631633 0.116475746 0.943367064
vn -0.587658167 0.113383561 0.801125407
vn -0.807160437 0.108582072 0.580260277
vn -0.94765234 0.102541514 0.302390754
vn -0.995381415 0.0958530232 -0.00528308284
vn -0.945675671 0.0891711488 -0.312643707
vn -0.803400576 0.0831502378 -0.589604557
vn -0.582483053 0.0783796236 -0.80905515
vn -0.304547876 0.0753262043 -0.949513912
vn 0.00319851725 0.0742888749 -0.997231603
vn 0.310631573 0.0753691196 -0.947537541
vn 0.587658226 0.0784613267 -0.805296004
vn 0.807160676 0.0832627714 -0.584430337
vn 0.947652459 0.0893033966 -0.306561202
vn 0.995381415 0.0959919691 0.001112564
vn 0.945675611 0.102673709 0.30847311
vn 0.803400636 0.108694583 0.58543402
vn 0.582482994 0.113465257 0.804884613
vn 0.304548025 0.116518661 0.945343256
vn 0.155730307 0.116122365 0.980950415
vn -0.155730352 0.116122402 0.980950356
vn -0.310828537 0.116474234 0.943302333
vn -0.587825418 0.113380715 0.801003098
vn -0.807281852 0.108578347 0.580092132
vn -0.947715819 0.102537155 0.302193403
vn -0.995380878 0.0958483443 -0.00549018616
vn -0.94561094 0.0891667977 -0.312840402
vn -0.803278327 0.0831464604 -0.589771748
vn -0.582314968 0.0783767402 -0.809176385
vn -0.304350436 0.0753246695 -0.949577332
vn 0.00340565876 0.0742887035 -0.997230947
vn 0.310828477 0.0753703639 -0.94747299
vn 0.587825656 0.0784638822 -0.805173576
vn 0.807281911 0.0832662806 -0.584262371
vn 0.947715759 0.089307569 -0.30636391
vn 0.995380878 0.0959963351 0.00131976663
vn 0.94561094 0.102677844 0.308669925
vn 0.803278267 0.108698115 0.585601211
vn 0.582314909 0.113467783 0.805005908
vn 0.304350674 0.11651998 0.945406675
vn 0.155730277 0.116122387 0.980950356
vn -0.155730277 0.11612238 0.980950356
vn -0.359285861 0.115954064 0.925995946
vn -0.628560901 0.112553589 0.769573212
vn -0.836308002 0.107511096 0.537615418
vn -0.962191224 0.101320125 0.252828717
vn -0.993888617 0.0945867598 -0.0569108948
vn -0.928297281 0.0879697129 -0.361282945
vn -0.77183789 0.0821171999 -0.630494297
vn -0.539825141 0.0776021183 -0.838192523
vn -0.254970819 0.07486628 -0.964046061
vn 0.0548415259 0.0741773695 -0.995736003
vn 0.359285861 0.0756029487 -0.930160046
vn 0.62856108 0.0790034458 -0.773737371
vn 0.836308002 0.0840459391 -0.541779697
vn 0.962191164 0.0902369916 -0.256992877
vn 0.993888557 0.0969704613 0.0527466051
vn 0.928297162 0.10358727 0.357118994
vn 0.771837771 0.109439708 0.626330256
vn 0.539825261 0.113954842 0.834028184
vn 0.254971087 0.116690785 0.959881723
vn 0.155730143 0.116122432 0.980950356
vn 0 1 0
vn -0.152982533 -0.988162339 -0.0114774089
vn -0.138241336 -0.989836395 -0.0333651416
vn -0.11001122 -0.992563367 -0.0521105789
vn -0.0708271489 -0.995312989 -0.0658450723
vn -0.0244473945 -0.997023761 -0.0731152594
vn 0.0244473834 -0.99702388 -0.0731152743
vn 0.0708271936 -0.995312929 -0.0658450648
vn 0.11001122 -0.992563367 -0.0521105789
vn 0.138241395 -0.989836395 -0.0333651118
vn 0.152982548 -0.98816222 -0.0114774099
vn 0.152982548 -0.98816222 0.0114774043
vn 0.138241351 -0.989836395 0.0333651677
vn 0.110011227 -0.992563367 0.0521105751
vn 0.0708272755 -0.995312989 0.0658450499
vn 0.0244473256 -0.99702388 0.0731152743
vn -0.0244473256 -0.99702388 0.0731152743
vn -0.0708272755 -0.995312989 0.0658450499
vn -0.110011175 -0.992563367 0.0521105975
vn -0.138241366 -0.989836395 0.0333651192
vn -0.152982533 -0.988162279 0.0114774061
vn -0.316349387 -0.94834578 -0.0237338953
vn -0.360613436 -0.931671083 -0.044123657
vn -0.31806761 -0.943203032 -0.0959221944
vn -0.244086638 -0.959568858 -0.14017579
vn -0.142915979 -0.974725246 -0.171713695
vn -0.0240867622 -0.982317984 -0.185664058
vn 0.0978701636 -0.978882492 -0.179472864
vn 0.207398966 -0.966009855 -0.154306695
vn 0.29276529 -0.949317932 -0.114384867
vn 0.347843915 -0.935299456 -0.064958863
vn 0.370578527 -0.928738475 -0.010787176
vn 0.360613406 -0.931671143 0.0441236906
vn 0.3180677 -0.943203032 0.0959222019
vn 0.244086564 -0.959568858 0.140175775
vn 0.142916143 -0.974725246 0.17171368
vn 0.0240867548 -0.982318044 0.185664058
vn -0.0978702083 -0.978882432 0.179472849
vn -0.207398921 -0.966009855 0.15430674
vn -0.292765319 -0.949318051 0.114384815
vn -0.347843945 -0.935299456 0.0649588555
vn -0.400092512 -0.915983021 0.0300166216
vn -0.657738209 -0.751628518 -0.0493462868
vn -0.710961461 -0.695951223 -0.100924172
vn -0.644461811 -0.734877944 -0.211242229
vn -0.514441669 -0.79571116 -0.319677204
vn -0.303436041 -0.860114574 -0.410035819
vn -0.021882223 -0.892410517 -0.450693488
vn 0.265673161 -0.867800236 -0.419929147
vn 0.48887828 -0.805608571 -0.334653288
vn 0.629873097 -0.742653012 -0.227434114
vn 0.704493403 -0.700003862 -0.116976932
vn 0.72935617 -0.684087992 -0.00794555899
vn 0.710961401 -0.695951223 0.100924298
vn 0.644462049 -0.734877825 0.211242259
vn 0.51444155 -0.795711279 0.319677204
vn 0.303436339 -0.860114574 0.410035759
vn 0.0218821745 -0.892410576 0.450693458
vn -0.265673071 -0.867800295 0.419929087
vn -0.48887831 -0.805608511 0.334653348
vn -0.629873276 -0.742652893 0.22743398
vn -0.704493344 -0.700003862 0.116976917
vn -0.785202563 -0.616430581 0.0589090995
vn -0.987601459 -0.138396218 -0.0740938708
vn -0.988362312 6.32051709e-08 -0.152118146
vn -0.945569754 2.0310031e-08 -0.325419545
vn -0.837688506 2.97180208e-07 -0.54614836
vn -0.565655887 7.95215129e-08 -0.824641347
vn -4.58559501e-09 -1.1005428e-07 -1
vn 0.565655828 9.54258184e-08 -0.824641466
vn 0.837688565 -1.11442574e-07 -0.546148121
vn 0.945569754 1.42170222e-07 -0.325419456
vn 0.988362312 7.22344708e-08 -0.152118102
vn 1 1.73769887e-08 -5.43030909e-09
vn 0.988362312 3.61172283e-08 0.152118295
vn 0.945569754 3.65580831e-07 0.325419486
vn 0.837688506 -6.19125871e-08 0.5461483
vn 0.565656006 1.11330053e-07 0.824641287
vn -4.58559368e-09 -5.50271224e-08 1
vn -0.565656006 6.3617172e-08 0.824641287
vn -0.837688684 4.33387896e-07 0.546148181
vn -0.945569754 -1.21860211e-07 0.325419456
vn -0.988362372 -1.80586124e-08 0.152118072
vn -0.987601399 0.138396218 0.0740938485
vn -0.785202622 0.616430521 -0.0589091219
vn -0.704493403 0.700003862 -0.116976999
vn -0.629873276 0.742653012 -0.227434158
vn -0.48887822 0.805608511 -0.334653407
vn -0.26567325 0.867800236 -0.419929206
vn 0.0218823235 0.892410517 -0.450693607
vn 0.30343622 0.860114574 -0.410035819
vn 0.514441848 0.79571116 -0.319677204
vn 0.64446193 0.734877825 -0.211242199
vn 0.71096164 0.695951104 -0.100924246
vn 0.729356289 0.684087873 0.00794561673
vn 0.704493344 0.700003862 0.116977096
vn 0.629873157 0.742653072 0.227434114
vn 0.488878369 0.805608511 0.334653407
vn 0.26567325 0.867800295 0.419929177
vn -0.021882195 0.892410457 0.450693548
vn -0.303436428 0.860114574 0.410035729
vn -0.514441609 0.79571116 0.319677204
vn -0.64446193 0.734877825 0.211242199
vn -0.710961461 0.695951164 0.100924127
vn -0.657738209 0.751628578 0.0493462645
vn -0.400092393 0.915983081 -0.0300166253
vn -0.347843796 0.935299516 -0.064958863
vn -0.2927652 0.949317932 -0.114384815
vn -0.207398877 0.966009915 -0.15430665
vn -0.0978701189 0.978882432 -0.179472819
vn 0.0240868255 0.982317984 -0.185664013
vn 0.142916068 0.974725366 -0.17171362
vn 0.244086638 0.959568977 -0.14017573
vn 0.318067551 0.943203032 -0.0959221497
vn 0.360613346 0.931671083 -0.0441236608
vn 0.370578438 0.928738534 0.0107872151
vn 0.347843826 0.935299456 0.0649589002
vn 0.29276523 0.949317992 0.114384808
vn 0.207398921 0.966009855 0.15430668
vn 0.0978701934 0.978882492 0.179472804
vn -0.0240867548 0.982318044 0.185663998
vn -0.142916143 0.974725246 0.171713635
vn -0.244086519 0.959568858 0.140175745
vn -0.318067551 0.943203032 0.0959221274
vn -0.360613346 0.931671143 0.044123631
vn -0.316349298 0.94834578 0.0237338766
vn -0.152982414 0.988162339 -0.0114773996
vn -0.138241187 0.989836395 -0.0333651155
vn -0.110011049 0.992563367 -0.0521105453
vn -0.0708271861 0.995312929 -0.0658449754
vn -0.0244472027 0.997023761 -0.0731152073
vn 0.0244472697 0.99702388 -0.0731152222
vn 0.0708272383 0.995312929 -0.0658449754
vn 0.11001119 0.992563367 -0.0521105155
vn 0.138241187 0.989836395 -0.0333651379
vn 0.152982399 0.98816216 -0.0114773838
vn 0.152982399 0.98816222 0.0114773912
vn 0.138241217 0.989836395 0.0333651341
vn 0.110011056 0.992563367 0.0521105528
vn 0.0708272383 0.995312929 0.0658449754
vn 0.0244473238 0.99702388 0.0731152073
vn -0.0244473107 0.99702388 0.0731152147
vn -0.0708272457 0.995312989 0.065844968
vn -0.110011153 0.992563367 0.0521105081
vn -0.138241217 0.989836395 0.0333651192
vn -0.152982414 0.988162339 0.0114773996
vn 0 1 0
f 1/1/1 22/22/22 2/2/2
f 2/2/2 22/22/22 23/23/23
f 2/2/2 23/23/23 3/3/3
f 3/3/3 23/23/23 24/24/24
f 3/3/3 24/24/24 4/4/4
f 4/4/4 24/24/24 25/25/25
f 4/4/4 25/25/25 5/5/5
f 5/5/5 25/25/25 26/26/26
f 5/5/5 26/26/26 6/6/6
f 6/6/6 26/26/26 27/27/27
f 6/6/6 27/27/27 7/7/7
f 7/7/7 27/27/27 28/28/28
f 7/7/7 28/28/28 8/8/8
f 8/8/8 28/28/28 29/29/29
f 8/8/8 29/29/29 9/9/9
f 9/9/9 29/29/29 30/30/30
f 9/9/9 30/30/30 10/10/10
f 10/10/10 30/30/30 31/31/31
f 10/10/10 31/31/31 11/11/11
f 11/11/11 31/31/31 32/32/32
f 11/11/11 32/32/32 12/12/12
f 12/12/12 32/32/32 33/33/33
f 12/12/12 33/33/33 13/13/13
f 13/13/13 33/33/33 34/34/34
f 13/13/13 34/34/34 14/14/14
f 14/14/14 34/34/34 35/35/35
f 14/14/14 35/35/35 15/15/15
f 15/15/15 35/35/35 36/36/36
f 15/15/15 36/36/36 16/16/16
f 16/16/16 36/36/36 37/37/37
f 16/16/16 37/37/37 17/17/17
f 17/17/17 37/37/37 38/38/38
f 17/17/17 38/38/38 18/18/18
f 18/18/18 38/38/38 39/39/39
f 18/18/18 39/39/39 19/19/19
f 19/19/19 39/39/39 40/40/40
f 19/19/19 40/40/40 20/20/20
f 20/20/20 40/40/40 41/41/41
f 20/20/20 41/41/41 21/21/21
f 21/21/21 41/41/41 42/42/42
f 22/22/22 43/43/43 23/23/23
f 23/23/23 43/43/43 44/44/44
f 23/23/23 44/44/44 24/24/24
f 24/24/24 44/44/44 45/45/45
f 24/24/24 45/45/45 25/25/25
f 25/25/25 45/45/45 46/46/46
f 25/25/25 46/46/46 26/26/26
f 26/26/26 46/46/46 47/47/47
f 26/26/26 47/47/47 27/27/27
f 27/27/27 47/47/47 48/48/48
f 27/27/27 48/48/48 28/28/28
f 28/28/28 48/48/48 49/49/49
f 28/28/28 49/49/49 29/29/29
f 29/29/29 49/49/49 50/50/50
f 29/29/29 50/50/50 30/30/30
f 30/30/30 50/50/50 51/51/51
f 30/30/30 51/51/51 31/31/31
f 31/31/31 51/51/51 52/52/52
f 31/31/31 52/52/52 32/32/32
f 32/32/32 52/52/52 53/53/53
f 32/32/32 53/53/53 33/33/33
f 33/33/33 53/53/53 54/54/54
f 33/33/33 54/54/54 34/34/34
f 34/34/34 54/54/54 55/55/55
f 34/34/34 55/55/55 35/35/35
f 35/35/35 55/55/55 56/56/56
f 35/35/35 56/56/56 36/36/36
f 36/36/36 56/56/56 57/57/57
f 36/36/36 57/57/57 37/37/37
f 37/37/37 57/57/57 58/58/58
f 37/37/37 58/58/58 38/38/38
f 38/38/38 58/58/58 59/59/59
f 38/38/38 59/59/59 39/39/39
f 39/39/39 59/59/59 60/60/60
f 39/39/39 60/60/60 40/40/40
f 40/40/40 60/60/60 61/61/61
f 40/40/40 61/61/61 41/41/41
f 41/41/41 61/61/61 62/62/62
f 41/41/41 62/62/62 42/42/42
f 42/42/42 62/62/62 63/63/63
f 43/43/43 64/64/64 44/44/44
f 44/44/44 64/64/64 65/65/65
f 44/44/44 65/65/65 45/45/45
f 45/45/45 65/65/65 66/66/66
f 45/45/45 66/66/66 46/46/46
f 46/46/46 66/66/66 67/67/67
f 46/46/46 67/67/67 47/47/47
f 47/47/47 67/67/67 68/68/68
f 47/47/47 68/68/68 48/48/48
f 48/48/48 68/68/68 69/69/69
f 48/48/48 69/69/69 49/49/49
f 49/49/49 69/69/69 70/70/70
f 49/49/49 70/70/70 50/50/50
f 50/50/50 70/70/70 71/71/71
f 50/50/50 71/71/71 51/51/51
f 51/51/51 71/71/71 72/72/72
f 51/51/51 72/72/72 52/52/52
f 52/52/52 72/72/72 73/73/73
f 52/52/52 73/73/73 53/53/53
f 53/53/53 73/73/73 74/74/74
f 53/53/53 74/74/74 54/54/54
f 54/54/54 74/74/74 75/75/75
f 54/54/54 75/75/75 55/55/55
f 55/55/55 75/75/75 76/76/76
f 55/55/55 76/76/76 56/56/56
f 56/56/56 76/76/76 77/77/77
f 56/56/56 77/77/77 57/57/57
f 57/57/57 77/77/77 78/78/78
f 57/57/57 78/78/78 58/58/58
f 58/58/58 78/78/78 79/79/79
f 58/58/58 79/79/79 59/59/59
f 59/59/59 79/79/79 80/80/80
f 59/59/59 80/80/80 60/60/60
f 60/60/60 80/80/80 81/81/81
f 60/60/60 81/81/81 61/61/61
f 61/61/61 81/81/81 82/82/82
f 61/61/61 82/82/82 62/62/62
f 62/62/62 82/82/82 83/83/83
f 62/62/62 83/83/83 63/63/63
f 63/63/63 83/83/83 84/84/84
f 64/64/64 85/85/85 65/65/65
f 65/65/65 85/85/85 86/86/86
f 65/65/65 86/86/86 66/66/66
f 66/66/66 86/86/86 87/87/87
f 66/66/66 87/87/87 67/67/67
f 67/67/67 87/87/87 88/88/88
f 67/67/67 88/88/88 68/68/68
f 68/68/68 88/88/88 89/89/89
f 68/68/68 89/89/89 69/69/69
f 69/69/69 89/89/89 90/90/90
f 69/69/69 90/90/90 70/70/70
f 70/70/70 90/90/90 91/91/91
f 70/70/70 91/91/91 71/71/71
f 71/71/71 91/91/91 92/92/92
f 71/71/71 92/92/92 72/72/72
f 72/72/72 92/92/92 93/93/93
f 72/72/72 93/93/93 73/73/73
f 73/73/73 93/93/93 94/94/94
f 73/73/73 94/94/94 74/74/74
f 74/74/74 94/94/94 95/95/95
f 74/74/74 95/95/95 75/75/75
f 75/75/75 95/95/95 96/96/96
f 75/75/75 96/96/96 76/76/76
f 76/76/76 96/96/96 97/97/97
f 76/76/76 97/97/97 77/77/77
f 77/77/77 97/97/97 98/98/98
f 77/77/77 98/98/98 78/78/78
f 78/78/78 98/98/98 99/99/99
f 78/78/78 99/99/99 79/79/79
f 79/79/79 99/99/99 100/100/100
f 79/79/79 100/100/100 80/80/80
f 80/80/80 100/100/100 101/101/101
f 80/80/80 101/101/101 81/81/81
f 81/81/81 101/101/101 102/102/102
f 81/81/81 102/102/102 82/82/82
f 82/82/82 102/102/102 103/103/103
f 82/82/82 103/103/103 83/83/83
f 83/83/83 103/103/103 104/104/104
f 83/83/83 104/104/104 84/84/84
f 84/84/84 104/104/104 105/105/105
f 85/85/85 106/106/106 86/86/86
f 86/86/86 106/106/106 107/107/107
f 86/86/86 107/107/107 87/87/87
f 87/87/87 107/107/107 108/108/108
f 87/87/87 108/108/108 88/88/88
f 88/88/88 108/108/108 109/109/109
f 88/88/88 109/109/109 89/89/89
f 89/89/89 109/109/109 110/110/110
f 89/89/89 110/110/110 90/90/90
f 90/90/90 110/110/110 111/111/111
f 90/90/90 111/111/111 91/91/91
f 91/91/91 111/111/111 112/112/112
f 91/91/91 112/112/112 92/92/92
f 92/92/92 112/112/112 113/113/113
f 92/92/92 113/113/113 93/93/93
f 93/93/93 113/113/113 114/114/114
f 93/93/93 114/114/114 94/94/94
f 94/94/94 114/114/114 115/115/115
f 94/94/94 115/115/115 95/95/95
f 95/95/95 115/115/115 116/116/116
f 95/95/95 116/116/116 96/96/96
f 96/96/96 116/116/116 117/117/117
f 96/96/96 117/117/117 97/97/97
f 97/97/97 117/117/117 118/118/118
f 97/97/97 118/118/118 98/98/98
f 98/98/98 118/118/118 119/119/119
f 98/98/98 119/119/119 99/99/99
f 99/99/99 119/119/119 120/120/120
f 99/99/99 120/120/120 100/100/100
f 100/100/100 120/120/120 121/121/121
f 100/100/100 121/121/121 101/101/101
f 101/101/101 121/121/121 122/122/122
f 101/101/101 122/122/122 102/102/102
f 102/102/102 122/122/122 123/123/123
f 102/102/102 123/123/123 103/103/103
f 103/103/103 123/123/123 124/124/124
f 103/103/103 124/124/124 104/104/104
f 104/104/104 124/124/124 125/125/125
f 104/104/104 125/125/125 105/105/105
f 105/105/105 125/125/125 126/126/126
f 106/106/106 127/127/127 107/107/107
f 107/107/107 127/127/127 128/128/128
f 107/107/107 128/128/128 108/108/108
f 108/108/108 128/128/128 129/129/129
f 108/108/108 129/129/129 109/109/109
f 109/109/109 129/129/129 130/130/130
f 109/109/109 130/130/130 110/110/110
f 110/110/110 130/130/130 131/131/131
f 110/110/110 131/131/131 111/111/111
f 111/111/111 131/131/131 132/132/132
f 111/111/111 132/132/132 112/112/112
f 112/112/112 132/132/132 133/133/133
f 112/112/112 133/133/133 113/113/113
f 113/113/113 133/133/133 134/134/134
f 113/113/113 134/134/134 114/114/114
f 114/114/114 134/134/134 135/135/135
f 114/114/114 135/135/135 115/115/115
f 115/115/115 135/135/135 136/136/136
f 115/115/115 136/136/136 116/116/116
f 116/116/116 136/136/136 137/137/137
f 116/116/116 137/137/137 117/117/117
f 117/117/117 137/137/137 138/138/138
f 117/117/117 138/138/138 118/118/118
f 118/118/118 138/138/138 139/139/139
f 118/118/118 139/139/139 119/119/119
f 119/119/119 139/139/139 140/140/140
f 119/119/119 140/140/140 120/120/120
f 120/120/120 140/140/140 141/141/141
f 120/120/120 141/141/141 121/121/121
f 121/121/121 141/141/141 142/142/142
f 121/121/121 142/142/142 122/122/122
f 122/122/122 142/142/142 143/143/143
f 122/122/122 143/143/143 123/123/123
f 123/123/123 143/143/143 144/144/144
f 123/123/123 144/144/144 124/124/124
f 124/124/124 144/144/144 145/145/145
f 124/124/124 145/145/145 125/125/125
f 125/125/125 145/145/145 146/146/146
f 125/125/125 146/146/146 126/126/126
f 126/126/126 146/146/146 147/147/147
f 127/127/127 148/148/148 128/128/128
f 128/128/128 148/148/148 149/149/149
f 128/128/128 149/149/149 129/129/129
f 129/129/129 149/149/149 150/150/150
f 129/129/129 150/150/150 130/130/130
f 130/130/130 150/150/150 151/151/151
f 130/130/130 151/151/151 131/131/131
f 131/131/131 151/151/151 152/152/152
f 131/131/131 152/152/152 132/132/132
f 132/132/132 152/152/152 153/153/153
f 132/132/132 153/153/153 133/133/133
f 133/133/133 153/153/153 154/154/154
f 133/133/133 154/154/154 134/134/134
f 134/134/134 154/154/154 155/155/155
f 134/134/134 155/155/155 135/135/135
f 135/135/135 155/155/155 156/156/156
f 135/135/135 156/156/156 136/136/136
f 136/136/136 156/156/156 157/157/157
f 136/136/136 157/157/157 137/137/137
f 137/137/137 157/157/157 158/158/158
f 137/137/137 158/158/158 138/138/138
f 138/138/138 158/158/158 159/159/159
f 138/138/138 159/159/159 139/139/139
f 139/139/139 159/159/159 160/160/160
f 139/139/139 160/160/160 140/140/140
f 140/140/140 160/160/160 161/161/161
f 140/140/140 161/161/161 141/141/141
f 141/141/141 161/161/161 162/162/162
f 141/141/141 162/162/162 142/142/142
f 142/142/142 162/162/162 163/163/163
f 142/142/142 163/163/163 143/143/143
f 143/143/143 163/163/163 164/164/164
f 143/143/143 164/164/164 144/144/144
f 144/144/144 164/164/164 165/165/165
f 144/144/144 165/165/165 145/145/145
f 145/145/145 165/165/165 166/166/166
f 145/145/145 166/166/166 146/146/146
f 146/146/146 166/166/166 167/167/167
f 146/146/146 167/167/167 147/147/147
f 147/147/147 167/167/167 168/168/168
f 148/148/148 169/169/169 149/149/149
f 149/149/149 169/169/169 170/170/170
f 149/149/149 170/170/170 150/150/150
f 150/150/150 170/170/170 171/171/171
f 150/150/150 171/171/171 151/151/151
f 151/151/151 171/171/171 172/172/172
f 151/151/151 172/172/172 152/152/152
f 152/152/152 172/172/172 173/173/173
f 152/152/152 173/173/173 153/153/153
f 153/153/153 173/173/173 174/174/174
f 153/153/153 174/174/174 154/154/154
f 154/154/154 174/174/174 175/175/175
f 154/154/154 175/175/175 155/155/155
f 155/155/155 175/175/175 176/176/176
f 155/155/155 176/176/176 156/156/156
f 156/156/156 176/176/176 177/177/177
f 156/156/156 177/177/177 157/157/157
f 157/157/157 177/177/177 178/178/178
f 157/157/157 178/178/178 158/158/158
f 158/158/158 178/178/178 179/179/179
f 158/158/158 179/179/179 159/159/159
f 159/159/159 179/179/179 180/180/180
f 159/159/159 180/180/180 160/160/160
f 160/160/160 180/180/180 181/181/181
f 160/160/160 181/181/181 161/161/161
f 161/161/161 181/181/181 182/182/182
f 161/161/161 182/182/182 162/162/162
f 162/162/162 182/182/182 183/183/183
f 162/162/162 183/183/183 163/163/163
f 163/163/163 183/183/183 184/184/184
f 163/163/163 184/184/184 164/164/164
f 164/164/164 184/184/184 185/185/185
f 164/164/164 185/185/185 165/165/165
f 165/165/165 185/185/185 186/186/186
f 165/165/165 186/186/186 166/166/166
f 166/166/166 186/186/186 187/187/187
f 166/166/166 187/187/187 167/167/167
f 167/167/167 187/187/187 188/188/188
f 167/167/167 188/188/188 168/168/168
f 168/168/168 188/188/188 189/189/189
f 190/190/190 211/211/211 191/191/191
f 191/191/191 211/211/211 212/212/212
f 191/191/191 212/212/212 192/192/192
f 192/192/192 212/212/212 213/213/213
f 192/192/192 213/213/213 193/193/193
f 193/193/193 213/213/213 214/214/214
f 193/193/193 214/214/214 194/194/194
f 194/194/194 214/214/214 215/215/215
f 194/194/194 215/215/215 195/195/195
f 195/195/195 215/215/215 216/216/216
f 195/195/195 216/216/216 196/196/196
f 196/196/196 216/216/216 217/217/217
f 196/196/196 217/217/217 197/197/197
f 197/197/197 217/217/217 218/218/218
f 197/197/197 218/218/218 198/198/198
f 198/198/198 218/218/218 219/219/219
f 198/198/198 219/219/219 199/199/199
f 199/199/199 219/219/219 220/220/220
f 199/199/199 220/220/220 200/200/200
f 200/200/200 220/220/220 221/221/221
f 200/200/200 221/221/221 201/201/201
f 201/201/201 221/221/221 222/222/222
f 201/201/201 222/222/222 202/202/202
f 202/202/202 222/222/222 223/223/223
f 202/202/202 223/223/223 203/203/203
f 203/203/203 223/223/223 224/224/224
f 203/203/203 224/224/224 204/204/204
f 204/204/204 224/224/224 225/225/225
f 204/204/204 225/225/225 205/205/205
f 205/205/205 225/225/225 226/226/226
f 205/205/205 226/226/226 206/206/206
f 206/206/206 226/226/226 227/227/227
f 206/206/206 227/227/227 207/207/207
f 207/207/207 227/227/227 228/228/228
f 207/207/207 228/228/228 208/208/208
f 208/208/208 228/228/228 229/229/229
f 208/208/208 229/229/229 209/209/209
f 209/209/209 229/229/229 230/230/230
f 209/209/209 230/230/230 210/210/210
f 210/210/210 230/230/230 231/231/231
f 211/211/211 232/232/232 212/212/212
f 212/212/212 232/232/232 233/233/233
f 212/212/212 233/233/233 213/213/213
f 213/213/213 233/233/233 234/234/234
f 213/213/213 234/234/234 214/214/214
f 214/214/214 234/234/234 235/235/235
f 214/214/214 235/235/235 215/215/215
f 215/215/215 235/235/235 236/236/236
f 215/215/215 236/236/236 216/216/216
f 216/216/216 236/236/236 237/237/237
f 216/216/216 237/237/237 217/217/217
f 217/217/217 237/237/237 238/238/238
f 217/217/217 238/238/238 218/218/218
f 218/218/218 238/238/238 239/239/239
f 218/218/218 239/239/239 219/219/219
f 219/219/219 239/239/239 240/240/240
f 219/219/219 240/240/240 220/220/220
f 220/220/220 240/240/240 241/241/241
f 220/220/220 241/241/241 221/221/221
f 221/221/221 241/241/241 242/242/242
f 221/221/221 242/242/242 222/222/222
f 222/222/222 242/242/242 243/243/243
f 222/222/222 243/243/243 223/223/223
f 223/223/223 243/243/243 244/244/244
f 223/223/223 244/244/244 224/224/224
f 224/224/224 244/244/244 245/245/245
f 224/224/224 245/245/245 225/225/225
f 225/225/225 245/245/245 246/246/246
f 225/225/225 246/246/246 226/226/226
f 226/226/226 246/246/246 247/247/247
f 226/226/226 247/247/247 227/227/227
f 227/227/227 247/247/247 248/248/248
f 227/227/227 248/248/248 228/228/228
f 228/228/228 248/248/248 249/249/249
f 228/228/228 249/249/249 229/229/229
f 229/229/229 249/249/249 250/250/250
f 229/229/229 250/250/250 230/230/230
f 230/230/230 250/250/250 251/251/251
f 230/230/230 251/251/251 231/231/231
f 231/231/231 251/251/251 252/252/252
f 232/232/232 253/253/253 233/233/233
f 233/233/233 253/253/253 254/254/254
f 233/233/233 254/254/254 234/234/234
f 234/234/234 254/254/254 255/255/255
f 234/234/234 255/255/255 235/235/235
f 235/235/235 255/255/255 256/256/256
f 235/235/235 256/256/256 236/236/236
f 236/236/236 256/256/256 257/257/257
f 236/236/236 257/257/257 237/237/237
f 237/237/237 257/257/257 258/258/258
f 237/237/237 258/258/258 238/238/238
f 238/238/238 258/258/258 259/259/259
f 238/238/238 259/259/259 239/239/239
f 239/239/239 259/259/259 260/260/260
f 239/239/239 260/260/260 240/240/240
f 240/240/240 260/260/260 261/261/261
f 240/240/240 261/261/261 241/241/241
f 241/241/241 261/261/261 262/262/262
f 241/241/241 262/262/262 242/242/242
f 242/242/242 262/262/262 263/263/263
f 242/242/242 263/263/263 243/243/243
f 243/243/243 263/263/263 264/264/264
f 243/243/243 264/264/264 244/244/244
f 244/244/244 264/264/264 265/265/265
f 244/244/244 265/265/265 245/245/245
f 245/245/245 265/265/265 266/266/266
f 245/245/245 266/266/266 246/246/246
f 246/246/246 266/266/266 267/267/267
f 246/246/246 267/267/267 247/247/247
f 247/247/247 267/267/267 268/268/268
f 247/247/247 268/268/268 248/248/248
f 248/248/248 268/268/268 269/269/269
f 248/248/248 269/269/269 249/249/249
f 249/249/249 269/269/269 270/270/270
f 249/249/249 270/270/270 250/250/250
f 250/250/250 270/270/270 271/271/271
f 250/250/250 271/271/271 251/251/251
f 251/251/251 271/271/271 272/272/272
f 251/251/251 272/272/272 252/252/252
f 252/252/252 272/272/272 273/273/273
f 253/253/253 274/274/274 254/254/254
f 254/254/254 274/274/274 275/275/275
f 254/254/254 275/275/275 255/255/255
f 255/255/255 275/275/275 276/276/276
f 255/255/255 276/276/276 256/256/256
f 256/256/256 276/276/276 277/277/277
f 256/256/256 277/277/277 257/257/257
f 257/257/257 277/277/277 278/278/278
f 257/257/257 278/278/278 258/258/258
f 258/258/258 278/278/278 279/279/279
f 258/258/258 279/279/279 259/259/259
f 259/259/259 279/279/279 280/280/280
f 259/259/259 280/280/280 260/260/260
f 260/260/260 280/280/280 281/281/281
f 260/260/260 281/281/281 261/261/261
f 261/261/261 281/281/281 282/282/282
f 261/261/261 282/282/282 262/262/262
f 262/262/262 282/282/282 283/283/283
f 262/262/262 283/283/283 263/263/263
f 263/263/263 283/283/283 284/284/284
f 263/263/263 284/284/284 264/264/264
f 264/264/264 284/284/284 285/285/285
f 264/264/264 285/285/285 265/265/265
f 265/265/265 285/285/285 286/286/286
f 265/265/265 286/286/286 266/266/266
f 266/266/266 286/286/286 287/287/287
f 266/266/266 287/287/287 267/267/267
f 267/267/267 287/287/287 288/288/288
f 267/267/267 288/288/288 268/268/268
f 268/268/268 288/288/288 289/289/289
f 268/268/268 289/289/289 269/269/269
f 269/269/269 289/289/289 290/290/290
f 269/269/269 290/290/290 270/270/270
f 270/270/270 290/290/290 291/291/291
f 270/270/270 291/291/291 271/271/271
f 271/271/271 291/291/291 292/292/292
f 271/271/271 292/292/292 272/272/272
f 272/272/272 292/292/292 293/293/293
f 272/272/272 293/293/293 273/273/273
f 273/273/273 293/293/293 294/294/294
f 274/274/274 295/295/295 275/275/275
f 275/275/275 295/295/295 296/296/296
f 275/275/275 296/296/296 276/276/276
f 276/276/276 296/296/296 297/297/297
f 276/276/276 297/297/297 277/277/277
f 277/277/277 297/297/297 298/298/298
f 277/277/277 298/298/298 278/278/278
f 278/278/278 298/298/298 299/299/299
f 278/278/278 299/299/299 279/279/279
f 279/279/279 299/299/299 300/300/300
f 279/279/279 300/300/300 280/280/280
f 280/280/280 300/300/300 301/301/301
f 280/280/280 301/301/301 281/281/281
f 281/281/281 301/301/301 302/302/302
f 281/281/281 302/302/302 282/282/282
f 282/282/282 302/302/302 303/303/303
f 282/282/282 303/303/303 283/283/283
f 283/283/283 303/303/303 304/304/304
f 283/283/283 304/304/304 284/284/284
f 284/284/284 304/304/304 305/305/305
f 284/284/284 305/305/305 285/285/285
f 285/285/285 305/305/305 306/306/306
f 285/285/285 306/306/306 286/286/286
f 286/286/286 306/306/306 307/307/307
f 286/286/286 307/307/307 287/287/287
f 287/287/287 307/307/307 308/308/308
f 287/287/287 308/308/308 288/288/288
f 288/288/288 308/308/308 309/309/309
f 288/288/288 309/309/309 289/289/289
f 289/289/289 309/309/309 310/310/310
f 289/289/289 310/310/310 290/290/290
f 290/290/290 310/310/310 311/311/311
f 290/290/290 311/311/311 291/291/291
f 291/291/291 311/311/311 312/312/312
f 291/291/291 312/312/312 292/292/292
f 292/292/292 312/312/312 313/313/313
f 292/292/292 313/313/313 293/293/293
f 293/293/293 313/313/313 314/314/314
f 293/293/293 314/314/314 294/294/294
f 294/294/294 314/314/314 315/315/315
f 295/295/295 316/316/316 296/296/296
f 296/296/296 316/316/316 317/317/317
f 296/296/296 317/317/317 297/297/297
f 297/297/297 317/317/317 318/318/318
f 297/297/297 318/318/318 298/298/298
f 298/298/298 318/318/318 319/319/319
f 298/298/298 319/319/319 299/299/299
f 299/299/299 319/319/319 320/320/320
f 299/299/299 320/320/320 300/300/300
f 300/300/300 320/320/320 321/321/321
f 300/300/300 321/321/321 301/301/301
f 301/301/301 321/321/321 322/322/322
f 301/301/301 322/322/322 302/302/302
f 302/302/302 322/322/322 323/323/323
f 302/302/302 323/323/323 303/303/303
f 303/303/303 323/323/323 324/324/324
f 303/303/303 324/324/324 304/304/304
f 304/304/304 324/324/324 325/325/325
f 304/304/304 325/325/325 305/305/305
f 305/305/305 325/325/325 326/326/326
f 305/305/305 326/326/326 306/306/306
f 306/306/306 326/326/326 327/327/327
f 306/306/306 327/327/327 307/307/307
f 307/307/307 327/327/327 328/328/328
f 307/307/307 328/328/328 308/308/308
f 308/308/308 328/328/328 329/329/329
f 308/308/308 329/329/329 309/309/309
f 309/309/309 329/329/329 330/330/330
f 309/309/309 330/330/330 310/310/310
f 310/310/310 330/330/330 331/331/331
f 310/310/310 331/331/331 311/311/311
f 311/311/311 331/331/331 332/332/332
f 311/311/311 332/332/332 312/312/312
f 312/312/312 332/332/332 333/333/333
f 312/312/312 333/333/333 313/313/313
f 313/313/313 333/333/333 334/334/334
f 313/313/313 334/334/334 314/314/314
f 314/314/314 334/334/334 335/335/335
f 314/314/314 335/335/335 315/315/315
f 315/315/315 335/335/335 336/336/336
f 316/316/316 337/337/337 317/317/317
f 317/317/317 337/337/337 338/338/338
f 317/317/317 338/338/338 318/318/318
f 318/318/318 338/338/338 339/339/339
f 318/318/318 339/339/339 319/319/319
f 319/319/319 339/339/339 340/340/340
f 319/319/319 340/340/340 320/320/320
f 320/320/320 340/340/340 341/341/341
f 320/320/320 341/341/341 321/321/321
f 321/321/321 341/341/341 342/342/342
f 321/321/321 342/342/342 322/322/322
f 322/322/322 342/342/342 343/343/343
f 322/322/322 343/343/343 323/323/323
f 323/323/323 343/343/343 344/344/344
f 323/323/323 344/344/344 324/324/324
f 324/324/324 344/344/344 345/345/345
f 324/324/324 345/345/345 325/325/325
f 325/325/325 345/345/345 346/346/346
f 325/325/325 346/346/346 326/326/326
f 326/326/326 346/346/346 347/347/347
f 326/326/326 347/347/347 327/327/327
f 327/327/327 347/347/347 348/348/348
f 327/327/327 348/348/348 328/328/328
f 328/328/328 348/348/348 349/349/349
f 328/328/328 349/349/349 329/329/329
f 329/329/329 349/349/349 350/350/350
f 329/329/329 350/350/350 330/330/330
f 330/330/330 350/350/350 351/351/351
f 330/330/330 351/351/351 331/331/331
f 331/331/331 351/351/351 352/352/352
f 331/331/331 352/352/352 332/332/332
f 332/332/332 352/352/352 353/353/353
f 332/332/332 353/353/353 333/333/333
f 333/333/333 353/353/353 354/354/354
f 333/333/333 354/354/354 334/334/334
f 334/334/334 354/354/354 355/355/355
f 334/334/334 355/355/355 335/335/335
f 335/335/335 355/355/355 356/356/356
f 335/335/335 356/356/356 336/336/336
f 336/336/336 356/356/356 357/357/357
f 337/337/337 358/358/358 338/338/338
f 338/338/338 358/358/358 359/359/359
f 338/338/338 359/359/359 339/339/339
f 339/339/339 359/359/359 360/360/360
f 339/339/339 360/360/360 340/340/340
f 340/340/340 360/360/360 361/361/361
f 340/340/340 361/361/361 341/341/341
f 341/341/341 361/361/361 362/362/362
f 341/341/341 362/362/362 342/342/342
f 342/342/342 362/362/362 363/363/363
f 342/342/342 363/363/363 343/343/343
f 343/343/343 363/363/363 364/364/364
f 343/343/343 364/364/364 344/344/344
f 344/344/344 364/364/364 365/365/365
f 344/344/344 365/365/365 345/345/345
f 345/345/345 365/365/365 366/366/366
f 345/345/345 366/366/366 346/346/346
f 346/346/346 366/366/366 367/367/367
f 346/346/346 367/367/367 347/347/347
f 347/347/347 367/367/367 368/368/368
f 347/347/347 368/368/368 348/348/348
f 348/348/348 368/368/368 369/369/369
f 348/348/348 369/369/369 349/349/349
f 349/349/349 369/369/369 370/370/370
f 349/349/349 370/370/370 350/350/350
f 350/350/350 370/370/370 371/371/371
f 350/350/350 371/371/371 351/351/351
f 351/351/351 371/371/371 372/372/372
f 351/351/351 372/372/372 352/352/352
f 352/352/352 372/372/372 373/373/373
f 352/352/352 373/373/373 353/353/353
f 353/353/353 373/373/373 374/374/374
f 353/353/353 374/374/374 354/354/354
f 354/354/354 374/374/374 375/375/375
f 354/354/354 375/375/375 355/355/355
f 355/355/355 375/375/375 376/376/376
f 355/355/355 376/376/376 356/356/356
f 356/356/356 376/376/376 377/377/377
f 356/356/356 377/377/377 357/357/357
f 357/357/357 377/377/377 378/378/378
f 379/379/379 400/400/400 380/380/380
f 380/380/380 400/400/400 401/401/401
f 380/380/380 401/401/401 381/381/381
f 381/381/381 401/401/401 402/402/402
f 381/381/381 402/402/402 382/382/382
f 382/382/382 402/402/402 403/403/403
f 382/382/382 403/403/403 383/383/383
f 383/383/383 403/403/403 404/404/404
f 383/383/383 404/404/404 384/384/384
f 384/384/384 404/404/404 405/405/405
f 384/384/384 405/405/405 385/385/385
f 385/385/385 405/405/405 406/406/406
f 385/385/385 406/406/406 386/386/386
f 386/386/386 406/406/406 407/407/407
f 386/386/386 407/407/407 387/387/387
f 387/387/387 407/407/407 408/408/408
f 387/387/387 408/408/408 388/388/388
f 388/388/388 408/408/408 409/409/409
f 388/388/388 409/409/409 389/389/389
f 389/389/389 409/409/409 410/410/410
f 389/389/389 410/410/410 390/390/390
f 390/390/390 410/410/410 411/411/411
f 390/390/390 411/411/411 391/391/391
f 391/391/391 411/411/411 412/412/412
f 391/391/391 412/412/412 392/392/392
f 392/392/392 412/412/412 413/413/413
f 392/392/392 413/413/413 393/393/393
f 393/393/393 413/413/413 414/414/414
f 393/393/393 414/414/414 394/394/394
f 394/394/394 414/414/414 415/415/415
f 394/394/394 415/415/415 395/395/395
f 395/395/395 415/415/415 416/416/416
f 395/395/395 416/416/416 396/396/396
f 396/396/396 416/416/416 417/417/417
f 396/396/396 417/417/417 397/397/397
f 397/397/397 417/417/417 418/418/418
f 397/397/397 418/418/418 398/398/398
f 398/398/398 418/418/418 419/419/419
f 398/398/398 419/419/419 399/399/399
f 399/399/399 419/419/419 420/420/420
f 400/400/400 421/421/421 401/401/401
f 401/401/401 421/421/421 422/422/422
f 401/401/401 422/422/422 402/402/402
f 402/402/402 422/422/422 423/423/423
f 402/402/402 423/423/423 403/403/403
f 403/403/403 423/423/423 424/424/424
f 403/403/403 424/424/424 404/404/404
f 404/404/404 424/424/424 425/425/425
f 404/404/404 425/425/425 405/405/405
f 405/405/405 425/425/425 426/426/426
f 405/405/405 426/426/426 406/406/406
f 406/406/406 426/426/426 427/427/427
f 406/406/406 427/427/427 407/407/407
f 407/407/407 427/427/427 428/428/428
f 407/407/407 428/428/428 408/408/408
f 408/408/408 428/428/428 429/429/429
f 408/408/408 429/429/429 409/409/409
f 409/409/409 429/429/429 430/430/430
f 409/409/409 430/430/430 410/410/410
f 410/410/410 430/430/430 431/431/431
f 410/410/410 431/431/431 411/411/411
f 411/411/411 431/431/431 432/432/432
f 411/411/411 432/432/432 412/412/412
f 412/412/412 432/432/432 433/433/433
f 412/412/412 433/433/433 413/413/413
f 413/413/413 433/433/433 434/434/434
f 413/413/413 434/434/434 414/414/414
f 414/414/414 434/434/434 435/435/435
f 414/414/414 435/435/435 415/415/415
f 415/415/415 435/435/435 436/436/436
f 415/415/415 436/436/436 416/416/416
f 416/416/416 436/436/436 437/437/437
f 416/416/416 437/437/437 417/417/417
f 417/417/417 437/437/437 438/438/438
f 417/417/417 438/438/438 418/418/418
f 418/418/418 438/438/438 439/439/439
f 418/418/418 439/439/439 419/419/419
f 419/419/419 439/439/439 440/440/440
f 419/419/419 440/440/440 420/420/420
f 420/420/420 440/440/440 441/441/441
f 421/421/421 442/442/442 422/422/422
f 422/422/422 442/442/442 443/443/443
f 422/422/422 443/443/443 423/423/423
f 423/423/423 443/443/443 444/444/444
f 423/423/423 444/444/444 424/424/424
f 424/424/424 444/444/444 445/445/445
f 424/424/424 445/445/445 425/425/425
f 425/425/425 445/445/445 446/446/446
f 425/425/425 446/446/446 426/426/426
f 426/426/426 446/446/446 447/447/447
f 426/426/426 447/447/447 427/427/427
f 427/427/427 447/447/447 448/448/448
f 427/427/427 448/448/448 428/428/428
f 428/428/428 448/448/448 449/449/449
f 428/428/428 449/449/449 429/429/429
f 429/429/429 449/449/449 450/450/450
f 429/429/429 450/450/450 430/430/430
f 430/430/430 450/450/450 451/451/451
f 430/430/430 451/451/451 431/431/431
f 431/431/431 451/451/451 452/452/452
f 431/431/431 452/452/452 432/432/432
f 432/432/432 452/452/452 453/453/453
f 432/432/432 453/453/453 433/433/433
f 433/433/433 453/453/453 454/454/454
f 433/433/433 454/454/454 434/434/434
f 434/434/434 454/454/454 455/455/455
f 434/434/434 455/455/455 435/435/435
f 435/435/435 455/455/455 456/456/456
f 435/435/435 456/456/456 436/436/436
f 436/436/436 456/456/456 457/457/457
f 436/436/436 457/457/457 437/437/437
f 437/437/437 457/457/457 458/458/458
f 437/437/437 458/458/458 438/438/438
f 438/438/438 458/458/458 459/459/459
f 438/438/438 459/459/459 439/439/439
f 439/439/439 459/459/459 460/460/460
f 439/439/439 460/460/460 440/440/440
f 440/440/440 460/460/460 461/461/461
f 440/440/440 461/461/461 441/441/441
f 441/441/441 461/461/461 462/462/462
f 442/442/442 463/463/463 443/443/443
f 443/443/443 463/463/463 464/464/464
f 443/443/443 464/464/464 444/444/444
f 444/444/444 464/464/464 465/465/465
f 444/444/444 465/465/465 445/445/445
f 445/445/445 465/465/465 466/466/466
f 445/445/445 466/466/466 446/446/446
f 446/446/446 466/466/466 467/467/467
f 446/446/446 467/467/467 447/447/447
f 447/447/447 467/467/467 468/468/468
f 447/447/447 468/468/468 448/448/448
f 448/448/448 468/468/468 469/469/469
f 448/448/448 469/469/469 449/449/449
f 449/449/449 469/469/469 470/470/470
f 449/449/449 470/470/470 450/450/450
f 450/450/450 470/470/470 471/471/471
f 450/450/450 471/471/471 451/451/451
f 451/451/451 471/471/471 472/472/472
f 451/451/451 472/472/472 452/452/452
f 452/452/452 472/472/472 473/473/473
f 452/452/452 473/473/473 453/453/453
f 453/453/453 473/473/473 474/474/474
f 453/453/453 474/474/474 454/454/454
f 454/454/454 474/474/474 475/475/475
f 454/454/454 475/475/475 455/455/455
f 455/455/455 475/475/475 476/476/476
f 455/455/455 476/476/476 456/456/456
f 456/456/456 476/476/476 477/477/477
f 456/456/456 477/477/477 457/457/457
f 457/457/457 477/477/477 478/478/478
f 457/457/457 478/478/478 458/458/458
f 458/458/458 478/478/478 479/479/479
f 458/458/458 479/479/479 459/459/459
f 459/459/459 479/479/479 480/480/480
f 459/459/459 480/480/480 460/460/460
f 460/460/460 480/480/480 481/481/481
f 460/460/460 481/481/481 461/461/461
f 461/461/461 481/481/481 482/482/482
f 461/461/461 482/482/482 462/462/462
f 462/462/462 482/482/482 483/483/483
f 463/463/463 484/484/484 464/464/464
f 464/464/464 484/484/484 485/485/485
f 464/464/464 485/485/485 465/465/465
f 465/465/465 485/485/485 486/486/486
f 465/465/465 486/486/486 466/466/466
f 466/466/466 486/486/486 487/487/487
f 466/466/466 487/487/487 467/467/467
f 467/467/467 487/487/487 488/488/488
f 467/467/467 488/488/488 468/468/468
f 468/468/468 488/488/488 489/489/489
f 468/468/468 489/489/489 469/469/469
f 469/469/469 489/489/489 490/490/490
f 469/469/469 490/490/490 470/470/470
f 470/470/470 490/490/490 491/491/491
f 470/470/470 491/491/491 471/471/471
f 471/471/471 491/491/491 492/492/492
f 471/471/471 492/492/492 472/472/472
f 472/472/472 492/492/492 493/493/493
f 472/472/472 493/493/493 473/473/473
f 473/473/473 493/493/493 494/494/494
f 473/473/473 494/494/494 474/474/474
f 474/474/474 494/494/494 495/495/495
f 474/474/474 495/495/495 475/475/475
f 475/475/475 495/495/495 496/496/496
f 475/475/475 496/496/496 476/476/476
f 476/476/476 496/496/496 497/497/497
f 476/476/476 497/497/497 477/477/477
f 477/477/477 497/497/497 498/498/498
f 477/477/477 498/498/498 478/478/478
f 478/478/478 498/498/498 499/499/499
f 478/478/478 499/499/499 479/479/479
f 479/479/479 499/499/499 500/500/500
f 479/479/479 500/500/500 480/480/480
f 480/480/480 500/500/500 501/501/501
f 480/480/480 501/501/501 481/481/481
f 481/481/481 501/501/501 502/502/502
f 481/481/481 502/502/502 482/482/482
f 482/482/482 502/502/502 503/503/503
f 482/482/482 503/503/503 483/483/483
f 483/483/483 503/503/503 504/504/504
f 484/484/484 505/505/505 485/485/485
f 485/485/485 505/505/505 506/506/506
f 485/485/485 506/506/506 486/486/486
f 486/486/486 506/506/506 507/507/507
f 486/486/486 507/507/507 487/487/487
f 487/487/487 507/507/507 508/508/508
f 487/487/487 508/508/508 488/488/488
f 488/488/488 508/508/508 509/509/509
f 488/488/488 509/509/509 489/489/489
f 489/489/489 509/509/509 510/510/510
f 489/489/489 510/510/510 490/490/490
f 490/490/490 510/510/510 511/511/511
f 490/490/490 511/511/511 491/491/491
f 491/491/491 511/511/511 512/512/512
f 491/491/491 512/512/512 492/492/492
f 492/492/492 512/512/512 513/513/513
f 492/492/492 513/513/513 493/493/493
f 493/493/493 513/513/513 514/514/514
f 493/493/493 514/514/514 494/494/494
f 494/494/494 514/514/514 515/515/515
f 494/494/494 515/515/515 495/495/495
f 495/495/495 515/515/515 516/516/516
f 495/495/495 516/516/516 496/496/496
f 496/496/496 516/516/516 517/517/517
f 496/496/496 517/517/517 497/497/497
f 497/497/497 517/517/517 518/518/518
f 497/497/497 518/518/518 498/498/498
f 498/498/498 518/518/518 519/519/519
f 498/498/498 519/519/519 499/499/499
f 499/499/499 519/519/519 520/520/520
f 499/499/499 520/520/520 500/500/500
f 500/500/500 520/520/520 521/521/521
f 500/500/500 521/521/521 501/501/501
f 501/501/501 521/521/521 522/522/522
f 501/501/501 522/522/522 502/502/502
f 502/502/502 522/522/522 523/523/523
f 502/502/502 523/523/523 503/503/503
f 503/503/503 523/523/523 524/524/524
f 503/503/503 524/524/524 504/504/504
f 504/504/504 524/524/524 525/525/525
f 526/526/526 551/551/551 527/527/527
f 527/527/527 551/551/551 552/552/552
f 527/527/527 552/552/552 528/528/528
f 528/528/528 552/552/552 553/553/553
f 528/528/528 553/553/553 529/529/529
f 529/529/529 553/553/553 554/554/554
f 529/529/529 554/554/554 530/530/530
f 530/530/530 554/554/554 555/555/555
f 530/530/530 555/555/555 531/531/531
f 531/531/531 555/555/555 556/556/556
f 531/531/531 556/556/556 532/532/532
f 532/532/532 556/556/556 557/557/557
f 532/532/532 557/557/557 533/533/533
f 533/533/533 557/557/557 558/558/558
f 533/533/533 558/558/558 534/534/534
f 534/534/534 558/558/558 559/559/559
f 534/534/534 559/559/559 535/535/535
f 535/535/535 559/559/559 560/560/560
f 535/535/535 560/560/560 536/536/536
f 536/536/536 560/560/560 561/561/561
f 536/536/536 561/561/561 537/537/537
f 537/537/537 561/561/561 562/562/562
f 537/537/537 562/562/562 538/538/538
f 538/538/538 562/562/562 563/563/563
f 538/538/538 563/563/563 539/539/539
f 539/539/539 563/563/563 564/564/564
f 539/539/539 564/564/564 540/540/540
f 540/540/540 564/564/564 565/565/565
f 540/540/540 565/565/565 541/541/541
f 541/541/541 565/565/565 566/566/566
f 541/541/541 566/566/566 542/542/542
f 542/542/542 566/566/566 567/567/567
f 542/542/542 567/567/567 543/543/543
f 543/543/543 567/567/567 568/568/568
f 543/543/543 568/568/568 544/544/544
f 544/544/544 568/568/568 569/569/569
f 544/544/544 569/569/569 545/545/545
f 545/545/545 569/569/569 570/570/570
f 545/545/545 570/570/570 546/546/546
f 546/546/546 570/570/570 571/571/571
f 546/546/546 571/571/571 547/547/547
f 547/547/547 571/571/571 572/572/572
f 547/547/547 572/572/572 548/548/548
f 548/548/548 572/572/572 573/573/573
f 548/548/548 573/573/573 549/549/549
f 549/549/549 573/573/573 574/574/574
f 549/549/549 574/574/574 550/550/550
f 550/550/550 574/574/574 575/575/575
f 551/551/551 576/576/576 552/552/552
f 552/552/552 576/576/576 577/577/577
f 552/552/552 577/577/577 553/553/553
f 553/553/553 577/577/577 578/578/578
f 553/553/553 578/578/578 554/554/554
f 554/554/554 578/578/578 579/579/579
f 554/554/554 579/579/579 555/555/555
f 555/555/555 579/579/579 580/580/580
f 555/555/555 580/580/580 556/556/556
f 556/556/556 580/580/580 581/581/581
f 556/556/556 581/581/581 557/557/557
f 557/557/557 581/581/581 582/582/582
f 557/557/557 582/582/582 558/558/558
f 558/558/558 582/582/582 583/583/583
f 558/558/558 583/583/583 559/559/559
f 559/559/559 583/583/583 584/584/584
f 559/559/559 584/584/584 560/560/560
f 560/560/560 584/584/584 585/585/585
f 560/560/560 585/585/585 561/561/561
f 561/561/561 585/585/585 586/586/586
f 561/561/561 586/586/586 562/562/562
f 562/562/562 586/586/586 587/587/587
f 562/562/562 587/587/587 563/563/563
f 563/563/563 587/587/587 588/588/588
f 563/563/563 588/588/588 564/564/564
f 564/564/564 588/588/588 589/589/589
f 564/564/564 589/589/589 565/565/565
f 565/565/565 589/589/589 590/590/590
f 565/565/565 590/590/590 566/566/566
f 566/566/566 590/590/590 591/591/591
f 566/566/566 591/591/591 567/567/567
f 567/567/567 591/591/591 592/592/592
f 567/567/567 592/592/592 568/568/568
f 568/568/568 592/592/592 593/593/593
f 568/568/568 593/593/593 569/569/569
f 569/569/569 593/593/593 594/594/594
f 569/569/569 594/594/594 570/570/570
f 570/570/570 594/594/594 595/595/595
f 570/570/570 595/595/595 571/571/571
f 571/571/571 595/595/595 596/596/596
f 571/571/571 596/596/596 572/572/572
f 572/572/572 596/596/596 597/597/597
f 572/572/572 597/597/597 573/573/573
f 573/573/573 597/597/597 598/598/598
f 573/573/573 598/598/598 574/574/574
f 574/574/574 598/598/598 599/599/599
f 574/574/574 599/599/599 575/575/575
f 575/575/575 599/599/599 600/600/600
f 576/576/576 601/601/601 577/577/577
f 577/577/577 601/601/601 602/602/602
f 577/577/577 602/602/602 578/578/578
f 578/578/578 602/602/602 603/603/603
f 578/578/578 603/603/603 579/579/579
f 579/579/579 603/603/603 604/604/604
f 579/579/579 604/604/604 580/580/580
f 580/580/580 604/604/604 605/605/605
f 580/580/580 605/605/605 581/581/581
f 581/581/581 605/605/605 606/606/606
f 581/581/581 606/606/606 582/582/582
f 582/582/582 606/606/606 607/607/607
f 582/582/582 607/607/607 583/583/583
f 583/583/583 607/607/607 608/608/608
f 583/583/583 608/608/608 584/584/584
f 584/584/584 608/608/608 609/609/609
f 584/584/584 609/609/609 585/585/585
f 585/585/585 609/609/609 610/610/610
f 585/585/585 610/610/610 586/586/586
f 586/586/586 610/610/610 611/611/611
f 586/586/586 611/611/611 587/587/587
f 587/587/587 611/611/611 612/612/612
f 587/587/587 612/612/612 588/588/588
f 588/588/588 612/612/612 613/613/613
f 588/588/588 613/613/613 589/589/589
f 589/589/589 613/613/613 614/614/614
f 589/589/589 614/614/614 590/590/590
f 590/590/590 614/614/614 615/615/615
f 590/590/590 615/615/615 591/591/591
f 591/591/591 615/615/615 616/616/616
f 591/591/591 616/616/616 592/592/592
f 592/592/592 616/616/616 617/617/617
f 592/592/592 617/617/617 593/593/593
f 593/593/593 617/617/617 618/618/618
f 593/593/593 618/618/618 594/594/594
f 594/594/594 618/618/618 619/619/619
f 594/594/594 619/619/619 595/595/595
f 595/595/595 619/619/619 620/620/620
f 595/595/595 620/620/620 596/596/596
f 596/596/596 620/620/620 621/621/621
f 596/596/596 621/621/621 597/597/597
f 597/597/597 621/621/621 622/622/622
f 597/597/597 622/622/622 598/598/598
f 598/598/598 622/622/622 623/623/623
f 598/598/598 623/623/623 599/599/599
f 599/599/599 623/623/623 624/624/624
f 599/599/599 624/624/624 600/600/600
f 600/600/600 624/624/624 625/625/625
f 601/601/601 626/626/626 602/602/602
f 602/602/602 626/626/626 627/627/627
f 602/602/602 627/627/627 603/603/603
f 603/603/603 627/627/627 628/628/628
f 603/603/603 628/628/628 604/604/604
f 604/604/604 628/628/628 629/629/629
f 604/604/604 629/629/629 605/605/605
f 605/605/605 629/629/629 630/630/630
f 605/605/605 630/630/630 606/606/606
f 606/606/606 630/630/630 631/631/631
f 606/606/606 631/631/631 607/607/607
f 607/607/607 631/631/631 632/632/632
f 607/607/607 632/632/632 608/608/608
f 608/608/608 632/632/632 633/633/633
f 608/608/608 633/633/633 609/609/609
f 609/609/609 633/633/633 634/634/634
f 609/609/609 634/634/634 610/610/610
f 610/610/610 634/634/634 635/635/635
f 610/610/610 635/635/635 611/611/611
f 611/611/611 635/635/635 636/636/636
f 611/611/611 636/636/636 612/612/612
f 612/612/612 636/636/636 637/637/637
f 612/612/612 637/637/637 613/613/613
f 613/613/613 637/637/637 638/638/638
f 613/613/613 638/638/638 614/614/614
f 614/614/614 638/638/638 639/639/639
f 614/614/614 639/639/639 615/615/615
f 615/615/615 639/639/639 640/640/640
f 615/615/615 640/640/640 616/616/616
f 616/616/616 640/640/640 641/641/641
f 616/616/616 641/641/641 617/617/617
f 617/617/617 641/641/641 642/642/642
f 617/617/617 642/642/642 618/618/618
f 618/618/618 642/642/642 643/643/643
f 618/618/618 643/643/643 619/619/619
f 619/619/619 643/643/643 644/644/644
f 619/619/619 644/644/644 620/620/620
f 620/620/620 644/644/644 645/645/645
f 620/620/620 645/645/645 621/621/621
f 621/621/621 645/645/645 646/646/646
f 621/621/621 646/646/646 622/622/622
f 622/622/622 646/646/646 647/647/647
f 622/622/622 647/647/647 623/623/623
f 623/623/623 647/647/647 648/648/648
f 623/623/623 648/648/648 624/624/624
f 624/624/624 648/648/648 649/649/649
f 624/624/624 649/649/649 625/625/625
f 625/625/625 649/649/649 650/650/650
f 626/626/626 651/651/651 627/627/627
f 627/627/627 651/651/651 652/652/652
f 627/627/627 652/652/652 628/628/628
f 628/628/628 652/652/652 653/653/653
f 628/628/628 653/653/653 629/629/629
f 629/629/629 653/653/653 654/654/654
f 629/629/629 654/654/654 630/630/630
f 630/630/630 654/654/654 655/655/655
f 630/630/630 655/655/655 631/631/631
f 631/631/631 655/655/655 656/656/656
f 631/631/631 656/656/656 632/632/632
f 632/632/632 656/656/656 657/657/657
f 632/632/632 657/657/657 633/633/633
f 633/633/633 657/657/657 658/658/658
f 633/633/633 658/658/658 634/634/634
f 634/634/634 658/658/658 659/659/659
f 634/634/634 659/659/659 635/635/635
f 635/635/635 659/659/659 660/660/660
f 635/635/635 660/660/660 636/636/636
f 636/636/636 660/660/660 661/661/661
f 636/636/636 661/661/661 637/637/637
f 637/637/637 661/661/661 662/662/662
f 637/637/637 662/662/662 638/638/638
f 638/638/638 662/662/662 663/663/663
f 638/638/638 663/663/663 639/639/639
f 639/639/639 663/663/663 664/664/664
f 639/639/639 664/664/664 640/640/640
f 640/640/640 664/664/664 665/665/665
f 640/640/640 665/665/665 641/641/641
f 641/641/641 665/665/665 666/666/666
f 641/641/641 666/666/666 642/642/642
f 642/642/642 666/666/666 667/667/667
f 642/642/642 667/667/667 643/643/643
f 643/643/643 667/667/667 668/668/668
f 643/643/643 668/668/668 644/644/644
f 644/644/644 668/668/668 669/669/669
f 644/644/644 669/669/669 645/645/645
f 645/645/645 669/669/669 670/670/670
f 645/645/645 670/670/670 646/646/646
f 646/646/646 670/670/670 671/671/671
f 646/646/646 671/671/671 647/647/647
f 647/647/647 671/671/671 672/672/672
f 647/647/647 672/672/672 648/648/648
f 648/648/648 672/672/672 673/673/673
f 648/648/648 673/673/673 649/649/649
f 649/649/649 673/673/673 674/674/674
f 649/649/649 674/674/674 650/650/650
f 650/650/650 674/674/674 675/675/675
f 651/651/651 676/676/676 652/652/652
f 652/652/652 676/676/676 677/677/677
f 652/652/652 677/677/677 653/653/653
f 653/653/653 677/677/677 678/678/678
f 653/653/653 678/678/678 654/654/654
f 654/654/654 678/678/678 679/679/679
f 654/654/654 679/679/679 655/655/655
f 655/655/655 679/679/679 680/680/680
f 655/655/655 680/680/680 656/656/656
f 656/656/656 680/680/680 681/681/681
f 656/656/656 681/681/681 657/657/657
f 657/657/657 681/681/681 682/682/682
f 657/657/657 682/682/682 658/658/658
f 658/658/658 682/682/682 683/683/683
f 658/658/658 683/683/683 659/659/659
f 659/659/659 683/683/683 684/684/684
f 659/659/659 684/684/684 660/660/660
f 660/660/660 684/684/684 685/685/685
f 660/660/660 685/685/685 661/661/661
f 661/661/661 685/685/685 686/686/686
f 661/661/661 686/686/686 662/662/662
f 662/662/662 686/686/686 687/687/687
f 662/662/662 687/687/687 663/663/663
f 663/663/663 687/687/687 688/688/688
f 663/663/663 688/688/688 664/664/664
f 664/664/664 688/688/688 689/689/689
f 664/664/664 689/689/689 665/665/665
f 665/665/665 689/689/689 690/690/690
f 665/665/665 690/690/690 666/666/666
f 666/666/666 690/690/690 691/691/691
f 666/666/666 691/691/691 667/667/667
f 667/667/667 691/691/691 692/692/692
f 667/667/667 692/692/692 668/668/668
f 668/668/668 692/692/692 693/693/693
f 668/668/668 693/693/693 669/669/669
f 669/669/669 693/693/693 694/694/694
f 669/669/669 694/694/694 670/670/670
f 670/670/670 694/694/694 695/695/695
f 670/670/670 695/695/695 671/671/671
f 671/671/671 695/695/695 696/696/696
f 671/671/671 696/696/696 672/672/672
f 672/672/672 696/696/696 697/697/697
f 672/672/672 697/697/697 673/673/673
f 673/673/673 697/697/697 698/698/698
f 673/673/673 698/698/698 674/674/674
f 674/674/674 698/698/698 699/699/699
f 674/674/674 699/699/699 675/675/675
f 675/675/675 699/699/699 700/700/700
f 676/676/676 701/701/701 677/677/677
f 677/677/677 701/701/701 702/702/702
f 677/677/677 702/702/702 678/678/678
f 678/678/678 702/702/702 703/703/703
f 678/678/678 703/703/703 679/679/679
f 679/679/679 703/703/703 704/704/704
f 679/679/679 704/704/704 680/680/680
f 680/680/680 704/704/704 705/705/705
f 680/680/680 705/705/705 681/681/681
f 681/681/681 705/705/705 706/706/706
f 681/681/681 706/706/706 682/682/682
f 682/682/682 706/706/706 707/707/707
f 682/682/682 707/707/707 683/683/683
f 683/683/683 707/707/707 708/708/708
f 683/683/683 708/708/708 684/684/684
f 684/684/684 708/708/708 709/709/709
f 684/684/684 709/709/709 685/685/685
f 685/685/685 709/709/709 710/710/710
f 685/685/685 710/710/710 686/686/686
f 686/686/686 710/710/710 711/711/711
f 686/686/686 711/711/711 687/687/687
f 687/687/687 711/711/711 712/712/712
f 687/687/687 712/712/712 688/688/688
f 688/688/688 712/712/712 713/713/713
f 688/688/688 713/713/713 689/689/689
f 689/689/689 713/713/713 714/714/714
f 689/689/689 714/714/714 690/690/690
f 690/690/690 714/714/714 715/715/715
f 690/690/690 715/715/715 691/691/691
f 691/691/691 715/715/715 716/716/716
f 691/691/691 716/716/716 692/692/692
f 692/692/692 716/716/716 717/717/717
f 692/692/692 717/717/717 693/693/693
f 693/693/693 717/717/717 718/718/718
f 693/693/693 718/718/718 694/694/694
f 694/694/694 718/718/718 719/719/719
f 694/694/694 719/719/719 695/695/695
f 695/695/695 719/719/719 720/720/720
f 695/695/695 720/720/720 696/696/696
f 696/696/696 720/720/720 721/721/721
f 696/696/696 721/721/721 697/697/697
f 697/697/697 721/721/721 722/722/722
f 697/697/697 722/722/722 698/698/698
f 698/698/698 722/722/722 723/723/723
f 698/698/698 723/723/723 699/699/699
f 699/699/699 723/723/723 724/724/724
f 699/699/699 724/724/724 700/700/700
f 700/700/700 724/724/724 725/725/725
f 701/701/701 726/726/726 702/702/702
f 702/702/702 726/726/726 727/727/727
f 702/702/702 727/727/727 703/703/703
f 703/703/703 727/727/727 728/728/728
f 703/703/703 728/728/728 704/704/704
f 704/704/704 728/728/728 729/729/729
f 704/704/704 729/729/729 705/705/705
f 705/705/705 729/729/729 730/730/730
f 705/705/705 730/730/730 706/706/706
f 706/706/706 730/730/730 731/731/731
f 706/706/706 731/731/731 707/707/707
f 707/707/707 731/731/731 732/732/732
f 707/707/707 732/732/732 708/708/708
f 708/708/708 732/732/732 733/733/733
f 708/708/708 733/733/733 709/709/709
f 709/709/709 733/733/733 734/734/734
f 709/709/709 734/734/734 710/710/710
f 710/710/710 734/734/734 735/735/735
f 710/710/710 735/735/735 711/711/711
f 711/711/711 735/735/735 736/736/736
f 711/711/711 736/736/736 712/712/712
f 712/712/712 736/736/736 737/737/737
f 712/712/712 737/737/737 713/713/713
f 713/713/713 737/737/737 738/738/738
f 713/713/713 738/738/738 714/714/714
f 714/714/714 738/738/738 739/739/739
f 714/714/714 739/739/739 715/715/715
f 715/715/715 739/739/739 740/740/740
f 715/715/715 740/740/740 716/716/716
f 716/716/716 740/740/740 741/741/741
f 716/716/716 741/741/741 717/717/717
f 717/717/717 741/741/741 742/742/742
f 717/717/717 742/742/742 718/718/718
f 718/718/718 742/742/742 743/743/743
f 718/718/718 743/743/743 719/719/719
f 719/719/719 743/743/743 744/744/744
f 719/719/719 744/744/744 720/720/720
f 720/720/720 744/744/744 745/745/745
f 720/720/720 745/745/745 721/721/721
f 721/721/721 745/745/745 746/746/746
f 721/721/721 746/746/746 722/722/722
f 722/722/722 746/746/746 747/747/747
f 722/722/722 747/747/747 723/723/723
f 723/723/723 747/747/747 748/748/748
f 723/723/723 748/748/748 724/724/724
f 724/724/724 748/748/748 749/749/749
f 724/724/724 749/749/749 725/725/725
f 725/725/725 749/749/749 750/750/750
f 726/726/726 751/751/751 727/727/727
f 727/727/727 751/751/751 752/752/752
f 727/727/727 752/752/752 728/728/728
f 728/728/728 752/752/752 753/753/753
f 728/728/728 753/753/753 729/729/729
f 729/729/729 753/753/753 754/754/754
f 729/729/729 754/754/754 730/730/730
f 730/730/730 754/754/754 755/755/755
f 730/730/730 755/755/755 731/731/731
f 731/731/731 755/755/755 756/756/756
f 731/731/731 756/756/756 732/732/732
f 732/732/732 756/756/756 757/757/757
f 732/732/732 757/757/757 733/733/733
f 733/733/733 757/757/757 758/758/758
f 733/733/733 758/758/758 734/734/734
f 734/734/734 758/758/758 759/759/759
f 734/734/734 759/759/759 735/735/735
f 735/735/735 759/759/759 760/760/760
f 735/735/735 760/760/760 736/736/736
f 736/736/736 760/760/760 761/761/761
f 736/736/736 761/761/761 737/737/737
f 737/737/737 761/761/761 762/762/762
f 737/737/737 762/762/762 738/738/738
f 738/738/738 762/762/762 763/763/763
f 738/738/738 763/763/763 739/739/739
f 739/739/739 763/763/763 764/764/764
f 739/739/739 764/764/764 740/740/740
f 740/740/740 764/764/764 765/765/765
f 740/740/740 765/765/765 741/741/741
f 741/741/741 765/765/765 766/766/766
f 741/741/741 766/766/766 742/742/742
f 742/742/742 766/766/766 767/767/767
f 742/742/742 767/767/767 743/743/743
f 743/743/743 767/767/767 768/768/768
f 743/743/743 768/768/768 744/744/744
f 744/744/744 768/768/768 769/769/769
f 744/744/744 769/769/769 745/745/745
f 745/745/745 769/769/769 770/770/770
f 745/745/745 770/770/770 746/746/746
f 746/746/746 770/770/770 771/771/771
f 746/746/746 771/771/771 747/747/747
f 747/747/747 771/771/771 772/772/772
f 747/747/747 772/772/772 748/748/748
f 748/748/748 772/772/772 773/773/773
f 748/748/748 773/773/773 749/749/749
f 749/749/749 773/773/773 774/774/774
f 749/749/749 774/774/774 750/750/750
f 750/750/750 774/774/774 775/775/775
f 751/751/751 776/776/776 752/752/752
f 752/752/752 776/776/776 777/777/777
f 752/752/752 777/777/777 753/753/753
f 753/753/753 777/777/777 778/778/778
f 753/753/753 778/778/778 754/754/754
f 754/754/754 778/778/778 779/779/779
f 754/754/754 779/779/779 755/755/755
f 755/755/755 779/779/779 780/780/780
f 755/755/755 780/780/780 756/756/756
f 756/756/756 780/780/780 781/781/781
f 756/756/756 781/781/781 757/757/757
f 757/757/757 781/781/781 782/782/782
f 757/757/757 782/782/782 758/758/758
f 758/758/758 782/782/782 783/783/783
f 758/758/758 783/783/783 759/759/759
f 759/759/759 783/783/783 784/784/784
f 759/759/759 784/784/784 760/760/760
f 760/760/760 784/784/784 785/785/785
f 760/760/760 785/785/785 761/761/761
f 761/761/761 785/785/785 786/786/786
f 761/761/761 786/786/786 762/762/762
f 762/762/762 786/786/786 787/787/787
f 762/762/762 787/787/787 763/763/763
f 763/763/763 787/787/787 788/788/788
f 763/763/763 788/788/788 764/764/764
f 764/764/764 788/788/788 789/789/789
f 764/764/764 789/789/789 765/765/765
f 765/765/765 789/789/789 790/790/790
f 765/765/765 790/790/790 766/766/766
f 766/766/766 790/790/790 791/791/791
f 766/766/766 791/791/791 767/767/767
f 767/767/767 791/791/791 792/792/792
f 767/767/767 792/792/792 768/768/768
f 768/768/768 792/792/792 793/793/793
f 768/768/768 793/793/793 769/769/769
f 769/769/769 793/793/793 794/794/794
f 769/769/769 794/794/794 770/770/770
f 770/770/770 794/794/794 795/795/795
f 770/770/770 795/795/795 771/771/771
f 771/771/771 795/795/795 796/796/796
f 771/771/771 796/796/796 772/772/772
f 772/772/772 796/796/796 797/797/797
f 772/772/772 797/797/797 773/773/773
f 773/773/773 797/797/797 798/798/798
f 773/773/773 798/798/798 774/774/774
f 774/774/774 798/798/798 799/799/799
f 774/774/774 799/799/799 775/775/775
f 775/775/775 799/799/799 800/800/800
f 776/776/776 801/801/801 777/777/777
f 777/777/777 801/801/801 802/802/802
f 777/777/777 802/802/802 778/778/778
f 778/778/778 802/802/802 803/803/803
f 778/778/778 803/803/803 779/779/779
f 779/779/779 803/803/803 804/804/804
f 779/779/779 804/804/804 780/780/780
f 780/780/780 804/804/804 805/805/805
f 780/780/780 805/805/805 781/781/781
f 781/781/781 805/805/805 806/806/806
f 781/781/781 806/806/806 782/782/782
f 782/782/782 806/806/806 807/807/807
f 782/782/782 807/807/807 783/783/783
f 783/783/783 807/807/807 808/808/808
f 783/783/783 808/808/808 784/784/784
f 784/784/784 808/808/808 809/809/809
f 784/784/784 809/809/809 785/785/785
f 785/785/785 809/809/809 810/810/810
f 785/785/785 810/810/810 786/786/786
f 786/786/786 810/810/810 811/811/811
f 786/786/786 811/811/811 787/787/787
f 787/787/787 811/811/811 812/812/812
f 787/787/787 812/812/812 788/788/788
f 788/788/788 812/812/812 813/813/813
f 788/788/788 813/813/813 789/789/789
f 789/789/789 813/813/813 814/814/814
f 789/789/789 814/814/814 790/790/790
f 790/790/790 814/814/814 815/815/815
f 790/790/790 815/815/815 791/791/791
f 791/791/791 815/815/815 816/816/816
f 791/791/791 816/816/816 792/792/792
f 792/792/792 816/816/816 817/817/817
f 792/792/792 817/817/817 793/793/793
f 793/793/793 817/817/817 818/818/818
f 793/793/793 818/818/818 794/794/794
f 794/794/794 818/818/818 819/819/819
f 794/794/794 819/819/819 795/795/795
f 795/795/795 819/819/819 820/820/820
f 795/795/795 820/820/820 796/796/796
f 796/796/796 820/820/820 821/821/821
f 796/796/796 821/821/821 797/797/797
f 797/797/797 821/821/821 822/822/822
f 797/797/797 822/822/822 798/798/798
f 798/798/798 822/822/822 823/823/823
f 798/798/798 823/823/823 799/799/799
f 799/799/799 823/823/823 824/824/824
f 799/799/799 824/824/824 800/800/800
f 800/800/800 824/824/824 825/825/825
f 801/801/801 826/826/826 802/802/802
f 802/802/802 826/826/826 827/827/827
f 802/802/802 827/827/827 803/803/803
f 803/803/803 827/827/827 828/828/828
f 803/803/803 828/828/828 804/804/804
f 804/804/804 828/828/828 829/829/829
f 804/804/804 829/829/829 805/805/805
f 805/805/805 829/829/829 830/830/830
f 805/805/805 830/830/830 806/806/806
f 806/806/806 830/830/830 831/831/831
f 806/806/806 831/831/831 807/807/807
f 807/807/807 831/831/831 832/832/832
f 807/807/807 832/832/832 808/808/808
f 808/808/808 832/832/832 833/833/833
f 808/808/808 833/833/833 809/809/809
f 809/809/809 833/833/833 834/834/834
f 809/809/809 834/834/834 810/810/810
f 810/810/810 834/834/834 835/835/835
f 810/810/810 835/835/835 811/811/811
f 811/811/811 835/835/835 836/836/836
f 811/811/811 836/836/836 812/812/812
f 812/812/812 836/836/836 837/837/837
f 812/812/812 837/837/837 813/813/813
f 813/813/813 837/837/837 838/838/838
f 813/813/813 838/838/838 814/814/814
f 814/814/814 838/838/838 839/839/839
f 814/814/814 839/839/839 815/815/815
f 815/815/815 839/839/839 840/840/840
f 815/815/815 840/840/840 816/816/816
f 816/816/816 840/840/840 841/841/841
f 816/816/816 841/841/841 817/817/817
f 817/817/817 841/841/841 842/842/842
f 817/817/817 842/842/842 818/818/818
f 818/818/818 842/842/842 843/843/843
f 818/818/818 843/843/843 819/819/819
f 819/819/819 843/843/843 844/844/844
f 819/819/819 844/844/844 820/820/820
f 820/820/820 844/844/844 845/845/845
f 820/820/820 845/845/845 821/821/821
f 821/821/821 845/845/845 846/846/846
f 821/821/821 846/846/846 822/822/822
f 822/822/822 846/846/846 847/847/847
f 822/822/822 847/847/847 823/823/823
f 823/823/823 847/847/847 848/848/848
f 823/823/823 848/848/848 824/824/824
f 824/824/824 848/848/848 849/849/849
f 824/824/824 849/849/849 825/825/825
f 825/825/825 849/849/849 850/850/850
f 851/851/851 872/872/872 852/852/852
f 852/852/852 872/872/872 873/873/873
f 852/852/852 873/873/873 853/853/853
f 853/853/853 873/873/873 874/874/874
f 853/853/853 874/874/874 854/854/854
f 854/854/854 874/874/874 875/875/875
f 854/854/854 875/875/875 855/855/855
f 855/855/855 875/875/875 876/876/876
f 855/855/855 876/876/876 856/856/856
f 856/856/856 876/876/876 877/877/877
f 856/856/856 877/877/877 857/857/857
f 857/857/857 877/877/877 878/878/878
f 857/857/857 878/878/878 858/858/858
f 858/858/858 878/878/878 879/879/879
f 858/858/858 879/879/879 859/859/859
f 859/859/859 879/879/879 880/880/880
f 859/859/859 880/880/880 860/860/860
f 860/860/860 880/880/880 881/881/881
f 860/860/860 881/881/881 861/861/861
f 861/861/861 881/881/881 882/882/882
f 861/861/861 882/882/882 862/862/862
f 862/862/862 882/882/882 883/883/883
f 862/862/862 883/883/883 863/863/863
f 863/863/863 883/883/883 884/884/884
f 863/863/863 884/884/884 864/864/864
f 864/864/864 884/884/884 885/885/885
f 864/864/864 885/885/885 865/865/865
f 865/865/865 885/885/885 886/886/886
f 865/865/865 886/886/886 866/866/866
f 866/866/866 886/886/886 887/887/887
f 866/866/866 887/887/887 867/867/867
f 867/867/867 887/887/887 888/888/888
f 867/867/867 888/888/888 868/868/868
f 868/868/868 888/888/888 889/889/889
f 868/868/868 889/889/889 869/869/869
f 869/869/869 889/889/889 890/890/890
f 869/869/869 890/890/890 870/870/870
f 870/870/870 890/890/890 891/891/891
f 870/870/870 891/891/891 871/871/871
f 871/871/871 891/891/891 892/892/892
f 872/872/872 893/893/893 873/873/873
f 873/873/873 893/893/893 894/894/894
f 873/873/873 894/894/894 874/874/874
f 874/874/874 894/894/894 895/895/895
f 874/874/874 895/895/895 875/875/875
f 875/875/875 895/895/895 896/896/896
f 875/875/875 896/896/896 876/876/876
f 876/876/876 896/896/896 897/897/897
f 876/876/876 897/897/897 877/877/877
f 877/877/877 897/897/897 898/898/898
f 877/877/877 898/898/898 878/878/878
f 878/878/878 898/898/898 899/899/899
f 878/878/878 899/899/899 879/879/879
f 879/879/879 899/899/899 900/900/900
f 879/879/879 900/900/900 880/880/880
f 880/880/880 900/900/900 901/901/901
f 880/880/880 901/901/901 881/881/881
f 881/881/881 901/901/901 902/902/902
f 881/881/881 902/902/902 882/882/882
f 882/882/882 902/902/902 903/903/903
f 882/882/882 903/903/903 883/883/883
f 883/883/883 903/903/903 904/904/904
f 883/883/883 904/904/904 884/884/884
f 884/884/884 904/904/904 905/905/905
f 884/884/884 905/905/905 885/885/885
f 885/885/885 905/905/905 906/906/906
f 885/885/885 906/906/906 886/886/886
f 886/886/886 906/906/906 907/907/907
f 886/886/886 907/907/907 887/887/887
f 887/887/887 907/907/907 908/908/908
f 887/887/887 908/908/908 888/888/888
f 888/888/888 908/908/908 909/909/909
f 888/888/888 909/909/909 889/889/889
f 889/889/889 909/909/909 910/910/910
f 889/889/889 910/910/910 890/890/890
f 890/890/890 910/910/910 911/911/911
f 890/890/890 911/911/911 891/891/891
f 891/891/891 911/911/911 912/912/912
f 891/891/891 912/912/912 892/892/892
f 892/892/892 912/912/912 913/913/913
f 893/893/893 914/914/914 894/894/894
f 894/894/894 914/914/914 915/915/915
f 894/894/894 915/915/915 895/895/895
f 895/895/895 915/915/915 916/916/916
f 895/895/895 916/916/916 896/896/896
f 896/896/896 916/916/916 917/917/917
f 896/896/896 917/917/917 897/897/897
f 897/897/897 917/917/917 918/918/918
f 897/897/897 918/918/918 898/898/898
f 898/898/898 918/918/918 919/919/919
f 898/898/898 919/919/919 899/899/899
f 899/899/899 919/919/919 920/920/920
f 899/899/899 920/920/920 900/900/900
f 900/900/900 920/920/920 921/921/921
f 900/900/900 921/921/921 901/901/901
f 901/901/901 921/921/921 922/922/922
f 901/901/901 922/922/922 902/902/902
f 902/902/902 922/922/922 923/923/923
f 902/902/902 923/923/923 903/903/903
f 903/903/903 923/923/923 924/924/924
f 903/903/903 924/924/924 904/904/904
f 904/904/904 924/924/924 925/925/925
f 904/904/904 925/925/925 905/905/905
f 905/905/905 925/925/925 926/926/926
f 905/905/905 926/926/926 906/906/906
f 906/906/906 926/926/926 927/927/927
f 906/906/906 927/927/927 907/907/907
f 907/907/907 927/927/927 928/928/928
f 907/907/907 928/928/928 908/908/908
f 908/908/908 928/928/928 929/929/929
f 908/908/908 929/929/929 909/909/909
f 909/909/909 929/929/929 930/930/930
f 909/909/909 930/930/930 910/910/910
f 910/910/910 930/930/930 931/931/931
f 910/910/910 931/931/931 911/911/911
f 911/911/911 931/931/931 932/932/932
f 911/911/911 932/932/932 912/912/912
f 912/912/912 932/932/932 933/933/933
f 912/912/912 933/933/933 913/913/913
f 913/913/913 933/933/933 934/934/934
f 914/914/914 935/935/935 915/915/915
f 915/915/915 935/935/935 936/936/936
f 915/915/915 936/936/936 916/916/916
f 916/916/916 936/936/936 937/937/937
f 916/916/916 937/937/937 917/917/917
f 917/917/917 937/937/937 938/938/938
f 917/917/917 938/938/938 918/918/918
f 918/918/918 938/938/938 939/939/939
f 918/918/918 939/939/939 919/919/919
f 919/919/919 939/939/939 940/940/940
f 919/919/919 940/940/940 920/920/920
f 920/920/920 940/940/940 941/941/941
f 920/920/920 941/941/941 921/921/921
f 921/921/921 941/941/941 942/942/942
f 921/921/921 942/942/942 922/922/922
f 922/922/922 942/942/942 943/943/943
f 922/922/922 943/943/943 923/923/923
f 923/923/923 943/943/943 944/944/944
f 923/923/923 944/944/944 924/924/924
f 924/924/924 944/944/944 945/945/945
f 924/924/924 945/945/945 925/925/925
f 925/925/925 945/945/945 946/946/946
f 925/925/925 946/946/946 926/926/926
f 926/926/926 946/946/946 947/947/947
f 926/926/926 947/947/947 927/927/927
f 927/927/927 947/947/947 948/948/948
f 927/927/927 948/948/948 928/928/928
f 928/928/928 948/948/948 949/949/949
f 928/928/928 949/949/949 929/929/929
f 929/929/929 949/949/949 950/950/950
f 929/929/929 950/950/950 930/930/930
f 930/930/930 950/950/950 951/951/951
f 930/930/930 951/951/951 931/931/931
f 931/931/931 951/951/951 952/952/952
f 931/931/931 952/952/952 932/932/932
f 932/932/932 952/952/952 953/953/953
f 932/932/932 953/953/953 933/933/933
f 933/933/933 953/953/953 954/954/954
f 933/933/933 954/954/954 934/934/934
f 934/934/934 954/954/954 955/955/955
f 935/935/935 956/956/956 936/936/936
f 936/936/936 956/956/956 957/957/957
f 936/936/936 957/957/957 937/937/937
f 937/937/937 957/957/957 958/958/958
f 937/937/937 958/958/958 938/938/938
f 938/938/938 958/958/958 959/959/959
f 938/938/938 959/959/959 939/939/939
f 939/939/939 959/959/959 960/960/960
f 939/939/939 960/960/960 940/940/940
f 940/940/940 960/960/960 961/961/961
f 940/940/940 961/961/961 941/941/941
f 941/941/941 961/961/961 962/962/962
f 941/941/941 962/962/962 942/942/942
f 942/942/942 962/962/962 963/963/963
f 942/942/942 963/963/963 943/943/943
f 943/943/943 963/963/963 964/964/964
f 943/943/943 964/964/964 944/944/944
f 944/944/944 964/964/964 965/965/965
f 944/944/944 965/965/965 945/945/945
f 945/945/945 965/965/965 966/966/966
f 945/945/945 966/966/966 946/946/946
f 946/946/946 966/966/966 967/967/967
f 946/946/946 967/967/967 947/947/947
f 947/947/947 967/967/967 968/968/968
f 947/947/947 968/968/968 948/948/948
f 948/948/948 968/968/968 969/969/969
f 948/948/948 969/969/969 949/949/949
f 949/949/949 969/969/969 970/970/970
f 949/949/949 970/970/970 950/950/950
f 950/950/950 970/970/970 971/971/971
f 950/950/950 971/971/971 951/951/951
f 951/951/951 971/971/971 972/972/972
f 951/951/951 972/972/972 952/952/952
f 952/952/952 972/972/972 973/973/973
f 952/952/952 973/973/973 953/953/953
f 953/953/953 973/973/973 974/974/974
f 953/953/953 974/974/974 954/954/954
f 954/954/954 974/974/974 975/975/975
f 954/954/954 975/975/975 955/955/955
f 955/955/955 975/975/975 976/976/976
f 956/956/956 977/977/977 957/957/957
f 957/957/957 977/977/977 978/978/978
f 957/957/957 978/978/978 958/958/958
f 958/958/958 978/978/978 979/979/979
f 958/958/958 979/979/979 959/959/959
f 959/959/959 979/979/979 980/980/980
f 959/959/959 980/980/980 960/960/960
f 960/960/960 980/980/980 981/981/981
f 960/960/960 981/981/981 961/961/961
f 961/961/961 981/981/981 982/982/982
f 961/961/961 982/982/982 962/962/962
f 962/962/962 982/982/982 983/983/983
f 962/962/962 983/983/983 963/963/963
f 963/963/963 983/983/983 984/984/984
f 963/963/963 984/984/984 964/964/964
f 964/964/964 984/984/984 985/985/985
f 964/964/964 985/985/985 965/965/965
f 965/965/965 985/985/985 986/986/986
f 965/965/965 986/986/986 966/966/966
f 966/966/966 986/986/986 987/987/987
f 966/966/966 987/987/987 967/967/967
f 967/967/967 987/987/987 988/988/988
f 967/967/967 988/988/988 968/968/968
f 968/968/968 988/988/988 989/989/989
f 968/968/968 989/989/989 969/969/969
f 969/969/969 989/989/989 990/990/990
f 969/969/969 990/990/990 970/970/970
f 970/970/970 990/990/990 991/991/991
f 970/970/970 991/991/991 971/971/971
f 971/971/971 991/991/991 992/992/992
f 971/971/971 992/992/992 972/972/972
f 972/972/972 992/992/992 993/993/993
f 972/972/972 993/993/993 973/973/973
f 973/973/973 993/993/993 994/994/994
f 973/973/973 994/994/994 974/974/974
f 974/974/974 994/994/994 995/995/995
f 974/974/974 995/995/995 975/975/975
f 975/975/975 995/995/995 996/996/996
f 975/975/975 996/996/996 976/976/976
f 976/976/976 996/996/996 997/997/997
f 998/998/998 1019/1019/1019 999/999/999
f 999/999/999 1019/1019/1019 1020/1020/1020
f 999/999/999 1020/1020/1020 1000/1000/1000
f 1000/1000/1000 1020/1020/1020 1021/1021/1021
f 1000/1000/1000 1021/1021/1021 1001/1001/1001
f 1001/1001/1001 1021/1021/1021 1022/1022/1022
f 1001/1001/1001 1022/1022/1022 1002/1002/1002
f 1002/1002/1002 1022/1022/1022 1023/1023/1023
f 1002/1002/1002 1023/1023/1023 1003/1003/1003
f 1003/1003/1003 1023/1023/1023 1024/1024/1024
f 1003/1003/1003 1024/1024/1024 1004/1004/1004
f 1004/1004/1004 1024/1024/1024 1025/1025/1025
f 1004/1004/1004 1025/1025/1025 1005/1005/1005
f 1005/1005/1005 1025/1025/1025 1026/1026/1026
f 1005/1005/1005 1026/1026/1026 1006/1006/1006
f 1006/1006/1006 1026/1026/1026 1027/1027/1027
f 1006/1006/1006 1027/1027/1027 1007/1007/1007
f 1007/1007/1007 1027/1027/1027 1028/1028/1028
f 1007/1007/1007 1028/1028/1028 1008/1008/1008
f 1008/1008/1008 1028/1028/1028 1029/1029/1029
f 1008/1008/1008 1029/1029/1029 1009/1009/1009
f 1009/1009/1009 1029/1029/1029 1030/1030/1030
f 1009/1009/1009 1030/1030/1030 1010/1010/1010
f 1010/1010/1010 1030/1030/1030 1031/1031/1031
f 1010/1010/1010 1031/1031/1031 1011/1011/1011
f 1011/1011/1011 1031/1031/1031 1032/1032/1032
f 1011/1011/1011 1032/1032/1032 1012/1012/1012
f 1012/1012/1012 1032/1032/1032 1033/1033/1033
f 1012/1012/1012 1033/1033/1033 1013/1013/1013
f 1013/1013/1013 1033/1033/1033 1034/1034/1034
f 1013/1013/1013 1034/1034/1034 1014/1014/1014
f 1014/1014/1014 1034/1034/1034 1035/1035/1035
f 1014/1014/1014 1035/1035/1035 1015/1015/1015
f 1015/1015/1015 1035/1035/1035 1036/1036/1036
f 1015/1015/1015 1036/1036/1036 1016/1016/1016
f 1016/1016/1016 1036/1036/1036 1037/1037/1037
f 1016/1016/1016 1037/1037/1037 1017/1017/1017
f 1017/1017/1017 1037/1037/1037 1038/1038/1038
f 1017/1017/1017 1038/1038/1038 1018/1018/1018
f 1018/1018/1018 1038/1038/1038 1039/1039/1039
f 1019/1019/1019 1040/1040/1040 1020/1020/1020
f 1020/1020/1020 1040/1040/1040 1041/1041/1041
f 1020/1020/1020 1041/1041/1041 1021/1021/1021
f 1021/1021/1021 1041/1041/1041 1042/1042/1042
f 1021/1021/1021 1042/1042/1042 1022/1022/1022
f 1022/1022/1022 1042/1042/1042 1043/1043/1043
f 1022/1022/1022 1043/1043/1043 1023/1023/1023
f 1023/1023/1023 1043/1043/1043 1044/1044/1044
f 1023/1023/1023 1044/1044/1044 1024/1024/1024
f 1024/1024/1024 1044/1044/1044 1045/1045/1045
f 1024/1024/1024 1045/1045/1045 1025/1025/1025
f 1025/1025/1025 1045/1045/1045 1046/1046/1046
f 1025/1025/1025 1046/1046/1046 1026/1026/1026
f 1026/1026/1026 1046/1046/1046 1047/1047/1047
f 1026/1026/1026 1047/1047/1047 1027/1027/1027
f 1027/1027/1027 1047/1047/1047 1048/1048/1048
f 1027/1027/1027 1048/1048/1048 1028/1028/1028
f 1028/1028/1028 1048/1048/1048 1049/1049/1049
f 1028/1028/1028 1049/1049/1049 1029/1029/1029
f 1029/1029/1029 1049/1049/1049 1050/1050/1050
f 1029/1029/1029 1050/1050/1050 1030/1030/1030
f 1030/1030/1030 1050/1050/1050 1051/1051/1051
f 1030/1030/1030 1051/1051/1051 1031/1031/1031
f 1031/1031/1031 1051/1051/1051 1052/1052/1052
f 1031/1031/1031 1052/1052/1052 1032/1032/1032
f 1032/1032/1032 1052/1052/1052 1053/1053/1053
f 1032/1032/1032 1053/1053/1053 1033/1033/1033
f 1033/1033/1033 1053/1053/1053 1054/1054/1054
f 1033/1033/1033 1054/1054/1054 1034/1034/1034
f 1034/1034/1034 1054/1054/1054 1055/1055/1055
f 1034/1034/1034 1055/1055/1055 1035/1035/1035
f 1035/1035/1035 1055/1055/1055 1056/1056/1056
f 1035/1035/1035 1056/1056/1056 1036/1036/1036
f 1036/1036/1036 1056/1056/1056 1057/1057/1057
f 1036/1036/1036 1057/1057/1057 1037/1037/1037
f 1037/1037/1037 1057/1057/1057 1058/1058/1058
f 1037/1037/1037 1058/1058/1058 1038/1038/1038
f 1038/1038/1038 1058/1058/1058 1059/1059/1059
f 1038/1038/1038 1059/1059/1059 1039/1039/1039
f 1039/1039/1039 1059/1059/1059 1060/1060/1060
f 1040/1040/1040 1061/1061/1061 1041/1041/1041
f 1041/1041/1041 1061/1061/1061 1062/1062/1062
f 1041/1041/1041 1062/1062/1062 1042/1042/1042
f 1042/1042/1042 1062/1062/1062 1063/1063/1063
f 1042/1042/1042 1063/1063/1063 1043/1043/1043
f 1043/1043/1043 1063/1063/1063 1064/1064/1064
f 1043/1043/1043 1064/1064/1064 1044/1044/1044
f 1044/1044/1044 1064/1064/1064 1065/1065/1065
f 1044/1044/1044 1065/1065/1065 1045/1045/1045
f 1045/1045/1045 1065/1065/1065 1066/1066/1066
f 1045/1045/1045 1066/1066/1066 1046/1046/1046
f 1046/1046/1046 1066/1066/1066 1067/1067/1067
f 1046/1046/1046 1067/1067/1067 1047/1047/1047
f 1047/1047/1047 1067/1067/1067 1068/1068/1068
f 1047/1047/1047 1068/1068/1068 1048/1048/1048
f 1048/1048/1048 1068/1068/1068 1069/1069/1069
f 1048/1048/1048 1069/1069/1069 1049/1049/1049
f 1049/1049/1049 1069/1069/1069 1070/1070/1070
f 1049/1049/1049 1070/1070/1070 1050/1050/1050
f 1050/1050/1050 1070/1070/1070 1071/1071/1071
f 1050/1050/1050 1071/1071/1071 1051/1051/1051
f 1051/1051/1051 1071/1071/1071 1072/1072/1072
f 1051/1051/1051 1072/1072/1072 1052/1052/1052
f 1052/1052/1052 1072/1072/1072 1073/1073/1073
f 1052/1052/1052 1073/1073/1073 1053/1053/1053
f 1053/1053/1053 1073/1073/1073 1074/1074/1074
f 1053/1053/1053 1074/1074/1074 1054/1054/1054
f 1054/1054/1054 1074/1074/1074 1075/1075/1075
f 1054/1054/1054 1075/1075/1075 1055/1055/1055
f 1055/1055/1055 1075/1075/1075 1076/1076/1076
f 1055/1055/1055 1076/1076/1076 1056/1056/1056
f 1056/1056/1056 1076/1076/1076 1077/1077/1077
f 1056/1056/1056 1077/1077/1077 1057/1057/1057
f 1057/1057/1057 1077/1077/1077 1078/1078/1078
f 1057/1057/1057 1078/1078/1078 1058/1058/1058
f 1058/1058/1058 1078/1078/1078 1079/1079/1079
f 1058/1058/1058 1079/1079/1079 1059/1059/1059
f 1059/1059/1059 1079/1079/1079 1080/1080/1080
f 1059/1059/1059 1080/1080/1080 1060/1060/1060
f 1060/1060/1060 1080/1080/1080 1081/1081/1081
f 1061/1061/1061 1082/1082/1082 1062/1062/1062
f 1062/1062/1062 1082/1082/1082 1083/1083/1083
f 1062/1062/1062 1083/1083/1083 1063/1063/1063
f 1063/1063/1063 1083/1083/1083 1084/1084/1084
f 1063/1063/1063 1084/1084/1084 1064/1064/1064
f 1064/1064/1064 1084/1084/1084 1085/1085/1085
f 1064/1064/1064 1085/1085/1085 1065/1065/1065
f 1065/1065/1065 1085/1085/1085 1086/1086/1086
f 1065/1065/1065 1086/1086/1086 1066/1066/1066
f 1066/1066/1066 1086/1086/1086 1087/1087/1087
f 1066/1066/1066 1087/1087/1087 1067/1067/1067
f 1067/1067/1067 1087/1087/1087 1088/1088/1088
f 1067/1067/1067 1088/1088/1088 1068/1068/1068
f 1068/1068/1068 1088/1088/1088 1089/1089/1089
f 1068/1068/1068 1089/1089/1089 1069/1069/1069
f 1069/1069/1069 1089/1089/1089 1090/1090/1090
f 1069/1069/1069 1090/1090/1090 1070/1070/1070
f 1070/1070/1070 1090/1090/1090 1091/1091/1091
f 1070/1070/1070 1091/1091/1091 1071/1071/1071
f 1071/1071/1071 1091/1091/1091 1092/1092/1092
f 1071/1071/1071 1092/1092/1092 1072/1072/1072
f 1072/1072/1072 1092/1092/1092 1093/1093/1093
f 1072/1072/1072 1093/1093/1093 1073/1073/1073
f 1073/1073/1073 1093/1093/1093 1094/1094/1094
f 1073/1073/1073 1094/1094/1094 1074/1074/1074
f 1074/1074/1074 1094/1094/1094 1095/1095/1095
f 1074/1074/1074 1095/1095/1095 1075/1075/1075
f 1075/1075/1075 1095/1095/1095 1096/1096/1096
f 1075/1075/1075 1096/1096/1096 1076/1076/1076
f 1076/1076/1076 1096/1096/1096 1097/1097/1097
f 1076/1076/1076 1097/1097/1097 1077/1077/1077
f 1077/1077/1077 1097/1097/1097 1098/1098/1098
f 1077/1077/1077 1098/1098/1098 1078/1078/1078
f 1078/1078/1078 1098/1098/1098 1099/1099/1099
f 1078/1078/1078 1099/1099/1099 1079/1079/1079
f 1079/1079/1079 1099/1099/1099 1100/1100/1100
f 1079/1079/1079 1100/1100/1100 1080/1080/1080
f 1080/1080/1080 1100/1100/1100 1101/1101/1101
f 1080/1080/1080 1101/1101/1101 1081/1081/1081
f 1081/1081/1081 1101/1101/1101 1102/1102/1102
f 1082/1082/1082 1103/1103/1103 1083/1083/1083
f 1083/1083/1083 1103/1103/1103 1104/1104/1104
f 1083/1083/1083 1104/1104/1104 1084/1084/1084
f 1084/1084/1084 1104/1104/1104 1105/1105/1105
f 1084/1084/1084 1105/1105/1105 1085/1085/1085
f 1085/1085/1085 1105/1105/1105 1106/1106/1106
f 1085/1085/1085 1106/1106/1106 1086/1086/1086
f 1086/1086/1086 1106/1106/1106 1107/1107/1107
f 1086/1086/1086 1107/1107/1107 1087/1087/1087
f 1087/1087/1087 1107/1107/1107 1108/1108/1108
f 1087/1087/1087 1108/1108/1108 1088/1088/1088
f 1088/1088/1088 1108/1108/1108 1109/1109/1109
f 1088/1088/1088 1109/1109/1109 1089/1089/1089
f 1089/1089/1089 1109/1109/1109 1110/1110/1110
f 1089/1089/1089 1110/1110/1110 1090/1090/1090
f 1090/1090/1090 1110/1110/1110 1111/1111/1111
f 1090/1090/1090 1111/1111/1111 1091/1091/1091
f 1091/1091/1091 1111/1111/1111 1112/1112/1112
f 1091/1091/1091 1112/1112/1112 1092/1092/1092
f 1092/1092/1092 1112/1112/1112 1113/1113/1113
f 1092/1092/1092 1113/1113/1113 1093/1093/1093
f 1093/1093/1093 1113/1113/1113 1114/1114/1114
f 1093/1093/1093 1114/1114/1114 1094/1094/1094
f 1094/1094/1094 1114/1114/1114 1115/1115/1115
f 1094/1094/1094 1115/1115/1115 1095/1095/1095
f 1095/1095/1095 1115/1115/1115 1116/1116/1116
f 1095/1095/1095 1116/1116/1116 1096/1096/1096
f 1096/1096/1096 1116/1116/1116 1117/1117/1117
f 1096/1096/1096 1117/1117/1117 1097/1097/1097
f 1097/1097/1097 1117/1117/1117 1118/1118/1118
f 1097/1097/1097 1118/1118/1118 1098/1098/1098
f 1098/1098/1098 1118/1118/1118 1119/1119/1119
f 1098/1098/1098 1119/1119/1119 1099/1099/1099
f 1099/1099/1099 1119/1119/1119 1120/1120/1120
f 1099/1099/1099 1120/1120/1120 1100/1100/1100
f 1100/1100/1100 1120/1120/1120 1121/1121/1121
f 1100/1100/1100 1121/1121/1121 1101/1101/1101
f 1101/1101/1101 1121/1121/1121 1122/1122/1122
f 1101/1101/1101 1122/1122/1122 1102/1102/1102
f 1102/1102/1102 1122/1122/1122 1123/1123/1123
f 1103/1103/1103 1124/1124/1124 1104/1104/1104
f 1104/1104/1104 1124/1124/1124 1125/1125/1125
f 1104/1104/1104 1125/1125/1125 1105/1105/1105
f 1105/1105/1105 1125/1125/1125 1126/1126/1126
f 1105/1105/1105 1126/1126/1126 1106/1106/1106
f 1106/1106/1106 1126/1126/1126 1127/1127/1127
f 1106/1106/1106 1127/1127/1127 1107/1107/1107
f 1107/1107/1107 1127/1127/1127 1128/1128/1128
f 1107/1107/1107 1128/1128/1128 1108/1108/1108
f 1108/1108/1108 1128/1128/1128 1129/1129/1129
f 1108/1108/1108 1129/1129/1129 1109/1109/1109
f 1109/1109/1109 1129/1129/1129 1130/1130/1130
f 1109/1109/1109 1130/1130/1130 1110/1110/1110
f 1110/1110/1110 1130/1130/1130 1131/1131/1131
f 1110/1110/1110 1131/1131/1131 1111/1111/1111
f 1111/1111/1111 1131/1131/1131 1132/1132/1132
f 1111/1111/1111 1132/1132/1132 1112/1112/1112
f 1112/1112/1112 1132/1132/1132 1133/1133/1133
f 1112/1112/1112 1133/1133/1133 1113/1113/1113
f 1113/1113/1113 1133/1133/1133 1134/1134/1134
f 1113/1113/1113 1134/1134/1134 1114/1114/1114
f 1114/1114/1114 1134/1134/1134 1135/1135/1135
f 1114/1114/1114 1135/1135/1135 1115/1115/1115
f 1115/1115/1115 1135/1135/1135 1136/1136/1136
f 1115/1115/1115 1136/1136/1136 1116/1116/1116
f 1116/1116/1116 1136/1136/1136 1137/1137/1137
f 1116/1116/1116 1137/1137/1137 1117/1117/1117
f 1117/1117/1117 1137/1137/1137 1138/1138/1138
f 1117/1117/1117 1138/1138/1138 1118/1118/1118
f 1118/1118/1118 1138/1138/1138 1139/1139/1139
f 1118/1118/1118 1139/1139/1139 1119/1119/1119
f 1119/1119/1119 1139/1139/1139 1140/1140/1140
f 1119/1119/1119 1140/1140/1140 1120/1120/1120
f 1120/1120/1120 1140/1140/1140 1141/1141/1141
f 1120/1120/1120 1141/1141/1141 1121/1121/1121
f 1121/1121/1121 1141/1141/1141 1142/1142/1142
f 1121/1121/1121 1142/1142/1142 1122/1122/1122
f 1122/1122/1122 1142/1142/1142 1143/1143/1143
f 1122/1122/1122 1143/1143/1143 1123/1123/1123
f 1123/1123/1123 1143/1143/1143 1144/1144/1144
f 1145/1145/1145 1166/1166/1166 1146/1146/1146
f 1146/1146/1146 1166/1166/1166 1167/1167/1167
f 1146/1146/1146 1167/1167/1167 1147/1147/1147
f 1147/1147/1147 1167/1167/1167 1168/1168/1168
f 1147/1147/1147 1168/1168/1168 1148/1148/1148
f 1148/1148/1148 1168/1168/1168 1169/1169/1169
f 1148/1148/1148 1169/1169/1169 1149/1149/1149
f 1149/1149/1149 1169/1169/1169 1170/1170/1170
f 1149/1149/1149 1170/1170/1170 1150/1150/1150
f 1150/1150/1150 1170/1170/1170 1171/1171/1171
f 1150/1150/1150 1171/1171/1171 1151/1151/1151
f 1151/1151/1151 1171/1171/1171 1172/1172/1172
f 1151/1151/1151 1172/1172/1172 1152/1152/1152
f 1152/1152/1152 1172/1172/1172 1173/1173/1173
f 1152/1152/1152 1173/1173/1173 1153/1153/1153
f 1153/1153/1153 1173/1173/1173 1174/1174/1174
f 1153/1153/1153 1174/1174/1174 1154/1154/1154
f 1154/1154/1154 1174/1174/1174 1175/1175/1175
f 1154/1154/1154 1175/1175/1175 1155/1155/1155
f 1155/1155/1155 1175/1175/1175 1176/1176/1176
f 1155/1155/1155 1176/1176/1176 1156/1156/1156
f 1156/1156/1156 1176/1176/1176 1177/1177/1177
f 1156/1156/1156 1177/1177/1177 1157/1157/1157
f 1157/1157/1157 1177/1177/1177 1178/1178/1178
f 1157/1157/1157 1178/1178/1178 1158/1158/1158
f 1158/1158/1158 1178/1178/1178 1179/1179/1179
f 1158/1158/1158 1179/1179/1179 1159/1159/1159
f 1159/1159/1159 1179/1179/1179 1180/1180/1180
f 1159/1159/1159 1180/1180/1180 1160/1160/1160
f 1160/1160/1160 1180/1180/1180 1181/1181/1181
f 1160/1160/1160 1181/1181/1181 1161/1161/1161
f 1161/1161/1161 1181/1181/1181 1182/1182/1182
f 1161/1161/1161 1182/1182/1182 1162/1162/1162
f 1162/1162/1162 1182/1182/1182 1183/1183/1183
f 1162/1162/1162 1183/1183/1183 1163/1163/1163
f 1163/1163/1163 1183/1183/1183 1184/1184/1184
f 1163/1163/1163 1184/1184/1184 1164/1164/1164
f 1164/1164/1164 1184/1184/1184 1185/1185/1185
f 1164/1164/1164 1185/1185/1185 1165/1165/1165
f 1165/1165/1165 1185/1185/1185 1186/1186/1186
f 1166/1166/1166 1187/1187/1187 1167/1167/1167
f 1167/1167/1167 1187/1187/1187 1188/1188/1188
f 1167/1167/1167 1188/1188/1188 1168/1168/1168
f 1168/1168/1168 1188/1188/1188 1189/1189/1189
f 1168/1168/1168 1189/1189/1189 1169/1169/1169
f 1169/1169/1169 1189/1189/1189 1190/1190/1190
f 1169/1169/1169 1190/1190/1190 1170/1170/1170
f 1170/1170/1170 1190/1190/1190 1191/1191/1191
f 1170/1170/1170 1191/1191/1191 1171/1171/1171
f 1171/1171/1171 1191/1191/1191 1192/1192/1192
f 1171/1171/1171 1192/1192/1192 1172/1172/1172
f 1172/1172/1172 1192/1192/1192 1193/1193/1193
f 1172/1172/1172 1193/1193/1193 1173/1173/1173
f 1173/1173/1173 1193/1193/1193 1194/1194/1194
f 1173/1173/1173 1194/1194/1194 1174/1174/1174
f 1174/1174/1174 1194/1194/1194 1195/1195/1195
f 1174/1174/1174 1195/1195/1195 1175/1175/1175
f 1175/1175/1175 1195/1195/1195 1196/1196/1196
f 1175/1175/1175 1196/1196/1196 1176/1176/1176
f 1176/1176/1176 1196/1196/1196 1197/1197/1197
f 1176/1176/1176 1197/1197/1197 1177/1177/1177
f 1177/1177/1177 1197/1197/1197 1198/1198/1198
f 1177/1177/1177 1198/1198/1198 1178/1178/1178
f 1178/1178/1178 1198/1198/1198 1199/1199/1199
f 1178/1178/1178 1199/1199/1199 1179/1179/1179
f 1179/1179/1179 1199/1199/1199 1200/1200/1200
f 1179/1179/1179 1200/1200/1200 1180/1180/1180
f 1180/1180/1180 1200/1200/1200 1201/1201/1201
f 1180/1180/1180 1201/1201/1201 1181/1181/1181
f 1181/1181/1181 1201/1201/1201 1202/1202/1202
f 1181/1181/1181 1202/1202/1202 1182/1182/1182
f 1182/1182/1182 1202/1202/1202 1203/1203/1203
f 1182/1182/1182 1203/1203/1203 1183/1183/1183
f 1183/1183/1183 1203/1203/1203 1204/1204/1204
f 1183/1183/1183 1204/1204/1204 1184/1184/1184
f 1184/1184/1184 1204/1204/1204 1205/1205/1205
f 1184/1184/1184 1205/1205/1205 1185/1185/1185
f 1185/1185/1185 1205/1205/1205 1206/1206/1206
f 1185/1185/1185 1206/1206/1206 1186/1186/1186
f 1186/1186/1186 1206/1206/1206 1207/1207/1207
f 1187/1187/1187 1208/1208/1208 1188/1188/1188
f 1188/1188/1188 1208/1208/1208 1209/1209/1209
f 1188/1188/1188 1209/1209/1209 1189/1189/1189
f 1189/1189/1189 1209/1209/1209 1210/1210/1210
f 1189/1189/1189 1210/1210/1210 1190/1190/1190
f 1190/1190/1190 1210/1210/1210 1211/1211/1211
f 1190/1190/1190 1211/1211/1211 1191/1191/1191
f 1191/1191/1191 1211/1211/1211 1212/1212/1212
f 1191/1191/1191 1212/1212/1212 1192/1192/1192
f 1192/1192/1192 1212/1212/1212 1213/1213/1213
f 1192/1192/1192 1213/1213/1213 1193/1193/1193
f 1193/1193/1193 1213/1213/1213 1214/1214/1214
f 1193/1193/1193 1214/1214/1214 1194/1194/1194
f 1194/1194/1194 1214/1214/1214 1215/1215/1215
f 1194/1194/1194 1215/1215/1215 1195/1195/1195
f 1195/1195/1195 1215/1215/1215 1216/1216/1216
f 1195/1195/1195 1216/1216/1216 1196/1196/1196
f 1196/1196/1196 1216/1216/1216 1217/1217/1217
f 1196/1196/1196 1217/1217/1217 1197/1197/1197
f 1197/1197/1197 1217/1217/1217 1218/1218/1218
f 1197/1197/1197 1218/1218/1218 1198/1198/1198
f 1198/1198/1198 1218/1218/1218 1219/1219/1219
f 1198/1198/1198 1219/1219/1219 1199/1199/1199
f 1199/1199/1199 1219/1219/1219 1220/1220/1220
f 1199/1199/1199 1220/1220/1220 1200/1200/1200
f 1200/1200/1200 1220/1220/1220 1221/1221/1221
f 1200/1200/1200 1221/1221/1221 1201/1201/1201
f 1201/1201/1201 1221/1221/1221 1222/1222/1222
f 1201/1201/1201 1222/1222/1222 1202/1202/1202
f 1202/1202/1202 1222/1222/1222 1223/1223/1223
f 1202/1202/1202 1223/1223/1223 1203/1203/1203
f 1203/1203/1203 1223/1223/1223 1224/1224/1224
f 1203/1203/1203 1224/1224/1224 1204/1204/1204
f 1204/1204/1204 1224/1224/1224 1225/1225/1225
f 1204/1204/1204 1225/1225/1225 1205/1205/1205
f 1205/1205/1205 1225/1225/1225 1226/1226/1226
f 1205/1205/1205 1226/1226/1226 1206/1206/1206
f 1206/1206/1206 1226/1226/1226 1227/1227/1227
f 1206/1206/1206 1227/1227/1227 1207/1207/1207
f 1207/1207/1207 1227/1227/1227 1228/1228/1228
f 1208/1208/1208 1229/1229/1229 1209/1209/1209
f 1209/1209/1209 1229/1229/1229 1230/1230/1230
f 1209/1209/1209 1230/1230/1230 1210/1210/1210
f 1210/1210/1210 1230/1230/1230 1231/1231/1231
f 1210/1210/1210 1231/1231/1231 1211/1211/1211
f 1211/1211/1211 1231/1231/1231 1232/1232/1232
f 1211/1211/1211 1232/1232/1232 1212/1212/1212
f 1212/1212/1212 1232/1232/1232 1233/1233/1233
f 1212/1212/1212 1233/1233/1233 1213/1213/1213
f 1213/1213/1213 1233/1233/1233 1234/1234/1234
f 1213/1213/1213 1234/1234/1234 1214/1214/1214
f 1214/1214/1214 1234/1234/1234 1235/1235/1235
f 1214/1214/1214 1235/1235/1235 1215/1215/1215
f 1215/1215/1215 1235/1235/1235 1236/1236/1236
f 1215/1215/1215 1236/1236/1236 1216/1216/1216
f 1216/1216/1216 1236/1236/1236 1237/1237/1237
f 1216/1216/1216 1237/1237/1237 1217/1217/1217
f 1217/1217/1217 1237/1237/1237 1238/1238/1238
f 1217/1217/1217 1238/1238/1238 1218/1218/1218
f 1218/1218/1218 1238/1238/1238 1239/1239/1239
f 1218/1218/1218 1239/1239/1239 1219/1219/1219
f 1219/1219/1219 1239/1239/1239 1240/1240/1240
f 1219/1219/1219 1240/1240/1240 1220/1220/1220
f 1220/1220/1220 1240/1240/1240 1241/1241/1241
f 1220/1220/1220 1241/1241/1241 1221/1221/1221
f 1221/1221/1221 1241/1241/1241 1242/1242/1242
f 1221/1221/1221 1242/1242/1242 1222/1222/1222
f 1222/1222/1222 1242/1242/1242 1243/1243/1243
f 1222/1222/1222 1243/1243/1243 1223/1223/1223
f 1223/1223/1223 1243/1243/1243 1244/1244/1244
f 1223/1223/1223 1244/1244/1244 1224/1224/1224
f 1224/1224/1224 1244/1244/1244 1245/1245/1245
f 1224/1224/1224 1245/1245/1245 1225/1225/1225
f 1225/1225/1225 1245/1245/1245 1246/1246/1246
f 1225/1225/1225 1246/1246/1246 1226/1226/1226
f 1226/1226/1226 1246/1246/1246 1247/1247/1247
f 1226/1226/1226 1247/1247/1247 1227/1227/1227
f 1227/1227/1227 1247/1247/1247 1248/1248/1248
f 1227/1227/1227 1248/1248/1248 1228/1228/1228
f 1228/1228/1228 1248/1248/1248 1249/1249/1249
f 1229/1229/1229 1250/1250/1250 1230/1230/1230
f 1230/1230/1230 1250/1250/1250 1251/1251/1251
f 1230/1230/1230 1251/1251/1251 1231/1231/1231
f 1231/1231/1231 1251/1251/1251 1252/1252/1252
f 1231/1231/1231 1252/1252/1252 1232/1232/1232
f 1232/1232/1232 1252/1252/1252 1253/1253/1253
f 1232/1232/1232 1253/1253/1253 1233/1233/1233
f 1233/1233/1233 1253/1253/1253 1254/1254/1254
f 1233/1233/1233 1254/1254/1254 1234/1234/1234
f 1234/1234/1234 1254/1254/1254 1255/1255/1255
f 1234/1234/1234 1255/1255/1255 1235/1235/1235
f 1235/1235/1235 1255/1255/1255 1256/1256/1256
f 1235/1235/1235 1256/1256/1256 1236/1236/1236
f 1236/1236/1236 1256/1256/1256 1257/1257/1257
f 1236/1236/1236 1257/1257/1257 1237/1237/1237
f 1237/1237/1237 1257/1257/1257 1258/1258/1258
f 1237/1237/1237 1258/1258/1258 1238/1238/1238
f 1238/1238/1238 1258/1258/1258 1259/1259/1259
f 1238/1238/1238 1259/1259/1259 1239/1239/1239
f 1239/1239/1239 1259/1259/1259 1260/1260/1260
f 1239/1239/1239 1260/1260/1260 1240/1240/1240
f 1240/1240/1240 1260/1260/1260 1261/1261/1261
f 1240/1240/1240 1261/1261/1261 1241/1241/1241
f 1241/1241/1241 1261/1261/1261 1262/1262/1262
f 1241/1241/1241 1262/1262/1262 1242/1242/1242
f 1242/1242/1242 1262/1262/1262 1263/1263/1263
f 1242/1242/1242 1263/1263/1263 1243/1243/1243
f 1243/1243/1243 1263/1263/1263 1264/1264/1264
f 1243/1243/1243 1264/1264/1264 1244/1244/1244
f 1244/1244/1244 1264/1264/1264 1265/1265/1265
f 1244/1244/1244 1265/1265/1265 1245/1245/1245
f 1245/1245/1245 1265/1265/1265 1266/1266/1266
f 1245/1245/1245 1266/1266/1266 1246/1246/1246
f 1246/1246/1246 1266/1266/1266 1267/1267/1267
f 1246/1246/1246 1267/1267/1267 1247/1247/1247
f 1247/1247/1247 1267/1267/1267 1268/1268/1268
f 1247/1247/1247 1268/1268/1268 1248/1248/1248
f 1248/1248/1248 1268/1268/1268 1269/1269/1269
f 1248/1248/1248 1269/1269/1269 1249/1249/1249
f 1249/1249/1249 1269/1269/1269 1270/1270/1270
f 1250/1250/1250 1271/1271/1271 1251/1251/1251
f 1251/1251/1251 1271/1271/1271 1272/1272/1272
f 1251/1251/1251 1272/1272/1272 1252/1252/1252
f 1252/1252/1252 1272/1272/1272 1273/1273/1273
f 1252/1252/1252 1273/1273/1273 1253/1253/1253
f 1253/1253/1253 1273/1273/1273 1274/1274/1274
f 1253/1253/1253 1274/1274/1274 1254/1254/1254
f 1254/1254/1254 1274/1274/1274 1275/1275/1275
f 1254/1254/1254 1275/1275/1275 1255/1255/1255
f 1255/1255/1255 1275/1275/1275 1276/1276/1276
f 1255/1255/1255 1276/1276/1276 1256/1256/1256
f 1256/1256/1256 1276/1276/1276 1277/1277/1277
f 1256/1256/1256 1277/1277/1277 1257/1257/1257
f 1257/1257/1257 1277/1277/1277 1278/1278/1278
f 1257/1257/1257 1278/1278/1278 1258/1258/1258
f 1258/1258/1258 1278/1278/1278 1279/1279/1279
f 1258/1258/1258 1279/1279/1279 1259/1259/1259
f 1259/1259/1259 1279/1279/1279 1280/1280/1280
f 1259/1259/1259 1280/1280/1280 1260/1260/1260
f 1260/1260/1260 1280/1280/1280 1281/1281/1281
f 1260/1260/1260 1281/1281/1281 1261/1261/1261
f 1261/1261/1261 1281/1281/1281 1282/1282/1282
f 1261/1261/1261 1282/1282/1282 1262/1262/1262
f 1262/1262/1262 1282/1282/1282 1283/1283/1283
f 1262/1262/1262 1283/1283/1283 1263/1263/1263
f 1263/1263/1263 1283/1283/1283 1284/1284/1284
f 1263/1263/1263 1284/1284/1284 1264/1264/1264
f 1264/1264/1264 1284/1284/1284 1285/1285/1285
f 1264/1264/1264 1285/1285/1285 1265/1265/1265
f 1265/1265/1265 1285/1285/1285 1286/1286/1286
f 1265/1265/1265 1286/1286/1286 1266/1266/1266
f 1266/1266/1266 1286/1286/1286 1287/1287/1287
f 1266/1266/1266 1287/1287/1287 1267/1267/1267
f 1267/1267/1267 1287/1287/1287 1288/1288/1288
f 1267/1267/1267 1288/1288/1288 1268/1268/1268
f 1268/1268/1268 1288/1288/1288 1289/1289/1289
f 1268/1268/1268 1289/1289/1289 1269/1269/1269
f 1269/1269/1269 1289/1289/1289 1290/1290/1290
f 1269/1269/1269 1290/1290/1290 1270/1270/1270
f 1270/1270/1270 1290/1290/1290 1291/1291/1291
f 1271/1271/1271 1292/1292/1292 1272/1272/1272
f 1272/1272/1272 1292/1292/1292 1293/1293/1293
f 1272/1272/1272 1293/1293/1293 1273/1273/1273
f 1273/1273/1273 1293/1293/1293 1294/1294/1294
f 1273/1273/1273 1294/1294/1294 1274/1274/1274
f 1274/1274/1274 1294/1294/1294 1295/1295/1295
f 1274/1274/1274 1295/1295/1295 1275/1275/1275
f 1275/1275/1275 1295/1295/1295 1296/1296/1296
f 1275/1275/1275 1296/1296/1296 1276/1276/1276
f 1276/1276/1276 1296/1296/1296 1297/1297/1297
f 1276/1276/1276 1297/1297/1297 1277/1277/1277
f 1277/1277/1277 1297/1297/1297 1298/1298/1298
f 1277/1277/1277 1298/1298/1298 1278/1278/1278
f 1278/1278/1278 1298/1298/1298 1299/1299/1299
f 1278/1278/1278 1299/1299/1299 1279/1279/1279
f 1279/1279/1279 1299/1299/1299 1300/1300/1300
f 1279/1279/1279 1300/1300/1300 1280/1280/1280
f 1280/1280/1280 1300/1300/1300 1301/1301/1301
f 1280/1280/1280 1301/1301/1301 1281/1281/1281
f 1281/1281/1281 1301/1301/1301 1302/1302/1302
f 1281/1281/1281 1302/1302/1302 1282/1282/1282
f 1282/1282/1282 1302/1302/1302 1303/1303/1303
f 1282/1282/1282 1303/1303/1303 1283/1283/1283
f 1283/1283/1283 1303/1303/1303 1304/1304/1304
f 1283/1283/1283 1304/1304/1304 1284/1284/1284
f 1284/1284/1284 1304/1304/1304 1305/1305/1305
f 1284/1284/1284 1305/1305/1305 1285/1285/1285
f 1285/1285/1285 1305/1305/1305 1306/1306/1306
f 1285/1285/1285 1306/1306/1306 1286/1286/1286
f 1286/1286/1286 1306/1306/1306 1307/1307/1307
f 1286/1286/1286 1307/1307/1307 1287/1287/1287
f 1287/1287/1287 1307/1307/1307 1308/1308/1308
f 1287/1287/1287 1308/1308/1308 1288/1288/1288
f 1288/1288/1288 1308/1308/1308 1309/1309/1309
f 1288/1288/1288 1309/1309/1309 1289/1289/1289
f 1289/1289/1289 1309/1309/1309 1310/1310/1310
f 1289/1289/1289 1310/1310/1310 1290/1290/1290
f 1290/1290/1290 1310/1310/1310 1311/1311/1311
f 1290/1290/1290 1311/1311/1311 1291/1291/1291
f 1291/1291/1291 1311/1311/1311 1312/1312/1312
f 1292/1292/1292 1313/1313/1313 1293/1293/1293
f 1293/1293/1293 1313/1313/1313 1314/1314/1314
f 1293/1293/1293 1314/1314/1314 1294/1294/1294
f 1294/1294/1294 1314/1314/1314 1315/1315/1315
f 1294/1294/1294 1315/1315/1315 1295/1295/1295
f 1295/1295/1295 1315/1315/1315 1316/1316/1316
f 1295/1295/1295 1316/1316/1316 1296/1296/1296
f 1296/1296/1296 1316/1316/1316 1317/1317/1317
f 1296/1296/1296 1317/1317/1317 1297/1297/1297
f 1297/1297/1297 1317/1317/1317 1318/1318/1318
f 1297/1297/1297 1318/1318/1318 1298/1298/1298
f 1298/1298/1298 1318/1318/1318 1319/1319/1319
f 1298/1298/1298 1319/1319/1319 1299/1299/1299
f 1299/1299/1299 1319/1319/1319 1320/1320/1320
f 1299/1299/1299 1320/1320/1320 1300/1300/1300
f 1300/1300/1300 1320/1320/1320 1321/1321/1321
f 1300/1300/1300 1321/1321/1321 1301/1301/1301
f 1301/1301/1301 1321/1321/1321 1322/1322/1322
f 1301/1301/1301 1322/1322/1322 1302/1302/1302
f 1302/1302/1302 1322/1322/1322 1323/1323/1323
f 1302/1302/1302 1323/1323/1323 1303/1303/1303
f 1303/1303/1303 1323/1323/1323 1324/1324/1324
f 1303/1303/1303 1324/1324/1324 1304/1304/1304
f 1304/1304/1304 1324/1324/1324 1325/1325/1325
f 1304/1304/1304 1325/1325/1325 1305/1305/1305
f 1305/1305/1305 1325/1325/1325 1326/1326/1326
f 1305/1305/1305 1326/1326/1326 1306/1306/1306
f 1306/1306/1306 1326/1326/1326 1327/1327/1327
f 1306/1306/1306 1327/1327/1327 1307/1307/1307
f 1307/1307/1307 1327/1327/1327 1328/1328/1328
f 1307/1307/1307 1328/1328/1328 1308/1308/1308
f 1308/1308/1308 1328/1328/1328 1329/1329/1329
f 1308/1308/1308 1329/1329/1329 1309/1309/1309
f 1309/1309/1309 1329/1329/1329 1330/1330/1330
f 1309/1309/1309 1330/1330/1330 1310/1310/1310
f 1310/1310/1310 1330/1330/1330 1331/1331/1331
f 1310/1310/1310 1331/1331/1331 1311/1311/1311
f 1311/1311/1311 1331/1331/1331 1332/1332/1332
f 1311/1311/1311 1332/1332/1332 1312/1312/1312
f 1312/1312/1312 1332/1332/1332 1333/1333/1333
f 1334/1334/1334 1355/1355/1355 1335/1335/1335
f 1335/1335/1335 1355/1355/1355 1356/1356/1356
f 1335/1335/1335 1356/1356/1356 1336/1336/1336
f 1336/1336/1336 1356/1356/1356 1357/1357/1357
f 1336/1336/1336 1357/1357/1357 1337/1337/1337
f 1337/1337/1337 1357/1357/1357 1358/1358/1358
f 1337/1337/1337 1358/1358/1358 1338/1338/1338
f 1338/1338/1338 1358/1358/1358 1359/1359/1359
f 1338/1338/1338 1359/1359/1359 1339/1339/1339
f 1339/1339/1339 1359/1359/1359 1360/1360/1360
f 1339/1339/1339 1360/1360/1360 1340/1340/1340
f 1340/1340/1340 1360/1360/1360 1361/1361/1361
f 1340/1340/1340 1361/1361/1361 1341/1341/1341
f 1341/1341/1341 1361/1361/1361 1362/1362/1362
f 1341/1341/1341 1362/1362/1362 1342/1342/1342
f 1342/1342/1342 1362/1362/1362 1363/1363/1363
f 1342/1342/1342 1363/1363/1363 1343/1343/1343
f 1343/1343/1343 1363/1363/1363 1364/1364/1364
f 1343/1343/1343 1364/1364/1364 1344/1344/1344
f 1344/1344/1344 1364/1364/1364 1365/1365/1365
f 1344/1344/1344 1365/1365/1365 1345/1345/1345
f 1345/1345/1345 1365/1365/1365 1366/1366/1366
f 1345/1345/1345 1366/1366/1366 1346/1346/1346
f 1346/1346/1346 1366/1366/1366 1367/1367/1367
f 1346/1346/1346 1367/1367/1367 1347/1347/1347
f 1347/1347/1347 1367/1367/1367 1368/1368/1368
f 1347/1347/1347 1368/1368/1368 1348/1348/1348
f 1348/1348/1348 1368/1368/1368 1369/1369/1369
f 1348/1348/1348 1369/1369/1369 1349/1349/1349
f 1349/1349/1349 1369/1369/1369 1370/1370/1370
f 1349/1349/1349 1370/1370/1370 1350/1350/1350
f 1350/1350/1350 1370/1370/1370 1371/1371/1371
f 1350/1350/1350 1371/1371/1371 1351/1351/1351
f 1351/1351/1351 1371/1371/1371 1372/1372/1372
f 1351/1351/1351 1372/1372/1372 1352/1352/1352
f 1352/1352/1352 1372/1372/1372 1373/1373/1373
f 1352/1352/1352 1373/1373/1373 1353/1353/1353
f 1353/1353/1353 1373/1373/1373 1374/1374/1374
f 1353/1353/1353 1374/1374/1374 1354/1354/1354
f 1354/1354/1354 1374/1374/1374 1375/1375/1375
f 1355/1355/1355 1376/1376/1376 1356/1356/1356
f 1356/1356/1356 1376/1376/1376 1377/1377/1377
f 1356/1356/1356 1377/1377/1377 1357/1357/1357
f 1357/1357/1357 1377/1377/1377 1378/1378/1378
f 1357/1357/1357 1378/1378/1378 1358/1358/1358
f 1358/1358/1358 1378/1378/1378 1379/1379/1379
f 1358/1358/1358 1379/1379/1379 1359/1359/1359
f 1359/1359/1359 1379/1379/1379 1380/1380/1380
f 1359/1359/1359 1380/1380/1380 1360/1360/1360
f 1360/1360/1360 1380/1380/1380 1381/1381/1381
f 1360/1360/1360 1381/1381/1381 1361/1361/1361
f 1361/1361/1361 1381/1381/1381 1382/1382/1382
f 1361/1361/1361 1382/1382/1382 1362/1362/1362
f 1362/1362/1362 1382/1382/1382 1383/1383/1383
f 1362/1362/1362 1383/1383/1383 1363/1363/1363
f 1363/1363/1363 1383/1383/1383 1384/1384/1384
f 1363/1363/1363 1384/1384/1384 1364/1364/1364
f 1364/1364/1364 1384/1384/1384 1385/1385/1385
f 1364/1364/1364 1385/1385/1385 1365/1365/1365
f 1365/1365/1365 1385/1385/1385 1386/1386/1386
f 1365/1365/1365 1386/1386/1386 1366/1366/1366
f 1366/1366/1366 1386/1386/1386 1387/1387/1387
f 1366/1366/1366 1387/1387/1387 1367/1367/1367
f 1367/1367/1367 1387/1387/1387 1388/1388/1388
f 1367/1367/1367 1388/1388/1388 1368/1368/1368
f 1368/1368/1368 1388/1388/1388 1389/1389/1389
f 1368/1368/1368 1389/1389/1389 1369/1369/1369
f 1369/1369/1369 1389/1389/1389 1390/1390/1390
f 1369/1369/1369 1390/1390/1390 1370/1370/1370
f 1370/1370/1370 1390/1390/1390 1391/1391/1391
f 1370/1370/1370 1391/1391/1391 1371/1371/1371
f 1371/1371/1371 1391/1391/1391 1392/1392/1392
f 1371/1371/1371 1392/1392/1392 1372/1372/1372
f 1372/1372/1372 1392/1392/1392 1393/1393/1393
f 1372/1372/1372 1393/1393/1393 1373/1373/1373
f 1373/1373/1373 1393/1393/1393 1394/1394/1394
f 1373/1373/1373 1394/1394/1394 1374/1374/1374
f 1374/1374/1374 1394/1394/1394 1395/1395/1395
f 1374/1374/1374 1395/1395/1395 1375/1375/1375
f 1375/1375/1375 1395/1395/1395 1396/1396/1396
f 1376/1376/1376 1397/1397/1397 1377/1377/1377
f 1377/1377/1377 1397/1397/1397 1398/1398/1398
f 1377/1377/1377 1398/1398/1398 1378/1378/1378
f 1378/1378/1378 1398/1398/1398 1399/1399/1399
f 1378/1378/1378 1399/1399/1399 1379/1379/1379
f 1379/1379/1379 1399/1399/1399 1400/1400/1400
f 1379/1379/1379 1400/1400/1400 1380/1380/1380
f 1380/1380/1380 1400/1400/1400 1401/1401/1401
f 1380/1380/1380 1401/1401/1401 1381/1381/1381
f 1381/1381/1381 1401/1401/1401 1402/1402/1402
f 1381/1381/1381 1402/1402/1402 1382/1382/1382
f 1382/1382/1382 1402/1402/1402 1403/1403/1403
f 1382/1382/1382 1403/1403/1403 1383/1383/1383
f 1383/1383/1383 1403/1403/1403 1404/1404/1404
f 1383/1383/1383 1404/1404/1404 1384/1384/1384
f 1384/1384/1384 1404/1404/1404 1405/1405/1405
f 1384/1384/1384 1405/1405/1405 1385/1385/1385
f 1385/1385/1385 1405/1405/1405 1406/1406/1406
f 1385/1385/1385 1406/1406/1406 1386/1386/1386
f 1386/1386/1386 1406/1406/1406 1407/1407/1407
f 1386/1386/1386 1407/1407/1407 1387/1387/1387
f 1387/1387/1387 1407/1407/1407 1408/1408/1408
f 1387/1387/1387 1408/1408/1408 1388/1388/1388
f 1388/1388/1388 1408/1408/1408 1409/1409/1409
f 1388/1388/1388 1409/1409/1409 1389/1389/1389
f 1389/1389/1389 1409/1409/1409 1410/1410/1410
f 1389/1389/1389 1410/1410/1410 1390/1390/1390
f 1390/1390/1390 1410/1410/1410 1411/1411/1411
f 1390/1390/1390 1411/1411/1411 1391/1391/1391
f 1391/1391/1391 1411/1411/1411 1412/1412/1412
f 1391/1391/1391 1412/1412/1412 1392/1392/1392
f 1392/1392/1392 1412/1412/1412 1413/1413/1413
f 1392/1392/1392 1413/1413/1413 1393/1393/1393
f 1393/1393/1393 1413/1413/1413 1414/1414/1414
f 1393/1393/1393 1414/1414/1414 1394/1394/1394
f 1394/1394/1394 1414/1414/1414 1415/1415/1415
f 1394/1394/1394 1415/1415/1415 1395/1395/1395
f 1395/1395/1395 1415/1415/1415 1416/1416/1416
f 1395/1395/1395 1416/1416/1416 1396/1396/1396
f 1396/1396/1396 1416/1416/1416 1417/1417/1417
f 1397/1397/1397 1418/1418/1418 1398/1398/1398
f 1398/1398/1398 1418/1418/1418 1419/1419/1419
f 1398/1398/1398 1419/1419/1419 1399/1399/1399
f 1399/1399/1399 1419/1419/1419 1420/1420/1420
f 1399/1399/1399 1420/1420/1420 1400/1400/1400
f 1400/1400/1400 1420/1420/1420 1421/1421/1421
f 1400/1400/1400 1421/1421/1421 1401/1401/1401
f 1401/1401/1401 1421/1421/1421 1422/1422/1422
f 1401/1401/1401 1422/1422/1422 1402/1402/1402
f 1402/1402/1402 1422/1422/1422 1423/1423/1423
f 1402/1402/1402 1423/1423/1423 1403/1403/1403
f 1403/1403/1403 1423/1423/1423 1424/1424/1424
f 1403/1403/1403 1424/1424/1424 1404/1404/1404
f 1404/1404/1404 1424/1424/1424 1425/1425/1425
f 1404/1404/1404 1425/1425/1425 1405/1405/1405
f 1405/1405/1405 1425/1425/1425 1426/1426/1426
f 1405/1405/1405 1426/1426/1426 1406/1406/1406
f 1406/1406/1406 1426/1426/1426 1427/1427/1427
f 1406/1406/1406 1427/1427/1427 1407/1407/1407
f 1407/1407/1407 1427/1427/1427 1428/1428/1428
f 1407/1407/1407 1428/1428/1428 1408/1408/1408
f 1408/1408/1408 1428/1428/1428 1429/1429/1429
f 1408/1408/1408 1429/1429/1429 1409/1409/1409
f 1409/1409/1409 1429/1429/1429 1430/1430/1430
f 1409/1409/1409 1430/1430/1430 1410/1410/1410
f 1410/1410/1410 1430/1430/1430 1431/1431/1431
f 1410/1410/1410 1431/1431/1431 1411/1411/1411
f 1411/1411/1411 1431/1431/1431 1432/1432/1432
f 1411/1411/1411 1432/1432/1432 1412/1412/1412
f 1412/1412/1412 1432/1432/1432 1433/1433/1433
f 1412/1412/1412 1433/1433/1433 1413/1413/1413
f 1413/1413/1413 1433/1433/1433 1434/1434/1434
f 1413/1413/1413 1434/1434/1434 1414/1414/1414
f 1414/1414/1414 1434/1434/1434 1435/1435/1435
f 1414/1414/1414 1435/1435/1435 1415/1415/1415
f 1415/1415/1415 1435/1435/1435 1436/1436/1436
f 1415/1415/1415 1436/1436/1436 1416/1416/1416
f 1416/1416/1416 1436/1436/1436 1437/1437/1437
f 1416/1416/1416 1437/1437/1437 1417/1417/1417
f 1417/1417/1417 1437/1437/1437 1438/1438/1438
f 1418/1418/1418 1439/1439/1439 1419/1419/1419
f 1419/1419/1419 1439/1439/1439 1440/1440/1440
f 1419/1419/1419 1440/1440/1440 1420/1420/1420
f 1420/1420/1420 1440/1440/1440 1441/1441/1441
f 1420/1420/1420 1441/1441/1441 1421/1421/1421
f 1421/1421/1421 1441/1441/1441 1442/1442/1442
f 1421/1421/1421 1442/1442/1442 1422/1422/1422
f 1422/1422/1422 1442/1442/1442 1443/1443/1443
f 1422/1422/1422 1443/1443/1443 1423/1423/1423
f 1423/1423/1423 1443/1443/1443 1444/1444/1444
f 1423/1423/1423 1444/1444/1444 1424/1424/1424
f 1424/1424/1424 1444/1444/1444 1445/1445/1445
f 1424/1424/1424 1445/1445/1445 1425/1425/1425
f 1425/1425/1425 1445/1445/1445 1446/1446/1446
f 1425/1425/1425 1446/1446/1446 1426/1426/1426
f 1426/1426/1426 1446/1446/1446 1447/1447/1447
f 1426/1426/1426 1447/1447/1447 1427/1427/1427
f 1427/1427/1427 1447/1447/1447 1448/1448/1448
f 1427/1427/1427 1448/1448/1448 1428/1428/1428
f 1428/1428/1428 1448/1448/1448 1449/1449/1449
f 1428/1428/1428 1449/1449/1449 1429/1429/1429
f 1429/1429/1429 1449/1449/1449 1450/1450/1450
f 1429/1429/1429 1450/1450/1450 1430/1430/1430
f 1430/1430/1430 1450/1450/1450 1451/1451/1451
f 1430/1430/1430 1451/1451/1451 1431/1431/1431
f 1431/1431/1431 1451/1451/1451 1452/1452/1452
f 1431/1431/1431 1452/1452/1452 1432/1432/1432
f 1432/1432/1432 1452/1452/1452 1453/1453/1453
f 1432/1432/1432 1453/1453/1453 1433/1433/1433
f 1433/1433/1433 1453/1453/1453 1454/1454/1454
f 1433/1433/1433 1454/1454/1454 1434/1434/1434
f 1434/1434/1434 1454/1454/1454 1455/1455/1455
f 1434/1434/1434 1455/1455/1455 1435/1435/1435
f 1435/1435/1435 1455/1455/1455 1456/1456/1456
f 1435/1435/1435 1456/1456/1456 1436/1436/1436
f 1436/1436/1436 1456/1456/1456 1457/1457/1457
f 1436/1436/1436 1457/1457/1457 1437/1437/1437
f 1437/1437/1437 1457/1457/1457 1458/1458/1458
f 1437/1437/1437 1458/1458/1458 1438/1438/1438
f 1438/1438/1438 1458/1458/1458 1459/1459/1459
f 1439/1439/1439 1460/1460/1460 1440/1440/1440
f 1440/1440/1440 1460/1460/1460 1461/1461/1461
f 1440/1440/1440 1461/1461/1461 1441/1441/1441
f 1441/1441/1441 1461/1461/1461 1462/1462/1462
f 1441/1441/1441 1462/1462/1462 1442/1442/1442
f 1442/1442/1442 1462/1462/1462 1463/1463/1463
f 1442/1442/1442 1463/1463/1463 1443/1443/1443
f 1443/1443/1443 1463/1463/1463 1464/1464/1464
f 1443/1443/1443 1464/1464/1464 1444/1444/1444
f 1444/1444/1444 1464/1464/1464 1465/1465/1465
f 1444/1444/1444 1465/1465/1465 1445/1445/1445
f 1445/1445/1445 1465/1465/1465 1466/1466/1466
f 1445/1445/1445 1466/1466/1466 1446/1446/1446
f 1446/1446/1446 1466/1466/1466 1467/1467/1467
f 1446/1446/1446 1467/1467/1467 1447/1447/1447
f 1447/1447/1447 1467/1467/1467 1468/1468/1468
f 1447/1447/1447 1468/1468/1468 1448/1448/1448
f 1448/1448/1448 1468/1468/1468 1469/1469/1469
f 1448/1448/1448 1469/1469/1469 1449/1449/1449
f 1449/1449/1449 1469/1469/1469 1470/1470/1470
f 1449/1449/1449 1470/1470/1470 1450/1450/1450
f 1450/1450/1450 1470/1470/1470 1471/1471/1471
f 1450/1450/1450 1471/1471/1471 1451/1451/1451
f 1451/1451/1451 1471/1471/1471 1472/1472/1472
f 1451/1451/1451 1472/1472/1472 1452/1452/1452
f 1452/1452/1452 1472/1472/1472 1473/1473/1473
f 1452/1452/1452 1473/1473/1473 1453/1453/1453
f 1453/1453/1453 1473/1473/1473 1474/1474/1474
f 1453/1453/1453 1474/1474/1474 1454/1454/1454
f 1454/1454/1454 1474/1474/1474 1475/1475/1475
f 1454/1454/1454 1475/1475/1475 1455/1455/1455
f 1455/1455/1455 1475/1475/1475 1476/1476/1476
f 1455/1455/1455 1476/1476/1476 1456/1456/1456
f 1456/1456/1456 1476/1476/1476 1477/1477/1477
f 1456/1456/1456 1477/1477/1477 1457/1457/1457
f 1457/1457/1457 1477/1477/1477 1478/1478/1478
f 1457/1457/1457 1478/1478/1478 1458/1458/1458
f 1458/1458/1458 1478/1478/1478 1479/1479/1479
f 1458/1458/1458 1479/1479/1479 1459/1459/1459
f 1459/1459/1459 1479/1479/1479 1480/1480/1480
f 1460/1460/1460 1481/1481/1481 1461/1461/1461
f 1461/1461/1461 1481/1481/1481 1482/1482/1482
f 1461/1461/1461 1482/1482/1482 1462/1462/1462
f 1462/1462/1462 1482/1482/1482 1483/1483/1483
f 1462/1462/1462 1483/1483/1483 1463/1463/1463
f 1463/1463/1463 1483/1483/1483 1484/1484/1484
f 1463/1463/1463 1484/1484/1484 1464/1464/1464
f 1464/1464/1464 1484/1484/1484 1485/1485/1485
f 1464/1464/1464 1485/1485/1485 1465/1465/1465
f 1465/1465/1465 1485/1485/1485 1486/1486/1486
f 1465/1465/1465 1486/1486/1486 1466/1466/1466
f 1466/1466/1466 1486/1486/1486 1487/1487/1487
f 1466/1466/1466 1487/1487/1487 1467/1467/1467
f 1467/1467/1467 1487/1487/1487 1488/1488/1488
f 1467/1467/1467 1488/1488/1488 1468/1468/1468
f 1468/1468/1468 1488/1488/1488 1489/1489/1489
f 1468/1468/1468 1489/1489/1489 1469/1469/1469
f 1469/1469/1469 1489/1489/1489 1490/1490/1490
f 1469/1469/1469 1490/1490/1490 1470/1470/1470
f 1470/1470/1470 1490/1490/1490 1491/1491/1491
f 1470/1470/1470 1491/1491/1491 1471/1471/1471
f 1471/1471/1471 1491/1491/1491 1492/1492/1492
f 1471/1471/1471 1492/1492/1492 1472/1472/1472
f 1472/1472/1472 1492/1492/1492 1493/1493/1493
f 1472/1472/1472 1493/1493/1493 1473/1473/1473
f 1473/1473/1473 1493/1493/1493 1494/1494/1494
f 1473/1473/1473 1494/1494/1494 1474/1474/1474
f 1474/1474/1474 1494/1494/1494 1495/1495/1495
f 1474/1474/1474 1495/1495/1495 1475/1475/1475
f 1475/1475/1475 1495/1495/1495 1496/1496/1496
f 1475/1475/1475 1496/1496/1496 1476/1476/1476
f 1476/1476/1476 1496/1496/1496 1497/1497/1497
f 1476/1476/1476 1497/1497/1497 1477/1477/1477
f 1477/1477/1477 1497/1497/1497 1498/1498/1498
f 1477/1477/1477 1498/1498/1498 1478/1478/1478
f 1478/1478/1478 1498/1498/1498 1499/1499/1499
f 1478/1478/1478 1499/1499/1499 1479/1479/1479
f 1479/1479/1479 1499/1499/1499 1500/1500/1500
f 1479/1479/1479 1500/1500/1500 1480/1480/1480
f 1480/1480/1480 1500/1500/1500 1501/1501/1501
f 1481/1481/1481 1502/1502/1502 1482/1482/1482
f 1482/1482/1482 1502/1502/1502 1503/1503/1503
f 1482/1482/1482 1503/1503/1503 1483/1483/1483
f 1483/1483/1483 1503/1503/1503 1504/1504/1504
f 1483/1483/1483 1504/1504/1504 1484/1484/1484
f 1484/1484/1484 1504/1504/1504 1505/1505/1505
f 1484/1484/1484 1505/1505/1505 1485/1485/1485
f 1485/1485/1485 1505/1505/1505 1506/1506/1506
f 1485/1485/1485 1506/1506/1506 1486/1486/1486
f 1486/1486/1486 1506/1506/1506 1507/1507/1507
f 1486/1486/1486 1507/1507/1507 1487/1487/1487
f 1487/1487/1487 1507/1507/1507 1508/1508/1508
f 1487/1487/1487 1508/1508/1508 1488/1488/1488
f 1488/1488/1488 1508/1508/1508 1509/1509/1509
f 1488/1488/1488 1509/1509/1509 1489/1489/1489
f 1489/1489/1489 1509/1509/1509 1510/1510/1510
f 1489/1489/1489 1510/1510/1510 1490/1490/1490
f 1490/1490/1490 1510/1510/1510 1511/1511/1511
f 1490/1490/1490 1511/1511/1511 1491/1491/1491
f 1491/1491/1491 1511/1511/1511 1512/1512/1512
f 1491/1491/1491 1512/1512/1512 1492/1492/1492
f 1492/1492/1492 1512/1512/1512 1513/1513/1513
f 1492/1492/1492 1513/1513/1513 1493/1493/1493
f 1493/1493/1493 1513/1513/1513 1514/1514/1514
f 1493/1493/1493 1514/1514/1514 1494/1494/1494
f 1494/1494/1494 1514/1514/1514 1515/1515/1515
f 1494/1494/1494 1515/1515/1515 1495/1495/1495
f 1495/1495/1495 1515/1515/1515 1516/1516/1516
f 1495/1495/1495 1516/1516/1516 1496/1496/1496
f 1496/1496/1496 1516/1516/1516 1517/1517/1517
f 1496/1496/1496 1517/1517/1517 1497/1497/1497
f 1497/1497/1497 1517/1517/1517 1518/1518/1518
f 1497/1497/1497 1518/1518/1518 1498/1498/1498
f 1498/1498/1498 1518/1518/1518 1519/1519/1519
f 1498/1498/1498 1519/1519/1519 1499/1499/1499
f 1499/1499/1499 1519/1519/1519 1520/1520/1520
f 1499/1499/1499 1520/1520/1520 1500/1500/1500
f 1500/1500/1500 1520/1520/1520 1521/1521/1521
f 1500/1500/1500 1521/1521/1521 1501/1501/1501
f 1501/1501/1501 1521/1521/1521 1522/1522/1522
f 1523/1523/1523 1544/1544/1544 1524/1524/1524
f 1524/1524/1524 1544/1544/1544 1545/1545/1545
f 1524/1524/1524 1545/1545/1545 1525/1525/1525
f 1525/1525/1525 1545/1545/1545 1546/1546/1546
f 1525/1525/1525 1546/1546/1546 1526/1526/1526
f 1526/1526/1526 1546/1546/1546 1547/1547/1547
f 1526/1526/1526 1547/1547/1547 1527/1527/1527
f 1527/1527/1527 1547/1547/1547 1548/1548/1548
f 1527/1527/1527 1548/1548/1548 1528/1528/1528
f 1528/1528/1528 1548/1548/1548 1549/1549/1549
f 1528/1528/1528 1549/1549/1549 1529/1529/1529
f 1529/1529/1529 1549/1549/1549 1550/1550/1550
f 1529/1529/1529 1550/1550/1550 1530/1530/1530
f 1530/1530/1530 1550/1550/1550 1551/1551/1551
f 1530/1530/1530 1551/1551/1551 1531/1531/1531
f 1531/1531/1531 1551/1551/1551 1552/1552/1552
f 1531/1531/1531 1552/1552/1552 1532/1532/1532
f 1532/1532/1532 1552/1552/1552 1553/1553/1553
f 1532/1532/1532 1553/1553/1553 1533/1533/1533
f 1533/1533/1533 1553/1553/1553 1554/1554/1554
f 1533/1533/1533 1554/1554/1554 1534/1534/1534
f 1534/1534/1534 1554/1554/1554 1555/1555/1555
f 1534/1534/1534 1555/1555/1555 1535/1535/1535
f 1535/1535/1535 1555/1555/1555 1556/1556/1556
f 1535/1535/1535 1556/1556/1556 1536/1536/1536
f 1536/1536/1536 1556/1556/1556 1557/1557/1557
f 1536/1536/1536 1557/1557/1557 1537/1537/1537
f 1537/1537/1537 1557/1557/1557 1558/1558/1558
f 1537/1537/1537 1558/1558/1558 1538/1538/1538
f 1538/1538/1538 1558/1558/1558 1559/1559/1559
f 1538/1538/1538 1559/1559/1559 1539/1539/1539
f 1539/1539/1539 1559/1559/1559 1560/1560/1560
f 1539/1539/1539 1560/1560/1560 1540/1540/1540
f 1540/1540/1540 1560/1560/1560 1561/1561/1561
f 1540/1540/1540 1561/1561/1561 1541/1541/1541
f 1541/1541/1541 1561/1561/1561 1562/1562/1562
f 1541/1541/1541 1562/1562/1562 1542/1542/1542
f 1542/1542/1542 1562/1562/1562 1563/1563/1563
f 1542/1542/1542 1563/1563/1563 1543/1543/1543
f 1543/1543/1543 1563/1563/1563 1564/1564/1564
f 1544/1544/1544 1565/1565/1565 1545/1545/1545
f 1545/1545/1545 1565/1565/1565 1566/1566/1566
f 1545/1545/1545 1566/1566/1566 1546/1546/1546
f 1546/1546/1546 1566/1566/1566 1567/1567/1567
f 1546/1546/1546 1567/1567/1567 1547/1547/1547
f 1547/1547/1547 1567/1567/1567 1568/1568/1568
f 1547/1547/1547 1568/1568/1568 1548/1548/1548
f 1548/1548/1548 1568/1568/1568 1569/1569/1569
f 1548/1548/1548 1569/1569/1569 1549/1549/1549
f 1549/1549/1549 1569/1569/1569 1570/1570/1570
f 1549/1549/1549 1570/1570/1570 1550/1550/1550
f 1550/1550/1550 1570/1570/1570 1571/1571/1571
f 1550/1550/1550 1571/1571/1571 1551/1551/1551
f 1551/1551/1551 1571/1571/1571 1572/1572/1572
f 1551/1551/1551 1572/1572/1572 1552/1552/1552
f 1552/1552/1552 1572/1572/1572 1573/1573/1573
f 1552/1552/1552 1573/1573/1573 1553/1553/1553
f 1553/1553/1553 1573/1573/1573 1574/1574/1574
f 1553/1553/1553 1574/1574/1574 1554/1554/1554
f 1554/1554/1554 1574/1574/1574 1575/1575/1575
f 1554/1554/1554 1575/1575/1575 1555/1555/1555
f 1555/1555/1555 1575/1575/1575 1576/1576/1576
f 1555/1555/1555 1576/1576/1576 1556/1556/1556
f 1556/1556/1556 1576/1576/1576 1577/1577/1577
f 1556/1556/1556 1577/1577/1577 1557/1557/1557
f 1557/1557/1557 1577/1577/1577 1578/1578/1578
f 1557/1557/1557 1578/1578/1578 1558/1558/1558
f 1558/1558/1558 1578/1578/1578 1579/1579/1579
f 1558/1558/1558 1579/1579/1579 1559/1559/1559
f 1559/1559/1559 1579/1579/1579 1580/1580/1580
f 1559/1559/1559 1580/1580/1580 1560/1560/1560
f 1560/1560/1560 1580/1580/1580 1581/1581/1581
f 1560/1560/1560 1581/1581/1581 1561/1561/1561
f 1561/1561/1561 1581/1581/1581 1582/1582/1582
f 1561/1561/1561 1582/1582/1582 1562/1562/1562
f 1562/1562/1562 1582/1582/1582 1583/1583/1583
f 1562/1562/1562 1583/1583/1583 1563/1563/1563
f 1563/1563/1563 1583/1583/1583 1584/1584/1584
f 1563/1563/1563 1584/1584/1584 1564/1564/1564
f 1564/1564/1564 1584/1584/1584 1585/1585/1585
f 1565/1565/1565 1586/1586/1586 1566/1566/1566
f 1566/1566/1566 1586/1586/1586 1587/1587/1587
f 1566/1566/1566 1587/1587/1587 1567/1567/1567
f 1567/1567/1567 1587/1587/1587 1588/1588/1588
f 1567/1567/1567 1588/1588/1588 1568/1568/1568
f 1568/1568/1568 1588/1588/1588 1589/1589/1589
f 1568/1568/1568 1589/1589/1589 1569/1569/1569
f 1569/1569/1569 1589/1589/1589 1590/1590/1590
f 1569/1569/1569 1590/1590/1590 1570/1570/1570
f 1570/1570/1570 1590/1590/1590 1591/1591/1591
f 1570/1570/1570 1591/1591/1591 1571/1571/1571
f 1571/1571/1571 1591/1591/1591 1592/1592/1592
f 1571/1571/1571 1592/1592/1592 1572/1572/1572
f 1572/1572/1572 1592/1592/1592 1593/1593/1593
f 1572/1572/1572 1593/1593/1593 1573/1573/1573
f 1573/1573/1573 1593/1593/1593 1594/1594/1594
f 1573/1573/1573 1594/1594/1594 1574/1574/1574
f 1574/1574/1574 1594/1594/1594 1595/1595/1595
f 1574/1574/1574 1595/1595/1595 1575/1575/1575
f 1575/1575/1575 1595/1595/1595 1596/1596/1596
f 1575/1575/1575 1596/1596/1596 1576/1576/1576
f 1576/1576/1576 1596/1596/1596 1597/1597/1597
f 1576/1576/1576 1597/1597/1597 1577/1577/1577
f 1577/1577/1577 1597/1597/1597 1598/1598/1598
f 1577/1577/1577 1598/1598/1598 1578/1578/1578
f 1578/1578/1578 1598/1598/1598 1599/1599/1599
f 1578/1578/1578 1599/1599/1599 1579/1579/1579
f 1579/1579/1579 1599/1599/1599 1600/1600/1600
f 1579/1579/1579 1600/1600/1600 1580/1580/1580
f 1580/1580/1580 1600/1600/1600 1601/1601/1601
f 1580/1580/1580 1601/1601/1601 1581/1581/1581
f 1581/1581/1581 1601/1601/1601 1602/1602/1602
f 1581/1581/1581 1602/1602/1602 1582/1582/1582
f 1582/1582/1582 1602/1602/1602 1603/1603/1603
f 1582/1582/1582 1603/1603/1603 1583/1583/1583
f 1583/1583/1583 1603/1603/1603 1604/1604/1604
f 1583/1583/1583 1604/1604/1604 1584/1584/1584
f 1584/1584/1584 1604/1604/1604 1605/1605/1605
f 1584/1584/1584 1605/1605/1605 1585/1585/1585
f 1585/1585/1585 1605/1605/1605 1606/1606/1606
f 1586/1586/1586 1607/1607/1607 1587/1587/1587
f 1587/1587/1587 1607/1607/1607 1608/1608/1608
f 1587/1587/1587 1608/1608/1608 1588/1588/1588
f 1588/1588/1588 1608/1608/1608 1609/1609/1609
f 1588/1588/1588 1609/1609/1609 1589/1589/1589
f 1589/1589/1589 1609/1609/1609 1610/1610/1610
f 1589/1589/1589 1610/1610/1610 1590/1590/1590
f 1590/1590/1590 1610/1610/1610 1611/1611/1611
f 1590/1590/1590 1611/1611/1611 1591/1591/1591
f 1591/1591/1591 1611/1611/1611 1612/1612/1612
f 1591/1591/1591 1612/1612/1612 1592/1592/1592
f 1592/1592/1592 1612/1612/1612 1613/1613/1613
f 1592/1592/1592 1613/1613/1613 1593/1593/1593
f 1593/1593/1593 1613/1613/1613 1614/1614/1614
f 1593/1593/1593 1614/1614/1614 1594/1594/1594
f 1594/1594/1594 1614/1614/1614 1615/1615/1615
f 1594/1594/1594 1615/1615/1615 1595/1595/1595
f 1595/1595/1595 1615/1615/1615 1616/1616/1616
f 1595/1595/1595 1616/1616/1616 1596/1596/1596
f 1596/1596/1596 1616/1616/1616 1617/1617/1617
f 1596/1596/1596 1617/1617/1617 1597/1597/1597
f 1597/1597/1597 1617/1617/1617 1618/1618/1618
f 1597/1597/1597 1618/1618/1618 1598/1598/1598
f 1598/1598/1598 1618/1618/1618 1619/1619/1619
f 1598/1598/1598 1619/1619/1619 1599/1599/1599
f 1599/1599/1599 1619/1619/1619 1620/1620/1620
f 1599/1599/1599 1620/1620/1620 1600/1600/1600
f 1600/1600/1600 1620/1620/1620 1621/1621/1621
f 1600/1600/1600 1621/1621/1621 1601/1601/1601
f 1601/1601/1601 1621/1621/1621 1622/1622/1622
f 1601/1601/1601 1622/1622/1622 1602/1602/1602
f 1602/1602/1602 1622/1622/1622 1623/1623/1623
f 1602/1602/1602 1623/1623/1623 1603/1603/1603
f 1603/1603/1603 1623/1623/1623 1624/1624/1624
f 1603/1603/1603 1624/1624/1624 1604/1604/1604
f 1604/1604/1604 1624/1624/1624 1625/1625/1625
f 1604/1604/1604 1625/1625/1625 1605/1605/1605
f 1605/1605/1605 1625/1625/1625 1626/1626/1626
f 1605/1605/1605 1626/1626/1626 1606/1606/1606
f 1606/1606/1606 1626/1626/1626 1627/1627/1627
f 1607/1607/1607 1628/1628/1628 1608/1608/1608
f 1608/1608/1608 1628/1628/1628 1629/1629/1629
f 1608/1608/1608 1629/1629/1629 1609/1609/1609
f 1609/1609/1609 1629/1629/1629 1630/1630/1630
f 1609/1609/1609 1630/1630/1630 1610/1610/1610
f 1610/1610/1610 1630/1630/1630 1631/1631/1631
f 1610/1610/1610 1631/1631/1631 1611/1611/1611
f 1611/1611/1611 1631/1631/1631 1632/1632/1632
f 1611/1611/1611 1632/1632/1632 1612/1612/1612
f 1612/1612/1612 1632/1632/1632 1633/1633/1633
f 1612/1612/1612 1633/1633/1633 1613/1613/1613
f 1613/1613/1613 1633/1633/1633 1634/1634/1634
f 1613/1613/1613 1634/1634/1634 1614/1614/1614
f 1614/1614/1614 1634/1634/1634 1635/1635/1635
f 1614/1614/1614 1635/1635/1635 1615/1615/1615
f 1615/1615/1615 1635/1635/1635 1636/1636/1636
f 1615/1615/1615 1636/1636/1636 1616/1616/1616
f 1616/1616/1616 1636/1636/1636 1637/1637/1637
f 1616/1616/1616 1637/1637/1637 1617/1617/1617
f 1617/1617/1617 1637/1637/1637 1638/1638/1638
f 1617/1617/1617 1638/1638/1638 1618/1618/1618
f 1618/1618/1618 1638/1638/1638 1639/1639/1639
f 1618/1618/1618 1639/1639/1639 1619/1619/1619
f 1619/1619/1619 1639/1639/1639 1640/1640/1640
f 1619/1619/1619 1640/1640/1640 1620/1620/1620
f 1620/1620/1620 1640/1640/1640 1641/1641/1641
f 1620/1620/1620 1641/1641/1641 1621/1621/1621
f 1621/1621/1621 1641/1641/1641 1642/1642/1642
f 1621/1621/1621 1642/1642/1642 1622/1622/1622
f 1622/1622/1622 1642/1642/1642 1643/1643/1643
f 1622/1622/1622 1643/1643/1643 1623/1623/1623
f 1623/1623/1623 1643/1643/1643 1644/1644/1644
f 1623/1623/1623 1644/1644/1644 1624/1624/1624
f 1624/1624/1624 1644/1644/1644 1645/1645/1645
f 1624/1624/1624 1645/1645/1645 1625/1625/1625
f 1625/1625/1625 1645/1645/1645 1646/1646/1646
f 1625/1625/1625 1646/1646/1646 1626/1626/1626
f 1626/1626/1626 1646/1646/1646 1647/1647/1647
f 1626/1626/1626 1647/1647/1647 1627/1627/1627
f 1627/1627/1627 1647/1647/1647 1648/1648/1648
f 1628/1628/1628 1649/1649/1649 1629/1629/1629
f 1629/1629/1629 1649/1649/1649 1650/1650/1650
f 1629/1629/1629 1650/1650/1650 1630/1630/1630
f 1630/1630/1630 1650/1650/1650 1651/1651/1651
f 1630/1630/1630 1651/1651/1651 1631/1631/1631
f 1631/1631/1631 1651/1651/1651 1652/1652/1652
f 1631/1631/1631 1652/1652/1652 1632/1632/1632
f 1632/1632/1632 1652/1652/1652 1653/1653/1653
f 1632/1632/1632 1653/1653/1653 1633/1633/1633
f 1633/1633/1633 1653/1653/1653 1654/1654/1654
f 1633/1633/1633 1654/1654/1654 1634/1634/1634
f 1634/1634/1634 1654/1654/1654 1655/1655/1655
f 1634/1634/1634 1655/1655/1655 1635/1635/1635
f 1635/1635/1635 1655/1655/1655 1656/1656/1656
f 1635/1635/1635 1656/1656/1656 1636/1636/1636
f 1636/1636/1636 1656/1656/1656 1657/1657/1657
f 1636/1636/1636 1657/1657/1657 1637/1637/1637
f 1637/1637/1637 1657/1657/1657 1658/1658/1658
f 1637/1637/1637 1658/1658/1658 1638/1638/1638
f 1638/1638/1638 1658/1658/1658 1659/1659/1659
f 1638/1638/1638 1659/1659/1659 1639/1639/1639
f 1639/1639/1639 1659/1659/1659 1660/1660/1660
f 1639/1639/1639 1660/1660/1660 1640/1640/1640
f 1640/1640/1640 1660/1660/1660 1661/1661/1661
f 1640/1640/1640 1661/1661/1661 1641/1641/1641
f 1641/1641/1641 1661/1661/1661 1662/1662/1662
f 1641/1641/1641 1662/1662/1662 1642/1642/1642
f 1642/1642/1642 1662/1662/1662 1663/1663/1663
f 1642/1642/1642 1663/1663/1663 1643/1643/1643
f 1643/1643/1643 1663/1663/1663 1664/1664/1664
f 1643/1643/1643 1664/1664/1664 1644/1644/1644
f 1644/1644/1644 1664/1664/1664 1665/1665/1665
f 1644/1644/1644 1665/1665/1665 1645/1645/1645
f 1645/1645/1645 1665/1665/1665 1666/1666/1666
f 1645/1645/1645 1666/1666/1666 1646/1646/1646
f 1646/1646/1646 1666/1666/1666 1667/1667/1667
f 1646/1646/1646 1667/1667/1667 1647/1647/1647
f 1647/1647/1647 1667/1667/1667 1668/1668/1668
f 1647/1647/1647 1668/1668/1668 1648/1648/1648
f 1648/1648/1648 1668/1668/1668 1669/1669/1669
f 1670/1670/1670 1691/1691/1691 1671/1671/1671
f 1671/1671/1671 1691/1691/1691 1692/1692/1692
f 1671/1671/1671 1692/1692/1692 1672/1672/1672
f 1672/1672/1672 1692/1692/1692 1693/1693/1693
f 1672/1672/1672 1693/1693/1693 1673/1673/1673
f 1673/1673/1673 1693/1693/1693 1694/1694/1694
f 1673/1673/1673 1694/1694/1694 1674/1674/1674
f 1674/1674/1674 1694/1694/1694 1695/1695/1695
f 1674/1674/1674 1695/1695/1695 1675/1675/1675
f 1675/1675/1675 1695/1695/1695 1696/1696/1696
f 1675/1675/1675 1696/1696/1696 1676/1676/1676
f 1676/1676/1676 1696/1696/1696 1697/1697/1697
f 1676/1676/1676 1697/1697/1697 1677/1677/1677
f 1677/1677/1677 1697/1697/1697 1698/1698/1698
f 1677/1677/1677 1698/1698/1698 1678/1678/1678
f 1678/1678/1678 1698/1698/1698 1699/1699/1699
f 1678/1678/1678 1699/1699/1699 1679/1679/1679
f 1679/1679/1679 1699/1699/1699 1700/1700/1700
f 1679/1679/1679 1700/1700/1700 1680/1680/1680
f 1680/1680/1680 1700/1700/1700 1701/1701/1701
f 1680/1680/1680 1701/1701/1701 1681/1681/1681
f 1681/1681/1681 1701/1701/1701 1702/1702/1702
f 1681/1681/1681 1702/1702/1702 1682/1682/1682
f 1682/1682/1682 1702/1702/1702 1703/1703/1703
f 1682/1682/1682 1703/1703/1703 1683/1683/1683
f 1683/1683/1683 1703/1703/1703 1704/1704/1704
f 1683/1683/1683 1704/1704/1704 1684/1684/1684
f 1684/1684/1684 1704/1704/1704 1705/1705/1705
f 1684/1684/1684 1705/1705/1705 1685/1685/1685
f 1685/1685/1685 1705/1705/1705 1706/1706/1706
f 1685/1685/1685 1706/1706/1706 1686/1686/1686
f 1686/1686/1686 1706/1706/1706 1707/1707/1707
f 1686/1686/1686 1707/1707/1707 1687/1687/1687
f 1687/1687/1687 1707/1707/1707 1708/1708/1708
f 1687/1687/1687 1708/1708/1708 1688/1688/1688
f 1688/1688/1688 1708/1708/1708 1709/1709/1709
f 1688/1688/1688 1709/1709/1709 1689/1689/1689
f 1689/1689/1689 1709/1709/1709 1710/1710/1710
f 1689/1689/1689 1710/1710/1710 1690/1690/1690
f 1690/1690/1690 1710/1710/1710 1711/1711/1711
f 1691/1691/1691 1712/1712/1712 1692/1692/1692
f 1692/1692/1692 1712/1712/1712 1713/1713/1713
f 1692/1692/1692 1713/1713/1713 1693/1693/1693
f 1693/1693/1693 1713/1713/1713 1714/1714/1714
f 1693/1693/1693 1714/1714/1714 1694/1694/1694
f 1694/1694/1694 1714/1714/1714 1715/1715/1715
f 1694/1694/1694 1715/1715/1715 1695/1695/1695
f 1695/1695/1695 1715/1715/1715 1716/1716/1716
f 1695/1695/1695 1716/1716/1716 1696/1696/1696
f 1696/1696/1696 1716/1716/1716 1717/1717/1717
f 1696/1696/1696 1717/1717/1717 1697/1697/1697
f 1697/1697/1697 1717/1717/1717 1718/1718/1718
f 1697/1697/1697 1718/1718/1718 1698/1698/1698
f 1698/1698/1698 1718/1718/1718 1719/1719/1719
f 1698/1698/1698 1719/1719/1719 1699/1699/1699
f 1699/1699/1699 1719/1719/1719 1720/1720/1720
f 1699/1699/1699 1720/1720/1720 1700/1700/1700
f 1700/1700/1700 1720/1720/1720 1721/1721/1721
f 1700/1700/1700 1721/1721/1721 1701/1701/1701
f 1701/1701/1701 1721/1721/1721 1722/1722/1722
f 1701/1701/1701 1722/1722/1722 1702/1702/1702
f 1702/1702/1702 1722/1722/1722 1723/1723/1723
f 1702/1702/1702 1723/1723/1723 1703/1703/1703
f 1703/1703/1703 1723/1723/1723 1724/1724/1724
f 1703/1703/1703 1724/1724/1724 1704/1704/1704
f 1704/1704/1704 1724/1724/1724 1725/1725/1725
f 1704/1704/1704 1725/1725/1725 1705/1705/1705
f 1705/1705/1705 1725/1725/1725 1726/1726/1726
f 1705/1705/1705 1726/1726/1726 1706/1706/1706
f 1706/1706/1706 1726/1726/1726 1727/1727/1727
f 1706/1706/1706 1727/1727/1727 1707/1707/1707
f 1707/1707/1707 1727/1727/1727 1728/1728/1728
f 1707/1707/1707 1728/1728/1728 1708/1708/1708
f 1708/1708/1708 1728/1728/1728 1729/1729/1729
f 1708/1708/1708 1729/1729/1729 1709/1709/1709
f 1709/1709/1709 1729/1729/1729 1730/1730/1730
f 1709/1709/1709 1730/1730/1730 1710/1710/1710
f 1710/1710/1710 1730/1730/1730 1731/1731/1731
f 1710/1710/1710 1731/1731/1731 1711/1711/1711
f 1711/1711/1711 1731/1731/1731 1732/1732/1732
f 1712/1712/1712 1733/1733/1733 1713/1713/1713
f 1713/1713/1713 1733/1733/1733 1734/1734/1734
f 1713/1713/1713 1734/1734/1734 1714/1714/1714
f 1714/1714/1714 1734/1734/1734 1735/1735/1735
f 1714/1714/1714 1735/1735/1735 1715/1715/1715
f 1715/1715/1715 1735/1735/1735 1736/1736/1736
f 1715/1715/1715 1736/1736/1736 1716/1716/1716
f 1716/1716/1716 1736/1736/1736 1737/1737/1737
f 1716/1716/1716 1737/1737/1737 1717/1717/1717
f 1717/1717/1717 1737/1737/1737 1738/1738/1738
f 1717/1717/1717 1738/1738/1738 1718/1718/1718
f 1718/1718/1718 1738/1738/1738 1739/1739/1739
f 1718/1718/1718 1739/1739/1739 1719/1719/1719
f 1719/1719/1719 1739/1739/1739 1740/1740/1740
f 1719/1719/1719 1740/1740/1740 1720/1720/1720
f 1720/1720/1720 1740/1740/1740 1741/1741/1741
f 1720/1720/1720 1741/1741/1741 1721/1721/1721
f 1721/1721/1721 1741/1741/1741 1742/1742/1742
f 1721/1721/1721 1742/1742/1742 1722/1722/1722
f 1722/1722/1722 1742/1742/1742 1743/1743/1743
f 1722/1722/1722 1743/1743/1743 1723/1723/1723
f 1723/1723/1723 1743/1743/1743 1744/1744/1744
f 1723/1723/1723 1744/1744/1744 1724/1724/1724
f 1724/1724/1724 1744/1744/1744 1745/1745/1745
f 1724/1724/1724 1745/1745/1745 1725/1725/1725
f 1725/1725/1725 1745/1745/1745 1746/1746/1746
f 1725/1725/1725 1746/1746/1746 1726/1726/1726
f 1726/1726/1726 1746/1746/1746 1747/1747/1747
f 1726/1726/1726 1747/1747/1747 1727/1727/1727
f 1727/1727/1727 1747/1747/1747 1748/1748/1748
f 1727/1727/1727 1748/1748/1748 1728/1728/1728
f 1728/1728/1728 1748/1748/1748 1749/1749/1749
f 1728/1728/1728 1749/1749/1749 1729/1729/1729
f 1729/1729/1729 1749/1749/1749 1750/1750/1750
f 1729/1729/1729 1750/1750/1750 1730/1730/1730
f 1730/1730/1730 1750/1750/1750 1751/1751/1751
f 1730/1730/1730 1751/1751/1751 1731/1731/1731
f 1731/1731/1731 1751/1751/1751 1752/1752/1752
f 1731/1731/1731 1752/1752/1752 1732/1732/1732
f 1732/1732/1732 1752/1752/1752 1753/1753/1753
f 1733/1733/1733 1754/1754/1754 1734/1734/1734
f 1734/1734/1734 1754/1754/1754 1755/1755/1755
f 1734/1734/1734 1755/1755/1755 1735/1735/1735
f 1735/1735/1735 1755/1755/1755 1756/1756/1756
f 1735/1735/1735 1756/1756/1756 1736/1736/1736
f 1736/1736/1736 1756/1756/1756 1757/1757/1757
f 1736/1736/1736 1757/1757/1757 1737/1737/1737
f 1737/1737/1737 1757/1757/1757 1758/1758/1758
f 1737/1737/1737 1758/1758/1758 1738/1738/1738
f 1738/1738/1738 1758/1758/1758 1759/1759/1759
f 1738/1738/1738 1759/1759/1759 1739/1739/1739
f 1739/1739/1739 1759/1759/1759 1760/1760/1760
f 1739/1739/1739 1760/1760/1760 1740/1740/1740
f 1740/1740/1740 1760/1760/1760 1761/1761/1761
f 1740/1740/1740 1761/1761/1761 1741/1741/1741
f 1741/1741/1741 1761/1761/1761 1762/1762/1762
f 1741/1741/1741 1762/1762/1762 1742/1742/1742
f 1742/1742/1742 1762/1762/1762 1763/1763/1763
f 1742/1742/1742 1763/1763/1763 1743/1743/1743
f 1743/1743/1743 1763/1763/1763 1764/1764/1764
f 1743/1743/1743 1764/1764/1764 1744/1744/1744
f 1744/1744/1744 1764/1764/1764 1765/1765/1765
f 1744/1744/1744 1765/1765/1765 1745/1745/1745
f 1745/1745/1745 1765/1765/1765 1766/1766/1766
f 1745/1745/1745 1766/1766/1766 1746/1746/1746
f 1746/1746/1746 1766/1766/1766 1767/1767/1767
f 1746/1746/1746 1767/1767/1767 1747/1747/1747
f 1747/1747/1747 1767/1767/1767 1768/1768/1768
f 1747/1747/1747 1768/1768/1768 1748/1748/1748
f 1748/1748/1748 1768/1768/1768 1769/1769/1769
f 1748/1748/1748 1769/1769/1769 1749/1749/1749
f 1749/1749/1749 1769/1769/1769 1770/1770/1770
f 1749/1749/1749 1770/1770/1770 1750/1750/1750
f 1750/1750/1750 1770/1770/1770 1771/1771/1771
f 1750/1750/1750 1771/1771/1771 1751/1751/1751
f 1751/1751/1751 1771/1771/1771 1772/1772/1772
f 1751/1751/1751 1772/1772/1772 1752/1752/1752
f 1752/1752/1752 1772/1772/1772 1773/1773/1773
f 1752/1752/1752 1773/1773/1773 1753/1753/1753
f 1753/1753/1753 1773/1773/1773 1774/1774/1774
f 1754/1754/1754 1775/1775/1775 1755/1755/1755
f 1755/1755/1755 1775/1775/1775 1776/1776/1776
f 1755/1755/1755 1776/1776/1776 1756/1756/1756
f 1756/1756/1756 1776/1776/1776 1777/1777/1777
f 1756/1756/1756 1777/1777/1777 1757/1757/1757
f 1757/1757/1757 1777/1777/1777 1778/1778/1778
f 1757/1757/1757 1778/1778/1778 1758/1758/1758
f 1758/1758/1758 1778/1778/1778 1779/1779/1779
f 1758/1758/1758 1779/1779/1779 1759/1759/1759
f 1759/1759/1759 1779/1779/1779 1780/1780/1780
f 1759/1759/1759 1780/1780/1780 1760/1760/1760
f 1760/1760/1760 1780/1780/1780 1781/1781/1781
f 1760/1760/1760 1781/1781/1781 1761/1761/1761
f 1761/1761/1761 1781/1781/1781 1782/1782/1782
f 1761/1761/1761 1782/1782/1782 1762/1762/1762
f 1762/1762/1762 1782/1782/1782 1783/1783/1783
f 1762/1762/1762 1783/1783/1783 1763/1763/1763
f 1763/1763/1763 1783/1783/1783 1784/1784/1784
f 1763/1763/1763 1784/1784/1784 1764/1764/1764
f 1764/1764/1764 1784/1784/1784 1785/1785/1785
f 1764/1764/1764 1785/1785/1785 1765/1765/1765
f 1765/1765/1765 1785/1785/1785 1786/1786/1786
f 1765/1765/1765 1786/1786/1786 1766/1766/1766
f 1766/1766/1766 1786/1786/1786 1787/1787/1787
f 1766/1766/1766 1787/1787/1787 1767/1767/1767
f 1767/1767/1767 1787/1787/1787 1788/1788/1788
f 1767/1767/1767 1788/1788/1788 1768/1768/1768
f 1768/1768/1768 1788/1788/1788 1789/1789/1789
f 1768/1768/1768 1789/1789/1789 1769/1769/1769
f 1769/1769/1769 1789/1789/1789 1790/1790/1790
f 1769/1769/1769 1790/1790/1790 1770/1770/1770
f 1770/1770/1770 1790/1790/1790 1791/1791/1791
f 1770/1770/1770 1791/1791/1791 1771/1771/1771
f 1771/1771/1771 1791/1791/1791 1792/1792/1792
f 1771/1771/1771 1792/1792/1792 1772/1772/1772
f 1772/1772/1772 1792/1792/1792 1793/1793/1793
f 1772/1772/1772 1793/1793/1793 1773/1773/1773
f 1773/1773/1773 1793/1793/1793 1794/1794/1794
f 1773/1773/1773 1794/1794/1794 1774/1774/1774
f 1774/1774/1774 1794/1794/1794 1795/1795/1795
f 1775/1775/1775 1796/1796/1796 1776/1776/1776
f 1776/1776/1776 1796/1796/1796 1797/1797/1797
f 1776/1776/1776 1797/1797/1797 1777/1777/1777
f 1777/1777/1777 1797/1797/1797 1798/1798/1798
f 1777/1777/1777 1798/1798/1798 1778/1778/1778
f 1778/1778/1778 1798/1798/1798 1799/1799/1799
f 1778/1778/1778 1799/1799/1799 1779/1779/1779
f 1779/1779/1779 1799/1799/1799 1800/1800/1800
f 1779/1779/1779 1800/1800/1800 1780/1780/1780
f 1780/1780/1780 1800/1800/1800 1801/1801/1801
f 1780/1780/1780 1801/1801/1801 1781/1781/1781
f 1781/1781/1781 1801/1801/1801 1802/1802/1802
f 1781/1781/1781 1802/1802/1802 1782/1782/1782
f 1782/1782/1782 1802/1802/1802 1803/1803/1803
f 1782/1782/1782 1803/1803/1803 1783/1783/1783
f 1783/1783/1783 1803/1803/1803 1804/1804/1804
f 1783/1783/1783 1804/1804/1804 1784/1784/1784
f 1784/1784/1784 1804/1804/1804 1805/1805/1805
f 1784/1784/1784 1805/1805/1805 1785/1785/1785
f 1785/1785/1785 1805/1805/1805 1806/1806/1806
f 1785/1785/1785 1806/1806/1806 1786/1786/1786
f 1786/1786/1786 1806/1806/1806 1807/1807/1807
f 1786/1786/1786 1807/1807/1807 1787/1787/1787
f 1787/1787/1787 1807/1807/1807 1808/1808/1808
f 1787/1787/1787 1808/1808/1808 1788/1788/1788
f 1788/1788/1788 1808/1808/1808 1809/1809/1809
f 1788/1788/1788 1809/1809/1809 1789/1789/1789
f 1789/1789/1789 1809/1809/1809 1810/1810/1810
f 1789/1789/1789 1810/1810/1810 1790/1790/1790
f 1790/1790/1790 1810/1810/1810 1811/1811/1811
f 1790/1790/1790 1811/1811/1811 1791/1791/1791
f 1791/1791/1791 1811/1811/1811 1812/1812/1812
f 1791/1791/1791 1812/1812/1812 1792/1792/1792
f 1792/1792/1792 1812/1812/1812 1813/1813/1813
f 1792/1792/1792 1813/1813/1813 1793/1793/1793
f 1793/1793/1793 1813/1813/1813 1814/1814/1814
f 1793/1793/1793 1814/1814/1814 1794/1794/1794
f 1794/1794/1794 1814/1814/1814 1815/1815/1815
f 1794/1794/1794 1815/1815/1815 1795/1795/1795
f 1795/1795/1795 1815/1815/1815 1816/1816/1816
f 1817/1817/1817 1838/1838/1838 1818/1818/1818
f 1818/1818/1818 1838/1838/1838 1839/1839/1839
f 1818/1818/1818 1839/1839/1839 1819/1819/1819
f 1819/1819/1819 1839/1839/1839 1840/1840/1840
f 1819/1819/1819 1840/1840/1840 1820/1820/1820
f 1820/1820/1820 1840/1840/1840 1841/1841/1841
f 1820/1820/1820 1841/1841/1841 1821/1821/1821
f 1821/1821/1821 1841/1841/1841 1842/1842/1842
f 1821/1821/1821 1842/1842/1842 1822/1822/1822
f 1822/1822/1822 1842/1842/1842 1843/1843/1843
f 1822/1822/1822 1843/1843/1843 1823/1823/1823
f 1823/1823/1823 1843/1843/1843 1844/1844/1844
f 1823/1823/1823 1844/1844/1844 1824/1824/1824
f 1824/1824/1824 1844/1844/1844 1845/1845/1845
f 1824/1824/1824 1845/1845/1845 1825/1825/1825
f 1825/1825/1825 1845/1845/1845 1846/1846/1846
f 1825/1825/1825 1846/1846/1846 1826/1826/1826
f 1826/1826/1826 1846/1846/1846 1847/1847/1847
f 1826/1826/1826 1847/1847/1847 1827/1827/1827
f 1827/1827/1827 1847/1847/1847 1848/1848/1848
f 1827/1827/1827 1848/1848/1848 1828/1828/1828
f 1828/1828/1828 1848/1848/1848 1849/1849/1849
f 1828/1828/1828 1849/1849/1849 1829/1829/1829
f 1829/1829/1829 1849/1849/1849 1850/1850/1850
f 1829/1829/1829 1850/1850/1850 1830/1830/1830
f 1830/1830/1830 1850/1850/1850 1851/1851/1851
f 1830/1830/1830 1851/1851/1851 1831/1831/1831
f 1831/1831/1831 1851/1851/1851 1852/1852/1852
f 1831/1831/1831 1852/1852/1852 1832/1832/1832
f 1832/1832/1832 1852/1852/1852 1853/1853/1853
f 1832/1832/1832 1853/1853/1853 1833/1833/1833
f 1833/1833/1833 1853/1853/1853 1854/1854/1854
f 1833/1833/1833 1854/1854/1854 1834/1834/1834
f 1834/1834/1834 1854/1854/1854 1855/1855/1855
f 1834/1834/1834 1855/1855/1855 1835/1835/1835
f 1835/1835/1835 1855/1855/1855 1856/1856/1856
f 1835/1835/1835 1856/1856/1856 1836/1836/1836
f 1836/1836/1836 1856/1856/1856 1857/1857/1857
f 1836/1836/1836 1857/1857/1857 1837/1837/1837
f 1837/1837/1837 1857/1857/1857 1858/1858/1858
f 1838/1838/1838 1859/1859/1859 1839/1839/1839
f 1839/1839/1839 1859/1859/1859 1860/1860/1860
f 1839/1839/1839 1860/1860/1860 1840/1840/1840
f 1840/1840/1840 1860/1860/1860 1861/1861/1861
f 1840/1840/1840 1861/1861/1861 1841/1841/1841
f 1841/1841/1841 1861/1861/1861 1862/1862/1862
f 1841/1841/1841 1862/1862/1862 1842/1842/1842
f 1842/1842/1842 1862/1862/1862 1863/1863/1863
f 1842/1842/1842 1863/1863/1863 1843/1843/1843
f 1843/1843/1843 1863/1863/1863 1864/1864/1864
f 1843/1843/1843 1864/1864/1864 1844/1844/1844
f 1844/1844/1844 1864/1864/1864 1865/1865/1865
f 1844/1844/1844 1865/1865/1865 1845/1845/1845
f 1845/1845/1845 1865/1865/1865 1866/1866/1866
f 1845/1845/1845 1866/1866/1866 1846/1846/1846
f 1846/1846/1846 1866/1866/1866 1867/1867/1867
f 1846/1846/1846 1867/1867/1867 1847/1847/1847
f 1847/1847/1847 1867/1867/1867 1868/1868/1868
f 1847/1847/1847 1868/1868/1868 1848/1848/1848
f 1848/1848/1848 1868/1868/1868 1869/1869/1869
f 1848/1848/1848 1869/1869/1869 1849/1849/1849
f 1849/1849/1849 1869/1869/1869 1870/1870/1870
f 1849/1849/1849 1870/1870/1870 1850/1850/1850
f 1850/1850/1850 1870/1870/1870 1871/1871/1871
f 1850/1850/1850 1871/1871/1871 1851/1851/1851
f 1851/1851/1851 1871/1871/1871 1872/1872/1872
f 1851/1851/1851 1872/1872/1872 1852/1852/1852
f 1852/1852/1852 1872/1872/1872 1873/1873/1873
f 1852/1852/1852 1873/1873/1873 1853/1853/1853
f 1853/1853/1853 1873/1873/1873 1874/1874/1874
f 1853/1853/1853 1874/1874/1874 1854/1854/1854
f 1854/1854/1854 1874/1874/1874 1875/1875/1875
f 1854/1854/1854 1875/1875/1875 1855/1855/1855
f 1855/1855/1855 1875/1875/1875 1876/1876/1876
f 1855/1855/1855 1876/1876/1876 1856/1856/1856
f 1856/1856/1856 1876/1876/1876 1877/1877/1877
f 1856/1856/1856 1877/1877/1877 1857/1857/1857
f 1857/1857/1857 1877/1877/1877 1878/1878/1878
f 1857/1857/1857 1878/1878/1878 1858/1858/1858
f 1858/1858/1858 1878/1878/1878 1879/1879/1879
f 1859/1859/1859 1880/1880/1880 1860/1860/1860
f 1860/1860/1860 1880/1880/1880 1881/1881/1881
f 1860/1860/1860 1881/1881/1881 1861/1861/1861
f 1861/1861/1861 1881/1881/1881 1882/1882/1882
f 1861/1861/1861 1882/1882/1882 1862/1862/1862
f 1862/1862/1862 1882/1882/1882 1883/1883/1883
f 1862/1862/1862 1883/1883/1883 1863/1863/1863
f 1863/1863/1863 1883/1883/1883 1884/1884/1884
f 1863/1863/1863 1884/1884/1884 1864/1864/1864
f 1864/1864/1864 1884/1884/1884 1885/1885/1885
f 1864/1864/1864 1885/1885/1885 1865/1865/1865
f 1865/1865/1865 1885/1885/1885 1886/1886/1886
f 1865/1865/1865 1886/1886/1886 1866/1866/1866
f 1866/1866/1866 1886/1886/1886 1887/1887/1887
f 1866/1866/1866 1887/1887/1887 1867/1867/1867
f 1867/1867/1867 1887/1887/1887 1888/1888/1888
f 1867/1867/1867 1888/1888/1888 1868/1868/1868
f 1868/1868/1868 1888/1888/1888 1889/1889/1889
f 1868/1868/1868 1889/1889/1889 1869/1869/1869
f 1869/1869/1869 1889/1889/1889 1890/1890/1890
f 1869/1869/1869 1890/1890/1890 1870/1870/1870
f 1870/1870/1870 1890/1890/1890 1891/1891/1891
f 1870/1870/1870 1891/1891/1891 1871/1871/1871
f 1871/1871/1871 1891/1891/1891 1892/1892/1892
f 1871/1871/1871 1892/1892/1892 1872/1872/1872
f 1872/1872/1872 1892/1892/1892 1893/1893/1893
f 1872/1872/1872 1893/1893/1893 1873/1873/1873
f 1873/1873/1873 1893/1893/1893 1894/1894/1894
f 1873/1873/1873 1894/1894/1894 1874/1874/1874
f 1874/1874/1874 1894/1894/1894 1895/1895/1895
f 1874/1874/1874 1895/1895/1895 1875/1875/1875
f 1875/1875/1875 1895/1895/1895 1896/1896/1896
f 1875/1875/1875 1896/1896/1896 1876/1876/1876
f 1876/1876/1876 1896/1896/1896 1897/1897/1897
f 1876/1876/1876 1897/1897/1897 1877/1877/1877
f 1877/1877/1877 1897/1897/1897 1898/1898/1898
f 1877/1877/1877 1898/1898/1898 1878/1878/1878
f 1878/1878/1878 1898/1898/1898 1899/1899/1899
f 1878/1878/1878 1899/1899/1899 1879/1879/1879
f 1879/1879/1879 1899/1899/1899 1900/1900/1900
f 1880/1880/1880 1901/1901/1901 1881/1881/1881
f 1881/1881/1881 1901/1901/1901 1902/1902/1902
f 1881/1881/1881 1902/1902/1902 1882/1882/1882
f 1882/1882/1882 1902/1902/1902 1903/1903/1903
f 1882/1882/1882 1903/1903/1903 1883/1883/1883
f 1883/1883/1883 1903/1903/1903 1904/1904/1904
f 1883/1883/1883 1904/1904/1904 1884/1884/1884
f 1884/1884/1884 1904/1904/1904 1905/1905/1905
f 1884/1884/1884 1905/1905/1905 1885/1885/1885
f 1885/1885/1885 1905/1905/1905 1906/1906/1906
f 1885/1885/1885 1906/1906/1906 1886/1886/1886
f 1886/1886/1886 1906/1906/1906 1907/1907/1907
f 1886/1886/1886 1907/1907/1907 1887/1887/1887
f 1887/1887/1887 1907/1907/1907 1908/1908/1908
f 1887/1887/1887 1908/1908/1908 1888/1888/1888
f 1888/1888/1888 1908/1908/1908 1909/1909/1909
f 1888/1888/1888 1909/1909/1909 1889/1889/1889
f 1889/1889/1889 1909/1909/1909 1910/1910/1910
f 1889/1889/1889 1910/1910/1910 1890/1890/1890
f 1890/1890/1890 1910/1910/1910 1911/1911/1911
f 1890/1890/1890 1911/1911/1911 1891/1891/1891
f 1891/1891/1891 1911/1911/1911 1912/1912/1912
f 1891/1891/1891 1912/1912/1912 1892/1892/1892
f 1892/1892/1892 1912/1912/1912 1913/1913/1913
f 1892/1892/1892 1913/1913/1913 1893/1893/1893
f 1893/1893/1893 1913/1913/1913 1914/1914/1914
f 1893/1893/1893 1914/1914/1914 1894/1894/1894
f 1894/1894/1894 1914/1914/1914 1915/1915/1915
f 1894/1894/1894 1915/1915/1915 1895/1895/1895
f 1895/1895/1895 1915/1915/1915 1916/1916/1916
f 1895/1895/1895 1916/1916/1916 1896/1896/1896
f 1896/1896/1896 1916/1916/1916 1917/1917/1917
f 1896/1896/1896 1917/1917/1917 1897/1897/1897
f 1897/1897/1897 1917/1917/1917 1918/1918/1918
f 1897/1897/1897 1918/1918/1918 1898/1898/1898
f 1898/1898/1898 1918/1918/1918 1919/1919/1919
f 1898/1898/1898 1919/1919/1919 1899/1899/1899
f 1899/1899/1899 1919/1919/1919 1920/1920/1920
f 1899/1899/1899 1920/1920/1920 1900/1900/1900
f 1900/1900/1900 1920/1920/1920 1921/1921/1921
f 1901/1901/1901 1922/1922/1922 1902/1902/1902
f 1902/1902/1902 1922/1922/1922 1923/1923/1923
f 1902/1902/1902 1923/1923/1923 1903/1903/1903
f 1903/1903/1903 1923/1923/1923 1924/1924/1924
f 1903/1903/1903 1924/1924/1924 1904/1904/1904
f 1904/1904/1904 1924/1924/1924 1925/1925/1925
f 1904/1904/1904 1925/1925/1925 1905/1905/1905
f 1905/1905/1905 1925/1925/1925 1926/1926/1926
f 1905/1905/1905 1926/1926/1926 1906/1906/1906
f 1906/1906/1906 1926/1926/1926 1927/1927/1927
f 1906/1906/1906 1927/1927/1927 1907/1907/1907
f 1907/1907/1907 1927/1927/1927 1928/1928/1928
f 1907/1907/1907 1928/1928/1928 1908/1908/1908
f 1908/1908/1908 1928/1928/1928 1929/1929/1929
f 1908/1908/1908 1929/1929/1929 1909/1909/1909
f 1909/1909/1909 1929/1929/1929 1930/1930/1930
f 1909/1909/1909 1930/1930/1930 1910/1910/1910
f 1910/1910/1910 1930/1930/1930 1931/1931/1931
f 1910/1910/1910 1931/1931/1931 1911/1911/1911
f 1911/1911/1911 1931/1931/1931 1932/1932/1932
f 1911/1911/1911 1932/1932/1932 1912/1912/1912
f 1912/1912/1912 1932/1932/1932 1933/1933/1933
f 1912/1912/1912 1933/1933/1933 1913/1913/1913
f 1913/1913/1913 1933/1933/1933 1934/1934/1934
f 1913/1913/1913 1934/1934/1934 1914/1914/1914
f 1914/1914/1914 1934/1934/1934 1935/1935/1935
f 1914/1914/1914 1935/1935/1935 1915/1915/1915
f 1915/1915/1915 1935/1935/1935 1936/1936/1936
f 1915/1915/1915 1936/1936/1936 1916/1916/1916
f 1916/1916/1916 1936/1936/1936 1937/1937/1937
f 1916/1916/1916 1937/1937/1937 1917/1917/1917
f 1917/1917/1917 1937/1937/1937 1938/1938/1938
f 1917/1917/1917 1938/1938/1938 1918/1918/1918
f 1918/1918/1918 1938/1938/1938 1939/1939/1939
f 1918/1918/1918 1939/1939/1939 1919/1919/1919
f 1919/1919/1919 1939/1939/1939 1940/1940/1940
f 1919/1919/1919 1940/1940/1940 1920/1920/1920
f 1920/1920/1920 1940/1940/1940 1941/1941/1941
f 1920/1920/1920 1941/1941/1941 1921/1921/1921
f 1921/1921/1921 1941/1941/1941 1942/1942/1942
f 1922/1922/1922 1943/1943/1943 1923/1923/1923
f 1923/1923/1923 1943/1943/1943 1944/1944/1944
f 1923/1923/1923 1944/1944/1944 1924/1924/1924
f 1924/1924/1924 1944/1944/1944 1945/1945/1945
f 1924/1924/1924 1945/1945/1945 1925/1925/1925
f 1925/1925/1925 1945/1945/1945 1946/1946/1946
f 1925/1925/1925 1946/1946/1946 1926/1926/1926
f 1926/1926/1926 1946/1946/1946 1947/1947/1947
f 1926/1926/1926 1947/1947/1947 1927/1927/1927
f 1927/1927/1927 1947/1947/1947 1948/1948/1948
f 1927/1927/1927 1948/1948/1948 1928/1928/1928
f 1928/1928/1928 1948/1948/1948 1949/1949/1949
f 1928/1928/1928 1949/1949/1949 1929/1929/1929
f 1929/1929/1929 1949/1949/1949 1950/1950/1950
f 1929/1929/1929 1950/1950/1950 1930/1930/1930
f 1930/1930/1930 1950/1950/1950 1951/1951/1951
f 1930/1930/1930 1951/1951/1951 1931/1931/1931
f 1931/1931/1931 1951/1951/1951 1952/1952/1952
f 1931/1931/1931 1952/1952/1952 1932/1932/1932
f 1932/1932/1932 1952/1952/1952 1953/1953/1953
f 1932/1932/1932 1953/1953/1953 1933/1933/1933
f 1933/1933/1933 1953/1953/1953 1954/1954/1954
f 1933/1933/1933 1954/1954/1954 1934/1934/1934
f 1934/1934/1934 1954/1954/1954 1955/1955/1955
f 1934/1934/1934 1955/1955/1955 1935/1935/1935
f 1935/1935/1935 1955/1955/1955 1956/1956/1956
f 1935/1935/1935 1956/1956/1956 1936/1936/1936
f 1936/1936/1936 1956/1956/1956 1957/1957/1957
f 1936/1936/1936 1957/1957/1957 1937/1937/1937
f 1937/1937/1937 1957/1957/1957 1958/1958/1958
f 1937/1937/1937 1958/1958/1958 1938/1938/1938
f 1938/1938/1938 1958/1958/1958 1959/1959/1959
f 1938/1938/1938 1959/1959/1959 1939/1939/1939
f 1939/1939/1939 1959/1959/1959 1960/1960/1960
f 1939/1939/1939 1960/1960/1960 1940/1940/1940
f 1940/1940/1940 1960/1960/1960 1961/1961/1961
f 1940/1940/1940 1961/1961/1961 1941/1941/1941
f 1941/1941/1941 1961/1961/1961 1962/1962/1962
f 1941/1941/1941 1962/1962/1962 1942/1942/1942
f 1942/1942/1942 1962/1962/1962 1963/1963/1963
f 1943/1943/1943 1964/1964/1964 1944/1944/1944
f 1944/1944/1944 1964/1964/1964 1965/1965/1965
f 1944/1944/1944 1965/1965/1965 1945/1945/1945
f 1945/1945/1945 1965/1965/1965 1966/1966/1966
f 1945/1945/1945 1966/1966/1966 1946/1946/1946
f 1946/1946/1946 1966/1966/1966 1967/1967/1967
f 1946/1946/1946 1967/1967/1967 1947/1947/1947
f 1947/1947/1947 1967/1967/1967 1968/1968/1968
f 1947/1947/1947 1968/1968/1968 1948/1948/1948
f 1948/1948/1948 1968/1968/1968 1969/1969/1969
f 1948/1948/1948 1969/1969/1969 1949/1949/1949
f 1949/1949/1949 1969/1969/1969 1970/1970/1970
f 1949/1949/1949 1970/1970/1970 1950/1950/1950
f 1950/1950/1950 1970/1970/1970 1971/1971/1971
f 1950/1950/1950 1971/1971/1971 1951/1951/1951
f 1951/1951/1951 1971/1971/1971 1972/1972/1972
f 1951/1951/1951 1972/1972/1972 1952/1952/1952
f 1952/1952/1952 1972/1972/1972 1973/1973/1973
f 1952/1952/1952 1973/1973/1973 1953/1953/1953
f 1953/1953/1953 1973/1973/1973 1974/1974/1974
f 1953/1953/1953 1974/1974/1974 1954/1954/1954
f 1954/1954/1954 1974/1974/1974 1975/1975/1975
f 1954/1954/1954 1975/1975/1975 1955/1955/1955
f 1955/1955/1955 1975/1975/1975 1976/1976/1976
f 1955/1955/1955 1976/1976/1976 1956/1956/1956
f 1956/1956/1956 1976/1976/1976 1977/1977/1977
f 1956/1956/1956 1977/1977/1977 1957/1957/1957
f 1957/1957/1957 1977/1977/1977 1978/1978/1978
f 1957/1957/1957 1978/1978/1978 1958/1958/1958
f 1958/1958/1958 1978/1978/1978 1979/1979/1979
f 1958/1958/1958 1979/1979/1979 1959/1959/1959
f 1959/1959/1959 1979/1979/1979 1980/1980/1980
f 1959/1959/1959 1980/1980/1980 1960/1960/1960
f 1960/1960/1960 1980/1980/1980 1981/1981/1981
f 1960/1960/1960 1981/1981/1981 1961/1961/1961
f 1961/1961/1961 1981/1981/1981 1982/1982/1982
f 1961/1961/1961 1982/1982/1982 1962/1962/1962
f 1962/1962/1962 1982/1982/1982 1983/1983/1983
f 1962/1962/1962 1983/1983/1983 1963/1963/1963
f 1963/1963/1963 1983/1983/1983 1984/1984/1984
f 1964/1964/1964 1985/1985/1985 1965/1965/1965
f 1965/1965/1965 1985/1985/1985 1986/1986/1986
f 1965/1965/1965 1986/1986/1986 1966/1966/1966
f 1966/1966/1966 1986/1986/1986 1987/1987/1987
f 1966/1966/1966 1987/1987/1987 1967/1967/1967
f 1967/1967/1967 1987/1987/1987 1988/1988/1988
f 1967/1967/1967 1988/1988/1988 1968/1968/1968
f 1968/1968/1968 1988/1988/1988 1989/1989/1989
f 1968/1968/1968 1989/1989/1989 1969/1969/1969
f 1969/1969/1969 1989/1989/1989 1990/1990/1990
f 1969/1969/1969 1990/1990/1990 1970/1970/1970
f 1970/1970/1970 1990/1990/1990 1991/1991/1991
f 1970/1970/1970 1991/1991/1991 1971/1971/1971
f 1971/1971/1971 1991/1991/1991 1992/1992/1992
f 1971/1971/1971 1992/1992/1992 1972/1972/1972
f 1972/1972/1972 1992/1992/1992 1993/1993/1993
f 1972/1972/1972 1993/1993/1993 1973/1973/1973
f 1973/1973/1973 1993/1993/1993 1994/1994/1994
f 1973/1973/1973 1994/1994/1994 1974/1974/1974
f 1974/1974/1974 1994/1994/1994 1995/1995/1995
f 1974/1974/1974 1995/1995/1995 1975/1975/1975
f 1975/1975/1975 1995/1995/1995 1996/1996/1996
f 1975/1975/1975 1996/1996/1996 1976/1976/1976
f 1976/1976/1976 1996/1996/1996 1997/1997/1997
f 1976/1976/1976 1997/1997/1997 1977/1977/1977
f 1977/1977/1977 1997/1997/1997 1998/1998/1998
f 1977/1977/1977 1998/1998/1998 1978/1978/1978
f 1978/1978/1978 1998/1998/1998 1999/1999/1999
f 1978/1978/1978 1999/1999/1999 1979/1979/1979
f 1979/1979/1979 1999/1999/1999 2000/2000/2000
f 1979/1979/1979 2000/2000/2000 1980/1980/1980
f 1980/1980/1980 2000/2000/2000 2001/2001/2001
f 1980/1980/1980 2001/2001/2001 1981/1981/1981
f 1981/1981/1981 2001/2001/2001 2002/2002/2002
f 1981/1981/1981 2002/2002/2002 1982/1982/1982
f 1982/1982/1982 2002/2002/2002 2003/2003/2003
f 1982/1982/1982 2003/2003/2003 1983/1983/1983
f 1983/1983/1983 2003/2003/2003 2004/2004/2004
f 1983/1983/1983 2004/2004/2004 1984/1984/1984
f 1984/1984/1984 2004/2004/2004 2005/2005/2005
f 2006/2006/2006 2027/2027/2027 2007/2007/2007
f 2007/2007/2007 2027/2027/2027 2028/2028/2028
f 2007/2007/2007 2028/2028/2028 2008/2008/2008
f 2008/2008/2008 2028/2028/2028 2029/2029/2029
f 2008/2008/2008 2029/2029/2029 2009/2009/2009
f 2009/2009/2009 2029/2029/2029 2030/2030/2030
f 2009/2009/2009 2030/2030/2030 2010/2010/2010
f 2010/2010/2010 2030/2030/2030 2031/2031/2031
f 2010/2010/2010 2031/2031/2031 2011/2011/2011
f 2011/2011/2011 2031/2031/2031 2032/2032/2032
f 2011/2011/2011 2032/2032/2032 2012/2012/2012
f 2012/2012/2012 2032/2032/2032 2033/2033/2033
f 2012/2012/2012 2033/2033/2033 2013/2013/2013
f 2013/2013/2013 2033/2033/2033 2034/2034/2034
f 2013/2013/2013 2034/2034/2034 2014/2014/2014
f 2014/2014/2014 2034/2034/2034 2035/2035/2035
f 2014/2014/2014 2035/2035/2035 2015/2015/2015
f 2015/2015/2015 2035/2035/2035 2036/2036/2036
f 2015/2015/2015 2036/2036/2036 2016/2016/2016
f 2016/2016/2016 2036/2036/2036 2037/2037/2037
f 2016/2016/2016 2037/2037/2037 2017/2017/2017
f 2017/2017/2017 2037/2037/2037 2038/2038/2038
f 2017/2017/2017 2038/2038/2038 2018/2018/2018
f 2018/2018/2018 2038/2038/2038 2039/2039/2039
f 2018/2018/2018 2039/2039/2039 2019/2019/2019
f 2019/2019/2019 2039/2039/2039 2040/2040/2040
f 2019/2019/2019 2040/2040/2040 2020/2020/2020
f 2020/2020/2020 2040/2040/2040 2041/2041/2041
f 2020/2020/2020 2041/2041/2041 2021/2021/2021
f 2021/2021/2021 2041/2041/2041 2042/2042/2042
f 2021/2021/2021 2042/2042/2042 2022/2022/2022
f 2022/2022/2022 2042/2042/2042 2043/2043/2043
f 2022/2022/2022 2043/2043/2043 2023/2023/2023
f 2023/2023/2023 2043/2043/2043 2044/2044/2044
f 2023/2023/2023 2044/2044/2044 2024/2024/2024
f 2024/2024/2024 2044/2044/2044 2045/2045/2045
f 2024/2024/2024 2045/2045/2045 2025/2025/2025
f 2025/2025/2025 2045/2045/2045 2046/2046/2046
f 2025/2025/2025 2046/2046/2046 2026/2026/2026
f 2026/2026/2026 2046/2046/2046 2047/2047/2047
f 2027/2027/2027 2048/2048/2048 2028/2028/2028
f 2028/2028/2028 2048/2048/2048 2049/2049/2049
f 2028/2028/2028 2049/2049/2049 2029/2029/2029
f 2029/2029/2029 2049/2049/2049 2050/2050/2050
f 2029/2029/2029 2050/2050/2050 2030/2030/2030
f 2030/2030/2030 2050/2050/2050 2051/2051/2051
f 2030/2030/2030 2051/2051/2051 2031/2031/2031
f 2031/2031/2031 2051/2051/2051 2052/2052/2052
f 2031/2031/2031 2052/2052/2052 2032/2032/2032
f 2032/2032/2032 2052/2052/2052 2053/2053/2053
f 2032/2032/2032 2053/2053/2053 2033/2033/2033
f 2033/2033/2033 2053/2053/2053 2054/2054/2054
f 2033/2033/2033 2054/2054/2054 2034/2034/2034
f 2034/2034/2034 2054/2054/2054 2055/2055/2055
f 2034/2034/2034 2055/2055/2055 2035/2035/2035
f 2035/2035/2035 2055/2055/2055 2056/2056/2056
f 2035/2035/2035 2056/2056/2056 2036/2036/2036
f 2036/2036/2036 2056/2056/2056 2057/2057/2057
f 2036/2036/2036 2057/2057/2057 2037/2037/2037
f 2037/2037/2037 2057/2057/2057 2058/2058/2058
f 2037/2037/2037 2058/2058/2058 2038/2038/2038
f 2038/2038/2038 2058/2058/2058 2059/2059/2059
f 2038/2038/2038 2059/2059/2059 2039/2039/2039
f 2039/2039/2039 2059/2059/2059 2060/2060/2060
f 2039/2039/2039 2060/2060/2060 2040/2040/2040
f 2040/2040/2040 2060/2060/2060 2061/2061/2061
f 2040/2040/2040 2061/2061/2061 2041/2041/2041
f 2041/2041/2041 2061/2061/2061 2062/2062/2062
f 2041/2041/2041 2062/2062/2062 2042/2042/2042
f 2042/2042/2042 2062/2062/2062 2063/2063/2063
f 2042/2042/2042 2063/2063/2063 2043/2043/2043
f 2043/2043/2043 2063/2063/2063 2064/2064/2064
f 2043/2043/2043 2064/2064/2064 2044/2044/2044
f 2044/2044/2044 2064/2064/2064 2065/2065/2065
f 2044/2044/2044 2065/2065/2065 2045/2045/2045
f 2045/2045/2045 2065/2065/2065 2066/2066/2066
f 2045/2045/2045 2066/2066/2066 2046/2046/2046
f 2046/2046/2046 2066/2066/2066 2067/2067/2067
f 2046/2046/2046 2067/2067/2067 2047/2047/2047
f 2047/2047/2047 2067/2067/2067 2068/2068/2068
f 2048/2048/2048 2069/2069/2069 2049/2049/2049
f 2049/2049/2049 2069/2069/2069 2070/2070/2070
f 2049/2049/2049 2070/2070/2070 2050/2050/2050
f 2050/2050/2050 2070/2070/2070 2071/2071/2071
f 2050/2050/2050 2071/2071/2071 2051/2051/2051
f 2051/2051/2051 2071/2071/2071 2072/2072/2072
f 2051/2051/2051 2072/2072/2072 2052/2052/2052
f 2052/2052/2052 2072/2072/2072 2073/2073/2073
f 2052/2052/2052 2073/2073/2073 2053/2053/2053
f 2053/2053/2053 2073/2073/2073 2074/2074/2074
f 2053/2053/2053 2074/2074/2074 2054/2054/2054
f 2054/2054/2054 2074/2074/2074 2075/2075/2075
f 2054/2054/2054 2075/2075/2075 2055/2055/2055
f 2055/2055/2055 2075/2075/2075 2076/2076/2076
f 2055/2055/2055 2076/2076/2076 2056/2056/2056
f 2056/2056/2056 2076/2076/2076 2077/2077/2077
f 2056/2056/2056 2077/2077/2077 2057/2057/2057
f 2057/2057/2057 2077/2077/2077 2078/2078/2078
f 2057/2057/2057 2078/2078/2078 2058/2058/2058
f 2058/2058/2058 2078/2078/2078 2079/2079/2079
f 2058/2058/2058 2079/2079/2079 2059/2059/2059
f 2059/2059/2059 2079/2079/2079 2080/2080/2080
f 2059/2059/2059 2080/2080/2080 2060/2060/2060
f 2060/2060/2060 2080/2080/2080 2081/2081/2081
f 2060/2060/2060 2081/2081/2081 2061/2061/2061
f 2061/2061/2061 2081/2081/2081 2082/2082/2082
f 2061/2061/2061 2082/2082/2082 2062/2062/2062
f 2062/2062/2062 2082/2082/2082 2083/2083/2083
f 2062/2062/2062 2083/2083/2083 2063/2063/2063
f 2063/2063/2063 2083/2083/2083 2084/2084/2084
f 2063/2063/2063 2084/2084/2084 2064/2064/2064
f 2064/2064/2064 2084/2084/2084 2085/2085/2085
f 2064/2064/2064 2085/2085/2085 2065/2065/2065
f 2065/2065/2065 2085/2085/2085 2086/2086/2086
f 2065/2065/2065 2086/2086/2086 2066/2066/2066
f 2066/2066/2066 2086/2086/2086 2087/2087/2087
f 2066/2066/2066 2087/2087/2087 2067/2067/2067
f 2067/2067/2067 2087/2087/2087 2088/2088/2088
f 2067/2067/2067 2088/2088/2088 2068/2068/2068
f 2068/2068/2068 2088/2088/2088 2089/2089/2089
f 2069/2069/2069 2090/2090/2090 2070/2070/2070
f 2070/2070/2070 2090/2090/2090 2091/2091/2091
f 2070/2070/2070 2091/2091/2091 2071/2071/2071
f 2071/2071/2071 2091/2091/2091 2092/2092/2092
f 2071/2071/2071 2092/2092/2092 2072/2072/2072
f 2072/2072/2072 2092/2092/2092 2093/2093/2093
f 2072/2072/2072 2093/2093/2093 2073/2073/2073
f 2073/2073/2073 2093/2093/2093 2094/2094/2094
f 2073/2073/2073 2094/2094/2094 2074/2074/2074
f 2074/2074/2074 2094/2094/2094 2095/2095/2095
f 2074/2074/2074 2095/2095/2095 2075/2075/2075
f 2075/2075/2075 2095/2095/2095 2096/2096/2096
f 2075/2075/2075 2096/2096/2096 2076/2076/2076
f 2076/2076/2076 2096/2096/2096 2097/2097/2097
f 2076/2076/2076 2097/2097/2097 2077/2077/2077
f 2077/2077/2077 2097/2097/2097 2098/2098/2098
f 2077/2077/2077 2098/2098/2098 2078/2078/2078
f 2078/2078/2078 2098/2098/2098 2099/2099/2099
f 2078/2078/2078 2099/2099/2099 2079/2079/2079
f 2079/2079/2079 2099/2099/2099 2100/2100/2100
f 2079/2079/2079 2100/2100/2100 2080/2080/2080
f 2080/2080/2080 2100/2100/2100 2101/2101/2101
f 2080/2080/2080 2101/2101/2101 2081/2081/2081
f 2081/2081/2081 2101/2101/2101 2102/2102/2102
f 2081/2081/2081 2102/2102/2102 2082/2082/2082
f 2082/2082/2082 2102/2102/2102 2103/2103/2103
f 2082/2082/2082 2103/2103/2103 2083/2083/2083
f 2083/2083/2083 2103/2103/2103 2104/2104/2104
f 2083/2083/2083 2104/2104/2104 2084/2084/2084
f 2084/2084/2084 2104/2104/2104 2105/2105/2105
f 2084/2084/2084 2105/2105/2105 2085/2085/2085
f 2085/2085/2085 2105/2105/2105 2106/2106/2106
f 2085/2085/2085 2106/2106/2106 2086/2086/2086
f 2086/2086/2086 2106/2106/2106 2107/2107/2107
f 2086/2086/2086 2107/2107/2107 2087/2087/2087
f 2087/2087/2087 2107/2107/2107 2108/2108/2108
f 2087/2087/2087 2108/2108/2108 2088/2088/2088
f 2088/2088/2088 2108/2108/2108 2109/2109/2109
f 2088/2088/2088 2109/2109/2109 2089/2089/2089
f 2089/2089/2089 2109/2109/2109 2110/2110/2110
f 2090/2090/2090 2111/2111/2111 2091/2091/2091
f 2091/2091/2091 2111/2111/2111 2112/2112/2112
f 2091/2091/2091 2112/2112/2112 2092/2092/2092
f 2092/2092/2092 2112/2112/2112 2113/2113/2113
f 2092/2092/2092 2113/2113/2113 2093/2093/2093
f 2093/2093/2093 2113/2113/2113 2114/2114/2114
f 2093/2093/2093 2114/2114/2114 2094/2094/2094
f 2094/2094/2094 2114/2114/2114 2115/2115/2115
f 2094/2094/2094 2115/2115/2115 2095/2095/2095
f 2095/2095/2095 2115/2115/2115 2116/2116/2116
f 2095/2095/2095 2116/2116/2116 2096/2096/2096
f 2096/2096/2096 2116/2116/2116 2117/2117/2117
f 2096/2096/2096 2117/2117/2117 2097/2097/2097
f 2097/2097/2097 2117/2117/2117 2118/2118/2118
f 2097/2097/2097 2118/2118/2118 2098/2098/2098
f 2098/2098/2098 2118/2118/2118 2119/2119/2119
f 2098/2098/2098 2119/2119/2119 2099/2099/2099
f 2099/2099/2099 2119/2119/2119 2120/2120/2120
f 2099/2099/2099 2120/2120/2120 2100/2100/2100
f 2100/2100/2100 2120/2120/2120 2121/2121/2121
f 2100/2100/2100 2121/2121/2121 2101/2101/2101
f 2101/2101/2101 2121/2121/2121 2122/2122/2122
f 2101/2101/2101 2122/2122/2122 2102/2102/2102
f 2102/2102/2102 2122/2122/2122 2123/2123/2123
f 2102/2102/2102 2123/2123/2123 2103/2103/2103
f 2103/2103/2103 2123/2123/2123 2124/2124/2124
f 2103/2103/2103 2124/2124/2124 2104/2104/2104
f 2104/2104/2104 2124/2124/2124 2125/2125/2125
f 2104/2104/2104 2125/2125/2125 2105/2105/2105
f 2105/2105/2105 2125/2125/2125 2126/2126/2126
f 2105/2105/2105 2126/2126/2126 2106/2106/2106
f 2106/2106/2106 2126/2126/2126 2127/2127/2127
f 2106/2106/2106 2127/2127/2127 2107/2107/2107
f 2107/2107/2107 2127/2127/2127 2128/2128/2128
f 2107/2107/2107 2128/2128/2128 2108/2108/2108
f 2108/2108/2108 2128/2128/2128 2129/2129/2129
f 2108/2108/2108 2129/2129/2129 2109/2109/2109
f 2109/2109/2109 2129/2129/2129 2130/2130/2130
f 2109/2109/2109 2130/2130/2130 2110/2110/2110
f 2110/2110/2110 2130/2130/2130 2131/2131/2131
f 2111/2111/2111 2132/2132/2132 2112/2112/2112
f 2112/2112/2112 2132/2132/2132 2133/2133/2133
f 2112/2112/2112 2133/2133/2133 2113/2113/2113
f 2113/2113/2113 2133/2133/2133 2134/2134/2134
f 2113/2113/2113 2134/2134/2134 2114/2114/2114
f 2114/2114/2114 2134/2134/2134 2135/2135/2135
f 2114/2114/2114 2135/2135/2135 2115/2115/2115
f 2115/2115/2115 2135/2135/2135 2136/2136/2136
f 2115/2115/2115 2136/2136/2136 2116/2116/2116
f 2116/2116/2116 2136/2136/2136 2137/2137/2137
f 2116/2116/2116 2137/2137/2137 2117/2117/2117
f 2117/2117/2117 2137/2137/2137 2138/2138/2138
f 2117/2117/2117 2138/2138/2138 2118/2118/2118
f 2118/2118/2118 2138/2138/2138 2139/2139/2139
f 2118/2118/2118 2139/2139/2139 2119/2119/2119
f 2119/2119/2119 2139/2139/2139 2140/2140/2140
f 2119/2119/2119 2140/2140/2140 2120/2120/2120
f 2120/2120/2120 2140/2140/2140 2141/2141/2141
f 2120/2120/2120 2141/2141/2141 2121/2121/2121
f 2121/2121/2121 2141/2141/2141 2142/2142/2142
f 2121/2121/2121 2142/2142/2142 2122/2122/2122
f 2122/2122/2122 2142/2142/2142 2143/2143/2143
f 2122/2122/2122 2143/2143/2143 2123/2123/2123
f 2123/2123/2123 2143/2143/2143 2144/2144/2144
f 2123/2123/2123 2144/2144/2144 2124/2124/2124
f 2124/2124/2124 2144/2144/2144 2145/2145/2145
f 2124/2124/2124 2145/2145/2145 2125/2125/2125
f 2125/2125/2125 2145/2145/2145 2146/2146/2146
f 2125/2125/2125 2146/2146/2146 2126/2126/2126
f 2126/2126/2126 2146/2146/2146 2147/2147/2147
f 2126/2126/2126 2147/2147/2147 2127/2127/2127
f 2127/2127/2127 2147/2147/2147 2148/2148/2148
f 2127/2127/2127 2148/2148/2148 2128/2128/2128
f 2128/2128/2128 2148/2148/2148 2149/2149/2149
f 2128/2128/2128 2149/2149/2149 2129/2129/2129
f 2129/2129/2129 2149/2149/2149 2150/2150/2150
f 2129/2129/2129 2150/2150/2150 2130/2130/2130
f 2130/2130/2130 2150/2150/2150 2151/2151/2151
f 2130/2130/2130 2151/2151/2151 2131/2131/2131
f 2131/2131/2131 2151/2151/2151 2152/2152/2152
f 2132/2132/2132 2153/2153/2153 2133/2133/2133
f 2133/2133/2133 2153/2153/2153 2154/2154/2154
f 2133/2133/2133 2154/2154/2154 2134/2134/2134
f 2134/2134/2134 2154/2154/2154 2155/2155/2155
f 2134/2134/2134 2155/2155/2155 2135/2135/2135
f 2135/2135/2135 2155/2155/2155 2156/2156/2156
f 2135/2135/2135 2156/2156/2156 2136/2136/2136
f 2136/2136/2136 2156/2156/2156 2157/2157/2157
f 2136/2136/2136 2157/2157/2157 2137/2137/2137
f 2137/2137/2137 2157/2157/2157 2158/2158/2158
f 2137/2137/2137 2158/2158/2158 2138/2138/2138
f 2138/2138/2138 2158/2158/2158 2159/2159/2159
f 2138/2138/2138 2159/2159/2159 2139/2139/2139
f 2139/2139/2139 2159/2159/2159 2160/2160/2160
f 2139/2139/2139 2160/2160/2160 2140/2140/2140
f 2140/2140/2140 2160/2160/2160 2161/2161/2161
f 2140/2140/2140 2161/2161/2161 2141/2141/2141
f 2141/2141/2141 2161/2161/2161 2162/2162/2162
f 2141/2141/2141 2162/2162/2162 2142/2142/2142
f 2142/2142/2142 2162/2162/2162 2163/2163/2163
f 2142/2142/2142 2163/2163/2163 2143/2143/2143
f 2143/2143/2143 2163/2163/2163 2164/2164/2164
f 2143/2143/2143 2164/2164/2164 2144/2144/2144
f 2144/2144/2144 2164/2164/2164 2165/2165/2165
f 2144/2144/2144 2165/2165/2165 2145/2145/2145
f 2145/2145/2145 2165/2165/2165 2166/2166/2166
f 2145/2145/2145 2166/2166/2166 2146/2146/2146
f 2146/2146/2146 2166/2166/2166 2167/2167/2167
f 2146/2146/2146 2167/2167/2167 2147/2147/2147
f 2147/2147/2147 2167/2167/2167 2168/2168/2168
f 2147/2147/2147 2168/2168/2168 2148/2148/2148
f 2148/2148/2148 2168/2168/2168 2169/2169/2169
f 2148/2148/2148 2169/2169/2169 2149/2149/2149
f 2149/2149/2149 2169/2169/2169 2170/2170/2170
f 2149/2149/2149 2170/2170/2170 2150/2150/2150
f 2150/2150/2150 2170/2170/2170 2171/2171/2171
f 2150/2150/2150 2171/2171/2171 2151/2151/2151
f 2151/2151/2151 2171/2171/2171 2172/2172/2172
f 2151/2151/2151 2172/2172/2172 2152/2152/2152
f 2152/2152/2152 2172/2172/2172 2173/2173/2173
f 2153/2153/2153 2174/2174/2174 2154/2154/2154
f 2154/2154/2154 2174/2174/2174 2175/2175/2175
f 2154/2154/2154 2175/2175/2175 2155/2155/2155
f 2155/2155/2155 2175/2175/2175 2176/2176/2176
f 2155/2155/2155 2176/2176/2176 2156/2156/2156
f 2156/2156/2156 2176/2176/2176 2177/2177/2177
f 2156/2156/2156 2177/2177/2177 2157/2157/2157
f 2157/2157/2157 2177/2177/2177 2178/2178/2178
f 2157/2157/2157 2178/2178/2178 2158/2158/2158
f 2158/2158/2158 2178/2178/2178 2179/2179/2179
f 2158/2158/2158 2179/2179/2179 2159/2159/2159
f 2159/2159/2159 2179/2179/2179 2180/2180/2180
f 2159/2159/2159 2180/2180/2180 2160/2160/2160
f 2160/2160/2160 2180/2180/2180 2181/2181/2181
f 2160/2160/2160 2181/2181/2181 2161/2161/2161
f 2161/2161/2161 2181/2181/2181 2182/2182/2182
f 2161/2161/2161 2182/2182/2182 2162/2162/2162
f 2162/2162/2162 2182/2182/2182 2183/2183/2183
f 2162/2162/2162 2183/2183/2183 2163/2163/2163
f 2163/2163/2163 2183/2183/2183 2184/2184/2184
f 2163/2163/2163 2184/2184/2184 2164/2164/2164
f 2164/2164/2164 2184/2184/2184 2185/2185/2185
f 2164/2164/2164 2185/2185/2185 2165/2165/2165
f 2165/2165/2165 2185/2185/2185 2186/2186/2186
f 2165/2165/2165 2186/2186/2186 2166/2166/2166
f 2166/2166/2166 2186/2186/2186 2187/2187/2187
f 2166/2166/2166 2187/2187/2187 2167/2167/2167
f 2167/2167/2167 2187/2187/2187 2188/2188/2188
f 2167/2167/2167 2188/2188/2188 2168/2168/2168
f 2168/2168/2168 2188/2188/2188 2189/2189/2189
f 2168/2168/2168 2189/2189/2189 2169/2169/2169
f 2169/2169/2169 2189/2189/2189 2190/2190/2190
f 2169/2169/2169 2190/2190/2190 2170/2170/2170
f 2170/2170/2170 2190/2190/2190 2191/2191/2191
f 2170/2170/2170 2191/2191/2191 2171/2171/2171
f 2171/2171/2171 2191/2191/2191 2192/2192/2192
f 2171/2171/2171 2192/2192/2192 2172/2172/2172
f 2172/2172/2172 2192/2192/2192 2193/2193/2193
f 2172/2172/2172 2193/2193/2193 2173/2173/2173
f 2173/2173/2173 2193/2193/2193 2194/2194/2194
f 2195/2195/2195 2216/2216/2216 2196/2196/2196
f 2196/2196/2196 2216/2216/2216 2217/2217/2217
f 2196/2196/2196 2217/2217/2217 2197/2197/2197
f 2197/2197/2197 2217/2217/2217 2218/2218/2218
f 2197/2197/2197 2218/2218/2218 2198/2198/2198
f 2198/2198/2198 2218/2218/2218 2219/2219/2219
f 2198/2198/2198 2219/2219/2219 2199/2199/2199
f 2199/2199/2199 2219/2219/2219 2220/2220/2220
f 2199/2199/2199 2220/2220/2220 2200/2200/2200
f 2200/2200/2200 2220/2220/2220 2221/2221/2221
f 2200/2200/2200 2221/2221/2221 2201/2201/2201
f 2201/2201/2201 2221/2221/2221 2222/2222/2222
f 2201/2201/2201 2222/2222/2222 2202/2202/2202
f 2202/2202/2202 2222/2222/2222 2223/2223/2223
f 2202/2202/2202 2223/2223/2223 2203/2203/2203
f 2203/2203/2203 2223/2223/2223 2224/2224/2224
f 2203/2203/2203 2224/2224/2224 2204/2204/2204
f 2204/2204/2204 2224/2224/2224 2225/2225/2225
f 2204/2204/2204 2225/2225/2225 2205/2205/2205
f 2205/2205/2205 2225/2225/2225 2226/2226/2226
f 2205/2205/2205 2226/2226/2226 2206/2206/2206
f 2206/2206/2206 2226/2226/2226 2227/2227/2227
f 2206/2206/2206 2227/2227/2227 2207/2207/2207
f 2207/2207/2207 2227/2227/2227 2228/2228/2228
f 2207/2207/2207 2228/2228/2228 2208/2208/2208
f 2208/2208/2208 2228/2228/2228 2229/2229/2229
f 2208/2208/2208 2229/2229/2229 2209/2209/2209
f 2209/2209/2209 2229/2229/2229 2230/2230/2230
f 2209/2209/2209 2230/2230/2230 2210/2210/2210
f 2210/2210/2210 2230/2230/2230 2231/2231/2231
f 2210/2210/2210 2231/2231/2231 2211/2211/2211
f 2211/2211/2211 2231/2231/2231 2232/2232/2232
f 2211/2211/2211 2232/2232/2232 2212/2212/2212
f 2212/2212/2212 2232/2232/2232 2233/2233/2233
f 2212/2212/2212 2233/2233/2233 2213/2213/2213
f 2213/2213/2213 2233/2233/2233 2234/2234/2234
f 2213/2213/2213 2234/2234/2234 2214/2214/2214
f 2214/2214/2214 2234/2234/2234 2235/2235/2235
f 2214/2214/2214 2235/2235/2235 2215/2215/2215
f 2215/2215/2215 2235/2235/2235 2236/2236/2236
f 2216/2216/2216 2237/2237/2237 2217/2217/2217
f 2217/2217/2217 2237/2237/2237 2238/2238/2238
f 2217/2217/2217 2238/2238/2238 2218/2218/2218
f 2218/2218/2218 2238/2238/2238 2239/2239/2239
f 2218/2218/2218 2239/2239/2239 2219/2219/2219
f 2219/2219/2219 2239/2239/2239 2240/2240/2240
f 2219/2219/2219 2240/2240/2240 2220/2220/2220
f 2220/2220/2220 2240/2240/2240 2241/2241/2241
f 2220/2220/2220 2241/2241/2241 2221/2221/2221
f 2221/2221/2221 2241/2241/2241 2242/2242/2242
f 2221/2221/2221 2242/2242/2242 2222/2222/2222
f 2222/2222/2222 2242/2242/2242 2243/2243/2243
f 2222/2222/2222 2243/2243/2243 2223/2223/2223
f 2223/2223/2223 2243/2243/2243 2244/2244/2244
f 2223/2223/2223 2244/2244/2244 2224/2224/2224
f 2224/2224/2224 2244/2244/2244 2245/2245/2245
f 2224/2224/2224 2245/2245/2245 2225/2225/2225
f 2225/2225/2225 2245/2245/2245 2246/2246/2246
f 2225/2225/2225 2246/2246/2246 2226/2226/2226
f 2226/2226/2226 2246/2246/2246 2247/2247/2247
f 2226/2226/2226 2247/2247/2247 2227/2227/2227
f 2227/2227/2227 2247/2247/2247 2248/2248/2248
f 2227/2227/2227 2248/2248/2248 2228/2228/2228
f 2228/2228/2228 2248/2248/2248 2249/2249/2249
f 2228/2228/2228 2249/2249/2249 2229/2229/2229
f 2229/2229/2229 2249/2249/2249 2250/2250/2250
f 2229/2229/2229 2250/2250/2250 2230/2230/2230
f 2230/2230/2230 2250/2250/2250 2251/2251/2251
f 2230/2230/2230 2251/2251/2251 2231/2231/2231
f 2231/2231/2231 2251/2251/2251 2252/2252/2252
f 2231/2231/2231 2252/2252/2252 2232/2232/2232
f 2232/2232/2232 2252/2252/2252 2253/2253/2253
f 2232/2232/2232 2253/2253/2253 2233/2233/2233
f 2233/2233/2233 2253/2253/2253 2254/2254/2254
f 2233/2233/2233 2254/2254/2254 2234/2234/2234
f 2234/2234/2234 2254/2254/2254 2255/2255/2255
f 2234/2234/2234 2255/2255/2255 2235/2235/2235
f 2235/2235/2235 2255/2255/2255 2256/2256/2256
f 2235/2235/2235 2256/2256/2256 2236/2236/2236
f 2236/2236/2236 2256/2256/2256 2257/2257/2257
f 2237/2237/2237 2258/2258/2258 2238/2238/2238
f 2238/2238/2238 2258/2258/2258 2259/2259/2259
f 2238/2238/2238 2259/2259/2259 2239/2239/2239
f 2239/2239/2239 2259/2259/2259 2260/2260/2260
f 2239/2239/2239 2260/2260/2260 2240/2240/2240
f 2240/2240/2240 2260/2260/2260 2261/2261/2261
f 2240/2240/2240 2261/2261/2261 2241/2241/2241
f 2241/2241/2241 2261/2261/2261 2262/2262/2262
f 2241/2241/2241 2262/2262/2262 2242/2242/2242
f 2242/2242/2242 2262/2262/2262 2263/2263/2263
f 2242/2242/2242 2263/2263/2263 2243/2243/2243
f 2243/2243/2243 2263/2263/2263 2264/2264/2264
f 2243/2243/2243 2264/2264/2264 2244/2244/2244
f 2244/2244/2244 2264/2264/2264 2265/2265/2265
f 2244/2244/2244 2265/2265/2265 2245/2245/2245
f 2245/2245/2245 2265/2265/2265 2266/2266/2266
f 2245/2245/2245 2266/2266/2266 2246/2246/2246
f 2246/2246/2246 2266/2266/2266 2267/2267/2267
f 2246/2246/2246 2267/2267/2267 2247/2247/2247
f 2247/2247/2247 2267/2267/2267 2268/2268/2268
f 2247/2247/2247 2268/2268/2268 2248/2248/2248
f 2248/2248/2248 2268/2268/2268 2269/2269/2269
f 2248/2248/2248 2269/2269/2269 2249/2249/2249
f 2249/2249/2249 2269/2269/2269 2270/2270/2270
f 2249/2249/2249 2270/2270/2270 2250/2250/2250
f 2250/2250/2250 2270/2270/2270 2271/2271/2271
f 2250/2250/2250 2271/2271/2271 2251/2251/2251
f 2251/2251/2251 2271/2271/2271 2272/2272/2272
f 2251/2251/2251 2272/2272/2272 2252/2252/2252
f 2252/2252/2252 2272/2272/2272 2273/2273/2273
f 2252/2252/2252 2273/2273/2273 2253/2253/2253
f 2253/2253/2253 2273/2273/2273 2274/2274/2274
f 2253/2253/2253 2274/2274/2274 2254/2254/2254
f 2254/2254/2254 2274/2274/2274 2275/2275/2275
f 2254/2254/2254 2275/2275/2275 2255/2255/2255
f 2255/2255/2255 2275/2275/2275 2276/2276/2276
f 2255/2255/2255 2276/2276/2276 2256/2256/2256
f 2256/2256/2256 2276/2276/2276 2277/2277/2277
f 2256/2256/2256 2277/2277/2277 2257/2257/2257
f 2257/2257/2257 2277/2277/2277 2278/2278/2278
f 2258/2258/2258 2279/2279/2279 2259/2259/2259
f 2259/2259/2259 2279/2279/2279 2280/2280/2280
f 2259/2259/2259 2280/2280/2280 2260/2260/2260
f 2260/2260/2260 2280/2280/2280 2281/2281/2281
f 2260/2260/2260 2281/2281/2281 2261/2261/2261
f 2261/2261/2261 2281/2281/2281 2282/2282/2282
f 2261/2261/2261 2282/2282/2282 2262/2262/2262
f 2262/2262/2262 2282/2282/2282 2283/2283/2283
f 2262/2262/2262 2283/2283/2283 2263/2263/2263
f 2263/2263/2263 2283/2283/2283 2284/2284/2284
f 2263/2263/2263 2284/2284/2284 2264/2264/2264
f 2264/2264/2264 2284/2284/2284 2285/2285/2285
f 2264/2264/2264 2285/2285/2285 2265/2265/2265
f 2265/2265/2265 2285/2285/2285 2286/2286/2286
f 2265/2265/2265 2286/2286/2286 2266/2266/2266
f 2266/2266/2266 2286/2286/2286 2287/2287/2287
f 2266/2266/2266 2287/2287/2287 2267/2267/2267
f 2267/2267/2267 2287/2287/2287 2288/2288/2288
f 2267/2267/2267 2288/2288/2288 2268/2268/2268
f 2268/2268/2268 2288/2288/2288 2289/2289/2289
f 2268/2268/2268 2289/2289/2289 2269/2269/2269
f 2269/2269/2269 2289/2289/2289 2290/2290/2290
f 2269/2269/2269 2290/2290/2290 2270/2270/2270
f 2270/2270/2270 2290/2290/2290 2291/2291/2291
f 2270/2270/2270 2291/2291/2291 2271/2271/2271
f 2271/2271/2271 2291/2291/2291 2292/2292/2292
f 2271/2271/2271 2292/2292/2292 2272/2272/2272
f 2272/2272/2272 2292/2292/2292 2293/2293/2293
f 2272/2272/2272 2293/2293/2293 2273/2273/2273
f 2273/2273/2273 2293/2293/2293 2294/2294/2294
f 2273/2273/2273 2294/2294/2294 2274/2274/2274
f 2274/2274/2274 2294/2294/2294 2295/2295/2295
f 2274/2274/2274 2295/2295/2295 2275/2275/2275
f 2275/2275/2275 2295/2295/2295 2296/2296/2296
f 2275/2275/2275 2296/2296/2296 2276/2276/2276
f 2276/2276/2276 2296/2296/2296 2297/2297/2297
f 2276/2276/2276 2297/2297/2297 2277/2277/2277
f 2277/2277/2277 2297/2297/2297 2298/2298/2298
f 2277/2277/2277 2298/2298/2298 2278/2278/2278
f 2278/2278/2278 2298/2298/2298 2299/2299/2299
f 2279/2279/2279 2300/2300/2300 2280/2280/2280
f 2280/2280/2280 2300/2300/2300 2301/2301/2301
f 2280/2280/2280 2301/2301/2301 2281/2281/2281
f 2281/2281/2281 2301/2301/2301 2302/2302/2302
f 2281/2281/2281 2302/2302/2302 2282/2282/2282
f 2282/2282/2282 2302/2302/2302 2303/2303/2303
f 2282/2282/2282 2303/2303/2303 2283/2283/2283
f 2283/2283/2283 2303/2303/2303 2304/2304/2304
f 2283/2283/2283 2304/2304/2304 2284/2284/2284
f 2284/2284/2284 2304/2304/2304 2305/2305/2305
f 2284/2284/2284 2305/2305/2305 2285/2285/2285
f 2285/2285/2285 2305/2305/2305 2306/2306/2306
f 2285/2285/2285 2306/2306/2306 2286/2286/2286
f 2286/2286/2286 2306/2306/2306 2307/2307/2307
f 2286/2286/2286 2307/2307/2307 2287/2287/2287
f 2287/2287/2287 2307/2307/2307 2308/2308/2308
f 2287/2287/2287 2308/2308/2308 2288/2288/2288
f 2288/2288/2288 2308/2308/2308 2309/2309/2309
f 2288/2288/2288 2309/2309/2309 2289/2289/2289
f 2289/2289/2289 2309/2309/2309 2310/2310/2310
f 2289/2289/2289 2310/2310/2310 2290/2290/2290
f 2290/2290/2290 2310/2310/2310 2311/2311/2311
f 2290/2290/2290 2311/2311/2311 2291/2291/2291
f 2291/2291/2291 2311/2311/2311 2312/2312/2312
f 2291/2291/2291 2312/2312/2312 2292/2292/2292
f 2292/2292/2292 2312/2312/2312 2313/2313/2313
f 2292/2292/2292 2313/2313/2313 2293/2293/2293
f 2293/2293/2293 2313/2313/2313 2314/2314/2314
f 2293/2293/2293 2314/2314/2314 2294/2294/2294
f 2294/2294/2294 2314/2314/2314 2315/2315/2315
f 2294/2294/2294 2315/2315/2315 2295/2295/2295
f 2295/2295/2295 2315/2315/2315 2316/2316/2316
f 2295/2295/2295 2316/2316/2316 2296/2296/2296
f 2296/2296/2296 2316/2316/2316 2317/2317/2317
f 2296/2296/2296 2317/2317/2317 2297/2297/2297
f 2297/2297/2297 2317/2317/2317 2318/2318/2318
f 2297/2297/2297 2318/2318/2318 2298/2298/2298
f 2298/2298/2298 2318/2318/2318 2319/2319/2319
f 2298/2298/2298 2319/2319/2319 2299/2299/2299
f 2299/2299/2299 2319/2319/2319 2320/2320/2320
f 2300/2300/2300 2321/2321/2321 2301/2301/2301
f 2301/2301/2301 2321/2321/2321 2322/2322/2322
f 2301/2301/2301 2322/2322/2322 2302/2302/2302
f 2302/2302/2302 2322/2322/2322 2323/2323/2323
f 2302/2302/2302 2323/2323/2323 2303/2303/2303
f 2303/2303/2303 2323/2323/2323 2324/2324/2324
f 2303/2303/2303 2324/2324/2324 2304/2304/2304
f 2304/2304/2304 2324/2324/2324 2325/2325/2325
f 2304/2304/2304 2325/2325/2325 2305/2305/2305
f 2305/2305/2305 2325/2325/2325 2326/2326/2326
f 2305/2305/2305 2326/2326/2326 2306/2306/2306
f 2306/2306/2306 2326/2326/2326 2327/2327/2327
f 2306/2306/2306 2327/2327/2327 2307/2307/2307
f 2307/2307/2307 2327/2327/2327 2328/2328/2328
f 2307/2307/2307 2328/2328/2328 2308/2308/2308
f 2308/2308/2308 2328/2328/2328 2329/2329/2329
f 2308/2308/2308 2329/2329/2329 2309/2309/2309
f 2309/2309/2309 2329/2329/2329 2330/2330/2330
f 2309/2309/2309 2330/2330/2330 2310/2310/2310
f 2310/2310/2310 2330/2330/2330 2331/2331/2331
f 2310/2310/2310 2331/2331/2331 2311/2311/2311
f 2311/2311/2311 2331/2331/2331 2332/2332/2332
f 2311/2311/2311 2332/2332/2332 2312/2312/2312
f 2312/2312/2312 2332/2332/2332 2333/2333/2333
f 2312/2312/2312 2333/2333/2333 2313/2313/2313
f 2313/2313/2313 2333/2333/2333 2334/2334/2334
f 2313/2313/2313 2334/2334/2334 2314/2314/2314
f 2314/2314/2314 2334/2334/2334 2335/2335/2335
f 2314/2314/2314 2335/2335/2335 2315/2315/2315
f 2315/2315/2315 2335/2335/2335 2336/2336/2336
f 2315/2315/2315 2336/2336/2336 2316/2316/2316
f 2316/2316/2316 2336/2336/2336 2337/2337/2337
f 2316/2316/2316 2337/2337/2337 2317/2317/2317
f 2317/2317/2317 2337/2337/2337 2338/2338/2338
f 2317/2317/2317 2338/2338/2338 2318/2318/2318
f 2318/2318/2318 2338/2338/2338 2339/2339/2339
f 2318/2318/2318 2339/2339/2339 2319/2319/2319
f 2319/2319/2319 2339/2339/2339 2340/2340/2340
f 2319/2319/2319 2340/2340/2340 2320/2320/2320
f 2320/2320/2320 2340/2340/2340 2341/2341/2341
f 2342/2342/2342 2363/2363/2363 2343/2343/2343
f 2343/2343/2343 2363/2363/2363 2364/2364/2364
f 2343/2343/2343 2364/2364/2364 2344/2344/2344
f 2344/2344/2344 2364/2364/2364 2365/2365/2365
f 2344/2344/2344 2365/2365/2365 2345/2345/2345
f 2345/2345/2345 2365/2365/2365 2366/2366/2366
f 2345/2345/2345 2366/2366/2366 2346/2346/2346
f 2346/2346/2346 2366/2366/2366 2367/2367/2367
f 2346/2346/2346 2367/2367/2367 2347/2347/2347
f 2347/2347/2347 2367/2367/2367 2368/2368/2368
f 2347/2347/2347 2368/2368/2368 2348/2348/2348
f 2348/2348/2348 2368/2368/2368 2369/2369/2369
f 2348/2348/2348 2369/2369/2369 2349/2349/2349
f 2349/2349/2349 2369/2369/2369 2370/2370/2370
f 2349/2349/2349 2370/2370/2370 2350/2350/2350
f 2350/2350/2350 2370/2370/2370 2371/2371/2371
f 2350/2350/2350 2371/2371/2371 2351/2351/2351
f 2351/2351/2351 2371/2371/2371 2372/2372/2372
f 2351/2351/2351 2372/2372/2372 2352/2352/2352
f 2352/2352/2352 2372/2372/2372 2373/2373/2373
f 2352/2352/2352 2373/2373/2373 2353/2353/2353
f 2353/2353/2353 2373/2373/2373 2374/2374/2374
f 2353/2353/2353 2374/2374/2374 2354/2354/2354
f 2354/2354/2354 2374/2374/2374 2375/2375/2375
f 2354/2354/2354 2375/2375/2375 2355/2355/2355
f 2355/2355/2355 2375/2375/2375 2376/2376/2376
f 2355/2355/2355 2376/2376/2376 2356/2356/2356
f 2356/2356/2356 2376/2376/2376 2377/2377/2377
f 2356/2356/2356 2377/2377/2377 2357/2357/2357
f 2357/2357/2357 2377/2377/2377 2378/2378/2378
f 2357/2357/2357 2378/2378/2378 2358/2358/2358
f 2358/2358/2358 2378/2378/2378 2379/2379/2379
f 2358/2358/2358 2379/2379/2379 2359/2359/2359
f 2359/2359/2359 2379/2379/2379 2380/2380/2380
f 2359/2359/2359 2380/2380/2380 2360/2360/2360
f 2360/2360/2360 2380/2380/2380 2381/2381/2381
f 2360/2360/2360 2381/2381/2381 2361/2361/2361
f 2361/2361/2361 2381/2381/2381 2382/2382/2382
f 2361/2361/2361 2382/2382/2382 2362/2362/2362
f 2362/2362/2362 2382/2382/2382 2383/2383/2383
f 2363/2363/2363 2384/2384/2384 2364/2364/2364
f 2364/2364/2364 2384/2384/2384 2385/2385/2385
f 2364/2364/2364 2385/2385/2385 2365/2365/2365
f 2365/2365/2365 2385/2385/2385 2386/2386/2386
f 2365/2365/2365 2386/2386/2386 2366/2366/2366
f 2366/2366/2366 2386/2386/2386 2387/2387/2387
f 2366/2366/2366 2387/2387/2387 2367/2367/2367
f 2367/2367/2367 2387/2387/2387 2388/2388/2388
f 2367/2367/2367 2388/2388/2388 2368/2368/2368
f 2368/2368/2368 2388/2388/2388 2389/2389/2389
f 2368/2368/2368 2389/2389/2389 2369/2369/2369
f 2369/2369/2369 2389/2389/2389 2390/2390/2390
f 2369/2369/2369 2390/2390/2390 2370/2370/2370
f 2370/2370/2370 2390/2390/2390 2391/2391/2391
f 2370/2370/2370 2391/2391/2391 2371/2371/2371
f 2371/2371/2371 2391/2391/2391 2392/2392/2392
f 2371/2371/2371 2392/2392/2392 2372/2372/2372
f 2372/2372/2372 2392/2392/2392 2393/2393/2393
f 2372/2372/2372 2393/2393/2393 2373/2373/2373
f 2373/2373/2373 2393/2393/2393 2394/2394/2394
f 2373/2373/2373 2394/2394/2394 2374/2374/2374
f 2374/2374/2374 2394/2394/2394 2395/2395/2395
f 2374/2374/2374 2395/2395/2395 2375/2375/2375
f 2375/2375/2375 2395/2395/2395 2396/2396/2396
f 2375/2375/2375 2396/2396/2396 2376/2376/2376
f 2376/2376/2376 2396/2396/2396 2397/2397/2397
f 2376/2376/2376 2397/2397/2397 2377/2377/2377
f 2377/2377/2377 2397/2397/2397 2398/2398/2398
f 2377/2377/2377 2398/2398/2398 2378/2378/2378
f 2378/2378/2378 2398/2398/2398 2399/2399/2399
f 2378/2378/2378 2399/2399/2399 2379/2379/2379
f 2379/2379/2379 2399/2399/2399 2400/2400/2400
f 2379/2379/2379 2400/2400/2400 2380/2380/2380
f 2380/2380/2380 2400/2400/2400 2401/2401/2401
f 2380/2380/2380 2401/2401/2401 2381/2381/2381
f 2381/2381/2381 2401/2401/2401 2402/2402/2402
f 2381/2381/2381 2402/2402/2402 2382/2382/2382
f 2382/2382/2382 2402/2402/2402 2403/2403/2403
f 2382/2382/2382 2403/2403/2403 2383/2383/2383
f 2383/2383/2383 2403/2403/2403 2404/2404/2404
f 2384/2384/2384 2405/2405/2405 2385/2385/2385
f 2385/2385/2385 2405/2405/2405 2406/2406/2406
f 2385/2385/2385 2406/2406/2406 2386/2386/2386
f 2386/2386/2386 2406/2406/2406 2407/2407/2407
f 2386/2386/2386 2407/2407/2407 2387/2387/2387
f 2387/2387/2387 2407/2407/2407 2408/2408/2408
f 2387/2387/2387 2408/2408/2408 2388/2388/2388
f 2388/2388/2388 2408/2408/2408 2409/2409/2409
f 2388/2388/2388 2409/2409/2409 2389/2389/2389
f 2389/2389/2389 2409/2409/2409 2410/2410/2410
f 2389/2389/2389 2410/2410/2410 2390/2390/2390
f 2390/2390/2390 2410/2410/2410 2411/2411/2411
f 2390/2390/2390 2411/2411/2411 2391/2391/2391
f 2391/2391/2391 2411/2411/2411 2412/2412/2412
f 2391/2391/2391 2412/2412/2412 2392/2392/2392
f 2392/2392/2392 2412/2412/2412 2413/2413/2413
f 2392/2392/2392 2413/2413/2413 2393/2393/2393
f 2393/2393/2393 2413/2413/2413 2414/2414/2414
f 2393/2393/2393 2414/2414/2414 2394/2394/2394
f 2394/2394/2394 2414/2414/2414 2415/2415/2415
f 2394/2394/2394 2415/2415/2415 2395/2395/2395
f 2395/2395/2395 2415/2415/2415 2416/2416/2416
f 2395/2395/2395 2416/2416/2416 2396/2396/2396
f 2396/2396/2396 2416/2416/2416 2417/2417/2417
f 2396/2396/2396 2417/2417/2417 2397/2397/2397
f 2397/2397/2397 2417/2417/2417 2418/2418/2418
f 2397/2397/2397 2418/2418/2418 2398/2398/2398
f 2398/2398/2398 2418/2418/2418 2419/2419/2419
f 2398/2398/2398 2419/2419/2419 2399/2399/2399
f 2399/2399/2399 2419/2419/2419 2420/2420/2420
f 2399/2399/2399 2420/2420/2420 2400/2400/2400
f 2400/2400/2400 2420/2420/2420 2421/2421/2421
f 2400/2400/2400 2421/2421/2421 2401/2401/2401
f 2401/2401/2401 2421/2421/2421 2422/2422/2422
f 2401/2401/2401 2422/2422/2422 2402/2402/2402
f 2402/2402/2402 2422/2422/2422 2423/2423/2423
f 2402/2402/2402 2423/2423/2423 2403/2403/2403
f 2403/2403/2403 2423/2423/2423 2424/2424/2424
f 2403/2403/2403 2424/2424/2424 2404/2404/2404
f 2404/2404/2404 2424/2424/2424 2425/2425/2425
f 2405/2405/2405 2426/2426/2426 2406/2406/2406
f 2406/2406/2406 2426/2426/2426 2427/2427/2427
f 2406/2406/2406 2427/2427/2427 2407/2407/2407
f 2407/2407/2407 2427/2427/2427 2428/2428/2428
f 2407/2407/2407 2428/2428/2428 2408/2408/2408
f 2408/2408/2408 2428/2428/2428 2429/2429/2429
f 2408/2408/2408 2429/2429/2429 2409/2409/2409
f 2409/2409/2409 2429/2429/2429 2430/2430/2430
f 2409/2409/2409 2430/2430/2430 2410/2410/2410
f 2410/2410/2410 2430/2430/2430 2431/2431/2431
f 2410/2410/2410 2431/2431/2431 2411/2411/2411
f 2411/2411/2411 2431/2431/2431 2432/2432/2432
f 2411/2411/2411 2432/2432/2432 2412/2412/2412
f 2412/2412/2412 2432/2432/2432 2433/2433/2433
f 2412/2412/2412 2433/2433/2433 2413/2413/2413
f 2413/2413/2413 2433/2433/2433 2434/2434/2434
f 2413/2413/2413 2434/2434/2434 2414/2414/2414
f 2414/2414/2414 2434/2434/2434 2435/2435/2435
f 2414/2414/2414 2435/2435/2435 2415/2415/2415
f 2415/2415/2415 2435/2435/2435 2436/2436/2436
f 2415/2415/2415 2436/2436/2436 2416/2416/2416
f 2416/2416/2416 2436/2436/2436 2437/2437/2437
f 2416/2416/2416 2437/2437/2437 2417/2417/2417
f 2417/2417/2417 2437/2437/2437 2438/2438/2438
f 2417/2417/2417 2438/2438/2438 2418/2418/2418
f 2418/2418/2418 2438/2438/2438 2439/2439/2439
f 2418/2418/2418 2439/2439/2439 2419/2419/2419
f 2419/2419/2419 2439/2439/2439 2440/2440/2440
f 2419/2419/2419 2440/2440/2440 2420/2420/2420
f 2420/2420/2420 2440/2440/2440 2441/2441/2441
f 2420/2420/2420 2441/2441/2441 2421/2421/2421
f 2421/2421/2421 2441/2441/2441 2442/2442/2442
f 2421/2421/2421 2442/2442/2442 2422/2422/2422
f 2422/2422/2422 2442/2442/2442 2443/2443/2443
f 2422/2422/2422 2443/2443/2443 2423/2423/2423
f 2423/2423/2423 2443/2443/2443 2444/2444/2444
f 2423/2423/2423 2444/2444/2444 2424/2424/2424
f 2424/2424/2424 2444/2444/2444 2445/2445/2445
f 2424/2424/2424 2445/2445/2445 2425/2425/2425
f 2425/2425/2425 2445/2445/2445 2446/2446/2446
f 2426/2426/2426 2447/2447/2447 2427/2427/2427
f 2427/2427/2427 2447/2447/2447 2448/2448/2448
f 2427/2427/2427 2448/2448/2448 2428/2428/2428
f 2428/2428/2428 2448/2448/2448 2449/2449/2449
f 2428/2428/2428 2449/2449/2449 2429/2429/2429
f 2429/2429/2429 2449/2449/2449 2450/2450/2450
f 2429/2429/2429 2450/2450/2450 2430/2430/2430
f 2430/2430/2430 2450/2450/2450 2451/2451/2451
f 2430/2430/2430 2451/2451/2451 2431/2431/2431
f 2431/2431/2431 2451/2451/2451 2452/2452/2452
f 2431/2431/2431 2452/2452/2452 2432/2432/2432
f 2432/2432/2432 2452/2452/2452 2453/2453/2453
f 2432/2432/2432 2453/2453/2453 2433/2433/2433
f 2433/2433/2433 2453/2453/2453 2454/2454/2454
f 2433/2433/2433 2454/2454/2454 2434/2434/2434
f 2434/2434/2434 2454/2454/2454 2455/2455/2455
f 2434/2434/2434 2455/2455/2455 2435/2435/2435
f 2435/2435/2435 2455/2455/2455 2456/2456/2456
f 2435/2435/2435 2456/2456/2456 2436/2436/2436
f 2436/2436/2436 2456/2456/2456 2457/2457/2457
f 2436/2436/2436 2457/2457/2457 2437/2437/2437
f 2437/2437/2437 2457/2457/2457 2458/2458/2458
f 2437/2437/2437 2458/2458/2458 2438/2438/2438
f 2438/2438/2438 2458/2458/2458 2459/2459/2459
f 2438/2438/2438 2459/2459/2459 2439/2439/2439
f 2439/2439/2439 2459/2459/2459 2460/2460/2460
f 2439/2439/2439 2460/2460/2460 2440/2440/2440
f 2440/2440/2440 2460/2460/2460 2461/2461/2461
f 2440/2440/2440 2461/2461/2461 2441/2441/2441
f 2441/2441/2441 2461/2461/2461 2462/2462/2462
f 2441/2441/2441 2462/2462/2462 2442/2442/2442
f 2442/2442/2442 2462/2462/2462 2463/2463/2463
f 2442/2442/2442 2463/2463/2463 2443/2443/2443
f 2443/2443/2443 2463/2463/2463 2464/2464/2464
f 2443/2443/2443 2464/2464/2464 2444/2444/2444
f 2444/2444/2444 2464/2464/2464 2465/2465/2465
f 2444/2444/2444 2465/2465/2465 2445/2445/2445
f 2445/2445/2445 2465/2465/2465 2466/2466/2466
f 2445/2445/2445 2466/2466/2466 2446/2446/2446
f 2446/2446/2446 2466/2466/2466 2467/2467/2467
f 2447/2447/2447 2468/2468/2468 2448/2448/2448
f 2448/2448/2448 2468/2468/2468 2469/2469/2469
f 2448/2448/2448 2469/2469/2469 2449/2449/2449
f 2449/2449/2449 2469/2469/2469 2470/2470/2470
f 2449/2449/2449 2470/2470/2470 2450/2450/2450
f 2450/2450/2450 2470/2470/2470 2471/2471/2471
f 2450/2450/2450 2471/2471/2471 2451/2451/2451
f 2451/2451/2451 2471/2471/2471 2472/2472/2472
f 2451/2451/2451 2472/2472/2472 2452/2452/2452
f 2452/2452/2452 2472/2472/2472 2473/2473/2473
f 2452/2452/2452 2473/2473/2473 2453/2453/2453
f 2453/2453/2453 2473/2473/2473 2474/2474/2474
f 2453/2453/2453 2474/2474/2474 2454/2454/2454
f 2454/2454/2454 2474/2474/2474 2475/2475/2475
f 2454/2454/2454 2475/2475/2475 2455/2455/2455
f 2455/2455/2455 2475/2475/2475 2476/2476/2476
f 2455/2455/2455 2476/2476/2476 2456/2456/2456
f 2456/2456/2456 2476/2476/2476 2477/2477/2477
f 2456/2456/2456 2477/2477/2477 2457/2457/2457
f 2457/2457/2457 2477/2477/2477 2478/2478/2478
f 2457/2457/2457 2478/2478/2478 2458/2458/2458
f 2458/2458/2458 2478/2478/2478 2479/2479/2479
f 2458/2458/2458 2479/2479/2479 2459/2459/2459
f 2459/2459/2459 2479/2479/2479 2480/2480/2480
f 2459/2459/2459 2480/2480/2480 2460/2460/2460
f 2460/2460/2460 2480/2480/2480 2481/2481/2481
f 2460/2460/2460 2481/2481/2481 2461/2461/2461
f 2461/2461/2461 2481/2481/2481 2482/2482/2482
f 2461/2461/2461 2482/2482/2482 2462/2462/2462
f 2462/2462/2462 2482/2482/2482 2483/2483/2483
f 2462/2462/2462 2483/2483/2483 2463/2463/2463
f 2463/2463/2463 2483/2483/2483 2484/2484/2484
f 2463/2463/2463 2484/2484/2484 2464/2464/2464
f 2464/2464/2464 2484/2484/2484 2485/2485/2485
f 2464/2464/2464 2485/2485/2485 2465/2465/2465
f 2465/2465/2465 2485/2485/2485 2486/2486/2486
f 2465/2465/2465 2486/2486/2486 2466/2466/2466
f 2466/2466/2466 2486/2486/2486 2487/2487/2487
f 2466/2466/2466 2487/2487/2487 2467/2467/2467
f 2467/2467/2467 2487/2487/2487 2488/2488/2488
f 2468/2468/2468 2489/2489/2489 2469/2469/2469
f 2469/2469/2469 2489/2489/2489 2490/2490/2490
f 2469/2469/2469 2490/2490/2490 2470/2470/2470
f 2470/2470/2470 2490/2490/2490 2491/2491/2491
f 2470/2470/2470 2491/2491/2491 2471/2471/2471
f 2471/2471/2471 2491/2491/2491 2492/2492/2492
f 2471/2471/2471 2492/2492/2492 2472/2472/2472
f 2472/2472/2472 2492/2492/2492 2493/2493/2493
f 2472/2472/2472 2493/2493/2493 2473/2473/2473
f 2473/2473/2473 2493/2493/2493 2494/2494/2494
f 2473/2473/2473 2494/2494/2494 2474/2474/2474
f 2474/2474/2474 2494/2494/2494 2495/2495/2495
f 2474/2474/2474 2495/2495/2495 2475/2475/2475
f 2475/2475/2475 2495/2495/2495 2496/2496/2496
f 2475/2475/2475 2496/2496/2496 2476/2476/2476
f 2476/2476/2476 2496/2496/2496 2497/2497/2497
f 2476/2476/2476 2497/2497/2497 2477/2477/2477
f 2477/2477/2477 2497/2497/2497 2498/2498/2498
f 2477/2477/2477 2498/2498/2498 2478/2478/2478
f 2478/2478/2478 2498/2498/2498 2499/2499/2499
f 2478/2478/2478 2499/2499/2499 2479/2479/2479
f 2479/2479/2479 2499/2499/2499 2500/2500/2500
f 2479/2479/2479 2500/2500/2500 2480/2480/2480
f 2480/2480/2480 2500/2500/2500 2501/2501/2501
f 2480/2480/2480 2501/2501/2501 2481/2481/2481
f 2481/2481/2481 2501/2501/2501 2502/2502/2502
f 2481/2481/2481 2502/2502/2502 2482/2482/2482
f 2482/2482/2482 2502/2502/2502 2503/2503/2503
f 2482/2482/2482 2503/2503/2503 2483/2483/2483
f 2483/2483/2483 2503/2503/2503 2504/2504/2504
f 2483/2483/2483 2504/2504/2504 2484/2484/2484
f 2484/2484/2484 2504/2504/2504 2505/2505/2505
f 2484/2484/2484 2505/2505/2505 2485/2485/2485
f 2485/2485/2485 2505/2505/2505 2506/2506/2506
f 2485/2485/2485 2506/2506/2506 2486/2486/2486
f 2486/2486/2486 2506/2506/2506 2507/2507/2507
f 2486/2486/2486 2507/2507/2507 2487/2487/2487
f 2487/2487/2487 2507/2507/2507 2508/2508/2508
f 2487/2487/2487 2508/2508/2508 2488/2488/2488
f 2488/2488/2488 2508/2508/2508 2509/2509/2509
f 2489/2489/2489 2510/2510/2510 2490/2490/2490
f 2490/2490/2490 2510/2510/2510 2511/2511/2511
f 2490/2490/2490 2511/2511/2511 2491/2491/2491
f 2491/2491/2491 2511/2511/2511 2512/2512/2512
f 2491/2491/2491 2512/2512/2512 2492/2492/2492
f 2492/2492/2492 2512/2512/2512 2513/2513/2513
f 2492/2492/2492 2513/2513/2513 2493/2493/2493
f 2493/2493/2493 2513/2513/2513 2514/2514/2514
f 2493/2493/2493 2514/2514/2514 2494/2494/2494
f 2494/2494/2494 2514/2514/2514 2515/2515/2515
f 2494/2494/2494 2515/2515/2515 2495/2495/2495
f 2495/2495/2495 2515/2515/2515 2516/2516/2516
f 2495/2495/2495 2516/2516/2516 2496/2496/2496
f 2496/2496/2496 2516/2516/2516 2517/2517/2517
f 2496/2496/2496 2517/2517/2517 2497/2497/2497
f 2497/2497/2497 2517/2517/2517 2518/2518/2518
f 2497/2497/2497 2518/2518/2518 2498/2498/2498
f 2498/2498/2498 2518/2518/2518 2519/2519/2519
f 2498/2498/2498 2519/2519/2519 2499/2499/2499
f 2499/2499/2499 2519/2519/2519 2520/2520/2520
f 2499/2499/2499 2520/2520/2520 2500/2500/2500
f 2500/2500/2500 2520/2520/2520 2521/2521/2521
f 2500/2500/2500 2521/2521/2521 2501/2501/2501
f 2501/2501/2501 2521/2521/2521 2522/2522/2522
f 2501/2501/2501 2522/2522/2522 2502/2502/2502
f 2502/2502/2502 2522/2522/2522 2523/2523/2523
f 2502/2502/2502 2523/2523/2523 2503/2503/2503
f 2503/2503/2503 2523/2523/2523 2524/2524/2524
f 2503/2503/2503 2524/2524/2524 2504/2504/2504
f 2504/2504/2504 2524/2524/2524 2525/2525/2525
f 2504/2504/2504 2525/2525/2525 2505/2505/2505
f 2505/2505/2505 2525/2525/2525 2526/2526/2526
f 2505/2505/2505 2526/2526/2526 2506/2506/2506
f 2506/2506/2506 2526/2526/2526 2527/2527/2527
f 2506/2506/2506 2527/2527/2527 2507/2507/2507
f 2507/2507/2507 2527/2527/2527 2528/2528/2528
f 2507/2507/2507 2528/2528/2528 2508/2508/2508
f 2508/2508/2508 2528/2528/2528 2529/2529/2529
f 2508/2508/2508 2529/2529/2529 2509/2509/2509
f 2509/2509/2509 2529/2529/2529 2530/2530/2530
f 2510/2510/2510 2531/2531/2531 2511/2511/2511
f 2511/2511/2511 2531/2531/2531 2532/2532/2532
f 2511/2511/2511 2532/2532/2532 2512/2512/2512
f 2512/2512/2512 2532/2532/2532 2533/2533/2533
f 2512/2512/2512 2533/2533/2533 2513/2513/2513
f 2513/2513/2513 2533/2533/2533 2534/2534/2534
f 2513/2513/2513 2534/2534/2534 2514/2514/2514
f 2514/2514/2514 2534/2534/2534 2535/2535/2535
f 2514/2514/2514 2535/2535/2535 2515/2515/2515
f 2515/2515/2515 2535/2535/2535 2536/2536/2536
f 2515/2515/2515 2536/2536/2536 2516/2516/2516
f 2516/2516/2516 2536/2536/2536 2537/2537/2537
f 2516/2516/2516 2537/2537/2537 2517/2517/2517
f 2517/2517/2517 2537/2537/2537 2538/2538/2538
f 2517/2517/2517 2538/2538/2538 2518/2518/2518
f 2518/2518/2518 2538/2538/2538 2539/2539/2539
f 2518/2518/2518 2539/2539/2539 2519/2519/2519
f 2519/2519/2519 2539/2539/2539 2540/2540/2540
f 2519/2519/2519 2540/2540/2540 2520/2520/2520
f 2520/2520/2520 2540/2540/2540 2541/2541/2541
f 2520/2520/2520 2541/2541/2541 2521/2521/2521
f 2521/2521/2521 2541/2541/2541 2542/2542/2542
f 2521/2521/2521 2542/2542/2542 2522/2522/2522
f 2522/2522/2522 2542/2542/2542 2543/2543/2543
f 2522/2522/2522 2543/2543/2543 2523/2523/2523
f 2523/2523/2523 2543/2543/2543 2544/2544/2544
f 2523/2523/2523 2544/2544/2544 2524/2524/2524
f 2524/2524/2524 2544/2544/2544 2545/2545/2545
f 2524/2524/2524 2545/2545/2545 2525/2525/2525
f 2525/2525/2525 2545/2545/2545 2546/2546/2546
f 2525/2525/2525 2546/2546/2546 2526/2526/2526
f 2526/2526/2526 2546/2546/2546 2547/2547/2547
f 2526/2526/2526 2547/2547/2547 2527/2527/2527
f 2527/2527/2527 2547/2547/2547 2548/2548/2548
f 2527/2527/2527 2548/2548/2548 2528/2528/2528
f 2528/2528/2528 2548/2548/2548 2549/2549/2549
f 2528/2528/2528 2549/2549/2549 2529/2529/2529
f 2529/2529/2529 2549/2549/2549 2550/2550/2550
f 2529/2529/2529 2550/2550/2550 2530/2530/2530
f 2530/2530/2530 2550/2550/2550 2551/2551/2551
f 2531/2531/2531 2552/2552/2552 2532/2532/2532
f 2532/2532/2532 2552/2552/2552 2553/2553/2553
f 2532/2532/2532 2553/2553/2553 2533/2533/2533
f 2533/2533/2533 2553/2553/2553 2554/2554/2554
f 2533/2533/2533 2554/2554/2554 2534/2534/2534
f 2534/2534/2534 2554/2554/2554 2555/2555/2555
f 2534/2534/2534 2555/2555/2555 2535/2535/2535
f 2535/2535/2535 2555/2555/2555 2556/2556/2556
f 2535/2535/2535 2556/2556/2556 2536/2536/2536
f 2536/2536/2536 2556/2556/2556 2557/2557/2557
f 2536/2536/2536 2557/2557/2557 2537/2537/2537
f 2537/2537/2537 2557/2557/2557 2558/2558/2558
f 2537/2537/2537 2558/2558/2558 2538/2538/2538
f 2538/2538/2538 2558/2558/2558 2559/2559/2559
f 2538/2538/2538 2559/2559/2559 2539/2539/2539
f 2539/2539/2539 2559/2559/2559 2560/2560/2560
f 2539/2539/2539 2560/2560/2560 2540/2540/2540
f 2540/2540/2540 2560/2560/2560 2561/2561/2561
f 2540/2540/2540 2561/2561/2561 2541/2541/2541
f 2541/2541/2541 2561/2561/2561 2562/2562/2562
f 2541/2541/2541 2562/2562/2562 2542/2542/2542
f 2542/2542/2542 2562/2562/2562 2563/2563/2563
f 2542/2542/2542 2563/2563/2563 2543/2543/2543
f 2543/2543/2543 2563/2563/2563 2564/2564/2564
f 2543/2543/2543 2564/2564/2564 2544/2544/2544
f 2544/2544/2544 2564/2564/2564 2565/2565/2565
f 2544/2544/2544 2565/2565/2565 2545/2545/2545
f 2545/2545/2545 2565/2565/2565 2566/2566/2566
f 2545/2545/2545 2566/2566/2566 2546/2546/2546
f 2546/2546/2546 2566/2566/2566 2567/2567/2567
f 2546/2546/2546 2567/2567/2567 2547/2547/2547
f 2547/2547/2547 2567/2567/2567 2568/2568/2568
f 2547/2547/2547 2568/2568/2568 2548/2548/2548
f 2548/2548/2548 2568/2568/2568 2569/2569/2569
f 2548/2548/2548 2569/2569/2569 2549/2549/2549
f 2549/2549/2549 2569/2569/2569 2570/2570/2570
f 2549/2549/2549 2570/2570/2570 2550/2550/2550
f 2550/2550/2550 2570/2570/2570 2571/2571/2571
f 2550/2550/2550 2571/2571/2571 2551/2551/2551
f 2551/2551/2551 2571/2571/2571 2572/2572/2572
f 2573/2573/2573 2594/2594/2594 2574/2574/2574
f 2574/2574/2574 2594/2594/2594 2595/2595/2595
f 2574/2574/2574 2595/2595/2595 2575/2575/2575
f 2575/2575/2575 2595/2595/2595 2596/2596/2596
f 2575/2575/2575 2596/2596/2596 2576/2576/2576
f 2576/2576/2576 2596/2596/2596 2597/2597/2597
f 2576/2576/2576 2597/2597/2597 2577/2577/2577
f 2577/2577/2577 2597/2597/2597 2598/2598/2598
f 2577/2577/2577 2598/2598/2598 2578/2578/2578
f 2578/2578/2578 2598/2598/2598 2599/2599/2599
f 2578/2578/2578 2599/2599/2599 2579/2579/2579
f 2579/2579/2579 2599/2599/2599 2600/2600/2600
f 2579/2579/2579 2600/2600/2600 2580/2580/2580
f 2580/2580/2580 2600/2600/2600 2601/2601/2601
f 2580/2580/2580 2601/2601/2601 2581/2581/2581
f 2581/2581/2581 2601/2601/2601 2602/2602/2602
f 2581/2581/2581 2602/2602/2602 2582/2582/2582
f 2582/2582/2582 2602/2602/2602 2603/2603/2603
f 2582/2582/2582 2603/2603/2603 2583/2583/2583
f 2583/2583/2583 2603/2603/2603 2604/2604/2604
f 2583/2583/2583 2604/2604/2604 2584/2584/2584
f 2584/2584/2584 2604/2604/2604 2605/2605/2605
f 2584/2584/2584 2605/2605/2605 2585/2585/2585
f 2585/2585/2585 2605/2605/2605 2606/2606/2606
f 2585/2585/2585 2606/2606/2606 2586/2586/2586
f 2586/2586/2586 2606/2606/2606 2607/2607/2607
f 2586/2586/2586 2607/2607/2607 2587/2587/2587
f 2587/2587/2587 2607/2607/2607 2608/2608/2608
f 2587/2587/2587 2608/2608/2608 2588/2588/2588
f 2588/2588/2588 2608/2608/2608 2609/2609/2609
f 2588/2588/2588 2609/2609/2609 2589/2589/2589
f 2589/2589/2589 2609/2609/2609 2610/2610/2610
f 2589/2589/2589 2610/2610/2610 2590/2590/2590
f 2590/2590/2590 2610/2610/2610 2611/2611/2611
f 2590/2590/2590 2611/2611/2611 2591/2591/2591
f 2591/2591/2591 2611/2611/2611 2612/2612/2612
f 2591/2591/2591 2612/2612/2612 2592/2592/2592
f 2592/2592/2592 2612/2612/2612 2613/2613/2613
f 2592/2592/2592 2613/2613/2613 2593/2593/2593
f 2593/2593/2593 2613/2613/2613 2614/2614/2614
f 2594/2594/2594 2615/2615/2615 2595/2595/2595
f 2595/2595/2595 2615/2615/2615 2616/2616/2616
f 2595/2595/2595 2616/2616/2616 2596/2596/2596
f 2596/2596/2596 2616/2616/2616 2617/2617/2617
f 2596/2596/2596 2617/2617/2617 2597/2597/2597
f 2597/2597/2597 2617/2617/2617 2618/2618/2618
f 2597/2597/2597 2618/2618/2618 2598/2598/2598
f 2598/2598/2598 2618/2618/2618 2619/2619/2619
f 2598/2598/2598 2619/2619/2619 2599/2599/2599
f 2599/2599/2599 2619/2619/2619 2620/2620/2620
f 2599/2599/2599 2620/2620/2620 2600/2600/2600
f 2600/2600/2600 2620/2620/2620 2621/2621/2621
f 2600/2600/2600 2621/2621/2621 2601/2601/2601
f 2601/2601/2601 2621/2621/2621 2622/2622/2622
f 2601/2601/2601 2622/2622/2622 2602/2602/2602
f 2602/2602/2602 2622/2622/2622 2623/2623/2623
f 2602/2602/2602 2623/2623/2623 2603/2603/2603
f 2603/2603/2603 2623/2623/2623 2624/2624/2624
f 2603/2603/2603 2624/2624/2624 2604/2604/2604
f 2604/2604/2604 2624/2624/2624 2625/2625/2625
f 2604/2604/2604 2625/2625/2625 2605/2605/2605
f 2605/2605/2605 2625/2625/2625 2626/2626/2626
f 2605/2605/2605 2626/2626/2626 2606/2606/2606
f 2606/2606/2606 2626/2626/2626 2627/2627/2627
f 2606/2606/2606 2627/2627/2627 2607/2607/2607
f 2607/2607/2607 2627/2627/2627 2628/2628/2628
f 2607/2607/2607 2628/2628/2628 2608/2608/2608
f 2608/2608/2608 2628/2628/2628 2629/2629/2629
f 2608/2608/2608 2629/2629/2629 2609/2609/2609
f 2609/2609/2609 2629/2629/2629 2630/2630/2630
f 2609/2609/2609 2630/2630/2630 2610/2610/2610
f 2610/2610/2610 2630/2630/2630 2631/2631/2631
f 2610/2610/2610 2631/2631/2631 2611/2611/2611
f 2611/2611/2611 2631/2631/2631 2632/2632/2632
f 2611/2611/2611 2632/2632/2632 2612/2612/2612
f 2612/2612/2612 2632/2632/2632 2633/2633/2633
f 2612/2612/2612 2633/2633/2633 2613/2613/2613
f 2613/2613/2613 2633/2633/2633 2634/2634/2634
f 2613/2613/2613 2634/2634/2634 2614/2614/2614
f 2614/2614/2614 2634/2634/2634 2635/2635/2635
f 2615/2615/2615 2636/2636/2636 2616/2616/2616
f 2616/2616/2616 2636/2636/2636 2637/2637/2637
f 2616/2616/2616 2637/2637/2637 2617/2617/2617
f 2617/2617/2617 2637/2637/2637 2638/2638/2638
f 2617/2617/2617 2638/2638/2638 2618/2618/2618
f 2618/2618/2618 2638/2638/2638 2639/2639/2639
f 2618/2618/2618 2639/2639/2639 2619/2619/2619
f 2619/2619/2619 2639/2639/2639 2640/2640/2640
f 2619/2619/2619 2640/2640/2640 2620/2620/2620
f 2620/2620/2620 2640/2640/2640 2641/2641/2641
f 2620/2620/2620 2641/2641/2641 2621/2621/2621
f 2621/2621/2621 2641/2641/2641 2642/2642/2642
f 2621/2621/2621 2642/2642/2642 2622/2622/2622
f 2622/2622/2622 2642/2642/2642 2643/2643/2643
f 2622/2622/2622 2643/2643/2643 2623/2623/2623
f 2623/2623/2623 2643/2643/2643 2644/2644/2644
f 2623/2623/2623 2644/2644/2644 2624/2624/2624
f 2624/2624/2624 2644/2644/2644 2645/2645/2645
f 2624/2624/2624 2645/2645/2645 2625/2625/2625
f 2625/2625/2625 2645/2645/2645 2646/2646/2646
f 2625/2625/2625 2646/2646/2646 2626/2626/2626
f 2626/2626/2626 2646/2646/2646 2647/2647/2647
f 2626/2626/2626 2647/2647/2647 2627/2627/2627
f 2627/2627/2627 2647/2647/2647 2648/2648/2648
f 2627/2627/2627 2648/2648/2648 2628/2628/2628
f 2628/2628/2628 2648/2648/2648 2649/2649/2649
f 2628/2628/2628 2649/2649/2649 2629/2629/2629
f 2629/2629/2629 2649/2649/2649 2650/2650/2650
f 2629/2629/2629 2650/2650/2650 2630/2630/2630
f 2630/2630/2630 2650/2650/2650 2651/2651/2651
f 2630/2630/2630 2651/2651/2651 2631/2631/2631
f 2631/2631/2631 2651/2651/2651 2652/2652/2652
f 2631/2631/2631 2652/2652/2652 2632/2632/2632
f 2632/2632/2632 2652/2652/2652 2653/2653/2653
f 2632/2632/2632 2653/2653/2653 2633/2633/2633
f 2633/2633/2633 2653/2653/2653 2654/2654/2654
f 2633/2633/2633 2654/2654/2654 2634/2634/2634
f 2634/2634/2634 2654/2654/2654 2655/2655/2655
f 2634/2634/2634 2655/2655/2655 2635/2635/2635
f 2635/2635/2635 2655/2655/2655 2656/2656/2656
f 2636/2636/2636 2657/2657/2657 2637/2637/2637
f 2637/2637/2637 2657/2657/2657 2658/2658/2658
f 2637/2637/2637 2658/2658/2658 2638/2638/2638
f 2638/2638/2638 2658/2658/2658 2659/2659/2659
f 2638/2638/2638 2659/2659/2659 2639/2639/2639
f 2639/2639/2639 2659/2659/2659 2660/2660/2660
f 2639/2639/2639 2660/2660/2660 2640/2640/2640
f 2640/2640/2640 2660/2660/2660 2661/2661/2661
f 2640/2640/2640 2661/2661/2661 2641/2641/2641
f 2641/2641/2641 2661/2661/2661 2662/2662/2662
f 2641/2641/2641 2662/2662/2662 2642/2642/2642
f 2642/2642/2642 2662/2662/2662 2663/2663/2663
f 2642/2642/2642 2663/2663/2663 2643/2643/2643
f 2643/2643/2643 2663/2663/2663 2664/2664/2664
f 2643/2643/2643 2664/2664/2664 2644/2644/2644
f 2644/2644/2644 2664/2664/2664 2665/2665/2665
f 2644/2644/2644 2665/2665/2665 2645/2645/2645
f 2645/2645/2645 2665/2665/2665 2666/2666/2666
f 2645/2645/2645 2666/2666/2666 2646/2646/2646
f 2646/2646/2646 2666/2666/2666 2667/2667/2667
f 2646/2646/2646 2667/2667/2667 2647/2647/2647
f 2647/2647/2647 2667/2667/2667 2668/2668/2668
f 2647/2647/2647 2668/2668/2668 2648/2648/2648
f 2648/2648/2648 2668/2668/2668 2669/2669/2669
f 2648/2648/2648 2669/2669/2669 2649/2649/2649
f 2649/2649/2649 2669/2669/2669 2670/2670/2670
f 2649/2649/2649 2670/2670/2670 2650/2650/2650
f 2650/2650/2650 2670/2670/2670 2671/2671/2671
f 2650/2650/2650 2671/2671/2671 2651/2651/2651
f 2651/2651/2651 2671/2671/2671 2672/2672/2672
f 2651/2651/2651 2672/2672/2672 2652/2652/2652
f 2652/2652/2652 2672/2672/2672 2673/2673/2673
f 2652/2652/2652 2673/2673/2673 2653/2653/2653
f 2653/2653/2653 2673/2673/2673 2674/2674/2674
f 2653/2653/2653 2674/2674/2674 2654/2654/2654
f 2654/2654/2654 2674/2674/2674 2675/2675/2675
f 2654/2654/2654 2675/2675/2675 2655/2655/2655
f 2655/2655/2655 2675/2675/2675 2676/2676/2676
f 2655/2655/2655 2676/2676/2676 2656/2656/2656
f 2656/2656/2656 2676/2676/2676 2677/2677/2677
f 2657/2657/2657 2678/2678/2678 2658/2658/2658
f 2658/2658/2658 2678/2678/2678 2679/2679/2679
f 2658/2658/2658 2679/2679/2679 2659/2659/2659
f 2659/2659/2659 2679/2679/2679 2680/2680/2680
f 2659/2659/2659 2680/2680/2680 2660/2660/2660
f 2660/2660/2660 2680/2680/2680 2681/2681/2681
f 2660/2660/2660 2681/2681/2681 2661/2661/2661
f 2661/2661/2661 2681/2681/2681 2682/2682/2682
f 2661/2661/2661 2682/2682/2682 2662/2662/2662
f 2662/2662/2662 2682/2682/2682 2683/2683/2683
f 2662/2662/2662 2683/2683/2683 2663/2663/2663
f 2663/2663/2663 2683/2683/2683 2684/2684/2684
f 2663/2663/2663 2684/2684/2684 2664/2664/2664
f 2664/2664/2664 2684/2684/2684 2685/2685/2685
f 2664/2664/2664 2685/2685/2685 2665/2665/2665
f 2665/2665/2665 2685/2685/2685 2686/2686/2686
f 2665/2665/2665 2686/2686/2686 2666/2666/2666
f 2666/2666/2666 2686/2686/2686 2687/2687/2687
f 2666/2666/2666 2687/2687/2687 2667/2667/2667
f 2667/2667/2667 2687/2687/2687 2688/2688/2688
f 2667/2667/2667 2688/2688/2688 2668/2668/2668
f 2668/2668/2668 2688/2688/2688 2689/2689/2689
f 2668/2668/2668 2689/2689/2689 2669/2669/2669
f 2669/2669/2669 2689/2689/2689 2690/2690/2690
f 2669/2669/2669 2690/2690/2690 2670/2670/2670
f 2670/2670/2670 2690/2690/2690 2691/2691/2691
f 2670/2670/2670 2691/2691/2691 2671/2671/2671
f 2671/2671/2671 2691/2691/2691 2692/2692/2692
f 2671/2671/2671 2692/2692/2692 2672/2672/2672
f 2672/2672/2672 2692/2692/2692 2693/2693/2693
f 2672/2672/2672 2693/2693/2693 2673/2673/2673
f 2673/2673/2673 2693/2693/2693 2694/2694/2694
f 2673/2673/2673 2694/2694/2694 2674/2674/2674
f 2674/2674/2674 2694/2694/2694 2695/2695/2695
f 2674/2674/2674 2695/2695/2695 2675/2675/2675
f 2675/2675/2675 2695/2695/2695 2696/2696/2696
f 2675/2675/2675 2696/2696/2696 2676/2676/2676
f 2676/2676/2676 2696/2696/2696 2697/2697/2697
f 2676/2676/2676 2697/2697/2697 2677/2677/2677
f 2677/2677/2677 2697/2697/2697 2698/2698/2698
f 2678/2678/2678 2699/2699/2699 2679/2679/2679
f 2679/2679/2679 2699/2699/2699 2700/2700/2700
f 2679/2679/2679 2700/2700/2700 2680/2680/2680
f 2680/2680/2680 2700/2700/2700 2701/2701/2701
f 2680/2680/2680 2701/2701/2701 2681/2681/2681
f 2681/2681/2681 2701/2701/2701 2702/2702/2702
f 2681/2681/2681 2702/2702/2702 2682/2682/2682
f 2682/2682/2682 2702/2702/2702 2703/2703/2703
f 2682/2682/2682 2703/2703/2703 2683/2683/2683
f 2683/2683/2683 2703/2703/2703 2704/2704/2704
f 2683/2683/2683 2704/2704/2704 2684/2684/2684
f 2684/2684/2684 2704/2704/2704 2705/2705/2705
f 2684/2684/2684 2705/2705/2705 2685/2685/2685
f 2685/2685/2685 2705/2705/2705 2706/2706/2706
f 2685/2685/2685 2706/2706/2706 2686/2686/2686
f 2686/2686/2686 2706/2706/2706 2707/2707/2707
f 2686/2686/2686 2707/2707/2707 2687/2687/2687
f 2687/2687/2687 2707/2707/2707 2708/2708/2708
f 2687/2687/2687 2708/2708/2708 2688/2688/2688
f 2688/2688/2688 2708/2708/2708 2709/2709/2709
f 2688/2688/2688 2709/2709/2709 2689/2689/2689
f 2689/2689/2689 2709/2709/2709 2710/2710/2710
f 2689/2689/2689 2710/2710/2710 2690/2690/2690
f 2690/2690/2690 2710/2710/2710 2711/2711/2711
f 2690/2690/2690 2711/2711/2711 2691/2691/2691
f 2691/2691/2691 2711/2711/2711 2712/2712/2712
f 2691/2691/2691 2712/2712/2712 2692/2692/2692
f 2692/2692/2692 2712/2712/2712 2713/2713/2713
f 2692/2692/2692 2713/2713/2713 2693/2693/2693
f 2693/2693/2693 2713/2713/2713 2714/2714/2714
f 2693/2693/2693 2714/2714/2714 2694/2694/2694
f 2694/2694/2694 2714/2714/2714 2715/2715/2715
f 2694/2694/2694 2715/2715/2715 2695/2695/2695
f 2695/2695/2695 2715/2715/2715 2716/2716/2716
f 2695/2695/2695 2716/2716/2716 2696/2696/2696
f 2696/2696/2696 2716/2716/2716 2717/2717/2717
f 2696/2696/2696 2717/2717/2717 2697/2697/2697
f 2697/2697/2697 2717/2717/2717 2718/2718/2718
f 2697/2697/2697 2718/2718/2718 2698/2698/2698
f 2698/2698/2698 2718/2718/2718 2719/2719/2719
f 2699/2699/2699 2720/2720/2720 2700/2700/2700
f 2700/2700/2700 2720/2720/2720 2721/2721/2721
f 2700/2700/2700 2721/2721/2721 2701/2701/2701
f 2701/2701/2701 2721/2721/2721 2722/2722/2722
f 2701/2701/2701 2722/2722/2722 2702/2702/2702
f 2702/2702/2702 2722/2722/2722 2723/2723/2723
f 2702/2702/2702 2723/2723/2723 2703/2703/2703
f 2703/2703/2703 2723/2723/2723 2724/2724/2724
f 2703/2703/2703 2724/2724/2724 2704/2704/2704
f 2704/2704/2704 2724/2724/2724 2725/2725/2725
f 2704/2704/2704 2725/2725/2725 2705/2705/2705
f 2705/2705/2705 2725/2725/2725 2726/2726/2726
f 2705/2705/2705 2726/2726/2726 2706/2706/2706
f 2706/2706/2706 2726/2726/2726 2727/2727/2727
f 2706/2706/2706 2727/2727/2727 2707/2707/2707
f 2707/2707/2707 2727/2727/2727 2728/2728/2728
f 2707/2707/2707 2728/2728/2728 2708/2708/2708
f 2708/2708/2708 2728/2728/2728 2729/2729/2729
f 2708/2708/2708 2729/2729/2729 2709/2709/2709
f 2709/2709/2709 2729/2729/2729 2730/2730/2730
f 2709/2709/2709 2730/2730/2730 2710/2710/2710
f 2710/2710/2710 2730/2730/2730 2731/2731/2731
f 2710/2710/2710 2731/2731/2731 2711/2711/2711
f 2711/2711/2711 2731/2731/2731 2732/2732/2732
f 2711/2711/2711 2732/2732/2732 2712/2712/2712
f 2712/2712/2712 2732/2732/2732 2733/2733/2733
f 2712/2712/2712 2733/2733/2733 2713/2713/2713
f 2713/2713/2713 2733/2733/2733 2734/2734/2734
f 2713/2713/2713 2734/2734/2734 2714/2714/2714
f 2714/2714/2714 2734/2734/2734 2735/2735/2735
f 2714/2714/2714 2735/2735/2735 2715/2715/2715
f 2715/2715/2715 2735/2735/2735 2736/2736/2736
f 2715/2715/2715 2736/2736/2736 2716/2716/2716
f 2716/2716/2716 2736/2736/2736 2737/2737/2737
f 2716/2716/2716 2737/2737/2737 2717/2717/2717
f 2717/2717/2717 2737/2737/2737 2738/2738/2738
f 2717/2717/2717 2738/2738/2738 2718/2718/2718
f 2718/2718/2718 2738/2738/2738 2739/2739/2739
f 2718/2718/2718 2739/2739/2739 2719/2719/2719
f 2719/2719/2719 2739/2739/2739 2740/2740/2740
f 2720/2720/2720 2741/2741/2741 2721/2721/2721
f 2721/2721/2721 2741/2741/2741 2742/2742/2742
f 2721/2721/2721 2742/2742/2742 2722/2722/2722
f 2722/2722/2722 2742/2742/2742 2743/2743/2743
f 2722/2722/2722 2743/2743/2743 2723/2723/2723
f 2723/2723/2723 2743/2743/2743 2744/2744/2744
f 2723/2723/2723 2744/2744/2744 2724/2724/2724
f 2724/2724/2724 2744/2744/2744 2745/2745/2745
f 2724/2724/2724 2745/2745/2745 2725/2725/2725
f 2725/2725/2725 2745/2745/2745 2746/2746/2746
f 2725/2725/2725 2746/2746/2746 2726/2726/2726
f 2726/2726/2726 2746/2746/2746 2747/2747/2747
f 2726/2726/2726 2747/2747/2747 2727/2727/2727
f 2727/2727/2727 2747/2747/2747 2748/2748/2748
f 2727/2727/2727 2748/2748/2748 2728/2728/2728
f 2728/2728/2728 2748/2748/2748 2749/2749/2749
f 2728/2728/2728 2749/2749/2749 2729/2729/2729
f 2729/2729/2729 2749/2749/2749 2750/2750/2750
f 2729/2729/2729 2750/2750/2750 2730/2730/2730
f 2730/2730/2730 2750/2750/2750 2751/2751/2751
f 2730/2730/2730 2751/2751/2751 2731/2731/2731
f 2731/2731/2731 2751/2751/2751 2752/2752/2752
f 2731/2731/2731 2752/2752/2752 2732/2732/2732
f 2732/2732/2732 2752/2752/2752 2753/2753/2753
f 2732/2732/2732 2753/2753/2753 2733/2733/2733
f 2733/2733/2733 2753/2753/2753 2754/2754/2754
f 2733/2733/2733 2754/2754/2754 2734/2734/2734
f 2734/2734/2734 2754/2754/2754 2755/2755/2755
f 2734/2734/2734 2755/2755/2755 2735/2735/2735
f 2735/2735/2735 2755/2755/2755 2756/2756/2756
f 2735/2735/2735 2756/2756/2756 2736/2736/2736
f 2736/2736/2736 2756/2756/2756 2757/2757/2757
f 2736/2736/2736 2757/2757/2757 2737/2737/2737
f 2737/2737/2737 2757/2757/2757 2758/2758/2758
f 2737/2737/2737 2758/2758/2758 2738/2738/2738
f 2738/2738/2738 2758/2758/2758 2759/2759/2759
f 2738/2738/2738 2759/2759/2759 2739/2739/2739
f 2739/2739/2739 2759/2759/2759 2760/2760/2760
f 2739/2739/2739 2760/2760/2760 2740/2740/2740
f 2740/2740/2740 2760/2760/2760 2761/2761/2761
f 2741/2741/2741 2762/2762/2762 2742/2742/2742
f 2742/2742/2742 2762/2762/2762 2763/2763/2763
f 2742/2742/2742 2763/2763/2763 2743/2743/2743
f 2743/2743/2743 2763/2763/2763 2764/2764/2764
f 2743/2743/2743 2764/2764/2764 2744/2744/2744
f 2744/2744/2744 2764/2764/2764 2765/2765/2765
f 2744/2744/2744 2765/2765/2765 2745/2745/2745
f 2745/2745/2745 2765/2765/2765 2766/2766/2766
f 2745/2745/2745 2766/2766/2766 2746/2746/2746
f 2746/2746/2746 2766/2766/2766 2767/2767/2767
f 2746/2746/2746 2767/2767/2767 2747/2747/2747
f 2747/2747/2747 2767/2767/2767 2768/2768/2768
f 2747/2747/2747 2768/2768/2768 2748/2748/2748
f 2748/2748/2748 2768/2768/2768 2769/2769/2769
f 2748/2748/2748 2769/2769/2769 2749/2749/2749
f 2749/2749/2749 2769/2769/2769 2770/2770/2770
f 2749/2749/2749 2770/2770/2770 2750/2750/2750
f 2750/2750/2750 2770/2770/2770 2771/2771/2771
f 2750/2750/2750 2771/2771/2771 2751/2751/2751
f 2751/2751/2751 2771/2771/2771 2772/2772/2772
f 2751/2751/2751 2772/2772/2772 2752/2752/2752
f 2752/2752/2752 2772/2772/2772 2773/2773/2773
f 2752/2752/2752 2773/2773/2773 2753/2753/2753
f 2753/2753/2753 2773/2773/2773 2774/2774/2774
f 2753/2753/2753 2774/2774/2774 2754/2754/2754
f 2754/2754/2754 2774/2774/2774 2775/2775/2775
f 2754/2754/2754 2775/2775/2775 2755/2755/2755
f 2755/2755/2755 2775/2775/2775 2776/2776/2776
f 2755/2755/2755 2776/2776/2776 2756/2756/2756
f 2756/2756/2756 2776/2776/2776 2777/2777/2777
f 2756/2756/2756 2777/2777/2777 2757/2757/2757
f 2757/2757/2757 2777/2777/2777 2778/2778/2778
f 2757/2757/2757 2778/2778/2778 2758/2758/2758
f 2758/2758/2758 2778/2778/2778 2779/2779/2779
f 2758/2758/2758 2779/2779/2779 2759/2759/2759
f 2759/2759/2759 2779/2779/2779 2780/2780/2780
f 2759/2759/2759 2780/2780/2780 2760/2760/2760
f 2760/2760/2760 2780/2780/2780 2781/2781/2781
f 2760/2760/2760 2781/2781/2781 2761/2761/2761
f 2761/2761/2761 2781/2781/2781 2782/2782/2782
f 2762/2762/2762 2783/2783/2783 2763/2763/2763
f 2763/2763/2763 2783/2783/2783 2784/2784/2784
f 2763/2763/2763 2784/2784/2784 2764/2764/2764
f 2764/2764/2764 2784/2784/2784 2785/2785/2785
f 2764/2764/2764 2785/2785/2785 2765/2765/2765
f 2765/2765/2765 2785/2785/2785 2786/2786/2786
f 2765/2765/2765 2786/2786/2786 2766/2766/2766
f 2766/2766/2766 2786/2786/2786 2787/2787/2787
f 2766/2766/2766 2787/2787/2787 2767/2767/2767
f 2767/2767/2767 2787/2787/2787 2788/2788/2788
f 2767/2767/2767 2788/2788/2788 2768/2768/2768
f 2768/2768/2768 2788/2788/2788 2789/2789/2789
f 2768/2768/2768 2789/2789/2789 2769/2769/2769
f 2769/2769/2769 2789/2789/2789 2790/2790/2790
f 2769/2769/2769 2790/2790/2790 2770/2770/2770
f 2770/2770/2770 2790/2790/2790 2791/2791/2791
f 2770/2770/2770 2791/2791/2791 2771/2771/2771
f 2771/2771/2771 2791/2791/2791 2792/2792/2792
f 2771/2771/2771 2792/2792/2792 2772/2772/2772
f 2772/2772/2772 2792/2792/2792 2793/2793/2793
f 2772/2772/2772 2793/2793/2793 2773/2773/2773
f 2773/2773/2773 2793/2793/2793 2794/2794/2794
f 2773/2773/2773 2794/2794/2794 2774/2774/2774
f 2774/2774/2774 2794/2794/2794 2795/2795/2795
f 2774/2774/2774 2795/2795/2795 2775/2775/2775
f 2775/2775/2775 2795/2795/2795 2796/2796/2796
f 2775/2775/2775 2796/2796/2796 2776/2776/2776
f 2776/2776/2776 2796/2796/2796 2797/2797/2797
f 2776/2776/2776 2797/2797/2797 2777/2777/2777
f 2777/2777/2777 2797/2797/2797 2798/2798/2798
f 2777/2777/2777 2798/2798/2798 2778/2778/2778
f 2778/2778/2778 2798/2798/2798 2799/2799/2799
f 2778/2778/2778 2799/2799/2799 2779/2779/2779
f 2779/2779/2779 2799/2799/2799 2800/2800/2800
f 2779/2779/2779 2800/2800/2800 2780/2780/2780
f 2780/2780/2780 2800/2800/2800 2801/2801/2801
f 2780/2780/2780 2801/2801/2801 2781/2781/2781
f 2781/2781/2781 2801/2801/2801 2802/2802/2802
f 2781/2781/2781 2802/2802/2802 2782/2782/2782
f 2782/2782/2782 2802/2802/2802 2803/2803/2803
f 2804/2804/2804 2825/2825/2825 2805/2805/2805
f 2805/2805/2805 2825/2825/2825 2826/2826/2826
f 2805/2805/2805 2826/2826/2826 2806/2806/2806
f 2806/2806/2806 2826/2826/2826 2827/2827/2827
f 2806/2806/2806 2827/2827/2827 2807/2807/2807
f 2807/2807/2807 2827/2827/2827 2828/2828/2828
f 2807/2807/2807 2828/2828/2828 2808/2808/2808
f 2808/2808/2808 2828/2828/2828 2829/2829/2829
f 2808/2808/2808 2829/2829/2829 2809/2809/2809
f 2809/2809/2809 2829/2829/2829 2830/2830/2830
f 2809/2809/2809 2830/2830/2830 2810/2810/2810
f 2810/2810/2810 2830/2830/2830 2831/2831/2831
f 2810/2810/2810 2831/2831/2831 2811/2811/2811
f 2811/2811/2811 2831/2831/2831 2832/2832/2832
f 2811/2811/2811 2832/2832/2832 2812/2812/2812
f 2812/2812/2812 2832/2832/2832 2833/2833/2833
f 2812/2812/2812 2833/2833/2833 2813/2813/2813
f 2813/2813/2813 2833/2833/2833 2834/2834/2834
f 2813/2813/2813 2834/2834/2834 2814/2814/2814
f 2814/2814/2814 2834/2834/2834 2835/2835/2835
f 2814/2814/2814 2835/2835/2835 2815/2815/2815
f 2815/2815/2815 2835/2835/2835 2836/2836/2836
f 2815/2815/2815 2836/2836/2836 2816/2816/2816
f 2816/2816/2816 2836/2836/2836 2837/2837/2837
f 2816/2816/2816 2837/2837/2837 2817/2817/2817
f 2817/2817/2817 2837/2837/2837 2838/2838/2838
f 2817/2817/2817 2838/2838/2838 2818/2818/2818
f 2818/2818/2818 2838/2838/2838 2839/2839/2839
f 2818/2818/2818 2839/2839/2839 2819/2819/2819
f 2819/2819/2819 2839/2839/2839 2840/2840/2840
f 2819/2819/2819 2840/2840/2840 2820/2820/2820
f 2820/2820/2820 2840/2840/2840 2841/2841/2841
f 2820/2820/2820 2841/2841/2841 2821/2821/2821
f 2821/2821/2821 2841/2841/2841 2842/2842/2842
f 2821/2821/2821 2842/2842/2842 2822/2822/2822
f 2822/2822/2822 2842/2842/2842 2843/2843/2843
f 2822/2822/2822 2843/2843/2843 2823/2823/2823
f 2823/2823/2823 2843/2843/2843 2844/2844/2844
f 2823/2823/2823 2844/2844/2844 2824/2824/2824
f 2824/2824/2824 2844/2844/2844 2845/2845/2845
f 2825/2825/2825 2846/2846/2846 2826/2826/2826
f 2826/2826/2826 2846/2846/2846 2847/2847/2847
f 2826/2826/2826 2847/2847/2847 2827/2827/2827
f 2827/2827/2827 2847/2847/2847 2848/2848/2848
f 2827/2827/2827 2848/2848/2848 2828/2828/2828
f 2828/2828/2828 2848/2848/2848 2849/2849/2849
f 2828/2828/2828 2849/2849/2849 2829/2829/2829
f 2829/2829/2829 2849/2849/2849 2850/2850/2850
f 2829/2829/2829 2850/2850/2850 2830/2830/2830
f 2830/2830/2830 2850/2850/2850 2851/2851/2851
f 2830/2830/2830 2851/2851/2851 2831/2831/2831
f 2831/2831/2831 2851/2851/2851 2852/2852/2852
f 2831/2831/2831 2852/2852/2852 2832/2832/2832
f 2832/2832/2832 2852/2852/2852 2853/2853/2853
f 2832/2832/2832 2853/2853/2853 2833/2833/2833
f 2833/2833/2833 2853/2853/2853 2854/2854/2854
f 2833/2833/2833 2854/2854/2854 2834/2834/2834
f 2834/2834/2834 2854/2854/2854 2855/2855/2855
f 2834/2834/2834 2855/2855/2855 2835/2835/2835
f 2835/2835/2835 2855/2855/2855 2856/2856/2856
f 2835/2835/2835 2856/2856/2856 2836/2836/2836
f 2836/2836/2836 2856/2856/2856 2857/2857/2857
f 2836/2836/2836 2857/2857/2857 2837/2837/2837
f 2837/2837/2837 2857/2857/2857 2858/2858/2858
f 2837/2837/2837 2858/2858/2858 2838/2838/2838
f 2838/2838/2838 2858/2858/2858 2859/2859/2859
f 2838/2838/2838 2859/2859/2859 2839/2839/2839
f 2839/2839/2839 2859/2859/2859 2860/2860/2860
f 2839/2839/2839 2860/2860/2860 2840/2840/2840
f 2840/2840/2840 2860/2860/2860 2861/2861/2861
f 2840/2840/2840 2861/2861/2861 2841/2841/2841
f 2841/2841/2841 2861/2861/2861 2862/2862/2862
f 2841/2841/2841 2862/2862/2862 2842/2842/2842
f 2842/2842/2842 2862/2862/2862 2863/2863/2863
f 2842/2842/2842 2863/2863/2863 2843/2843/2843
f 2843/2843/2843 2863/2863/2863 2864/2864/2864
f 2843/2843/2843 2864/2864/2864 2844/2844/2844
f 2844/2844/2844 2864/2864/2864 2865/2865/2865
f 2844/2844/2844 2865/2865/2865 2845/2845/2845
f 2845/2845/2845 2865/2865/2865 2866/2866/2866
f 2846/2846/2846 2867/2867/2867 2847/2847/2847
f 2847/2847/2847 2867/2867/2867 2868/2868/2868
f 2847/2847/2847 2868/2868/2868 2848/2848/2848
f 2848/2848/2848 2868/2868/2868 2869/2869/2869
f 2848/2848/2848 2869/2869/2869 2849/2849/2849
f 2849/2849/2849 2869/2869/2869 2870/2870/2870
f 2849/2849/2849 2870/2870/2870 2850/2850/2850
f 2850/2850/2850 2870/2870/2870 2871/2871/2871
f 2850/2850/2850 2871/2871/2871 2851/2851/2851
f 2851/2851/2851 2871/2871/2871 2872/2872/2872
f 2851/2851/2851 2872/2872/2872 2852/2852/2852
f 2852/2852/2852 2872/2872/2872 2873/2873/2873
f 2852/2852/2852 2873/2873/2873 2853/2853/2853
f 2853/2853/2853 2873/2873/2873 2874/2874/2874
f 2853/2853/2853 2874/2874/2874 2854/2854/2854
f 2854/2854/2854 2874/2874/2874 2875/2875/2875
f 2854/2854/2854 2875/2875/2875 2855/2855/2855
f 2855/2855/2855 2875/2875/2875 2876/2876/2876
f 2855/2855/2855 2876/2876/2876 2856/2856/2856
f 2856/2856/2856 2876/2876/2876 2877/2877/2877
f 2856/2856/2856 2877/2877/2877 2857/2857/2857
f 2857/2857/2857 2877/2877/2877 2878/2878/2878
f 2857/2857/2857 2878/2878/2878 2858/2858/2858
f 2858/2858/2858 2878/2878/2878 2879/2879/2879
f 2858/2858/2858 2879/2879/2879 2859/2859/2859
f 2859/2859/2859 2879/2879/2879 2880/2880/2880
f 2859/2859/2859 2880/2880/2880 2860/2860/2860
f 2860/2860/2860 2880/2880/2880 2881/2881/2881
f 2860/2860/2860 2881/2881/2881 2861/2861/2861
f 2861/2861/2861 2881/2881/2881 2882/2882/2882
f 2861/2861/2861 2882/2882/2882 2862/2862/2862
f 2862/2862/2862 2882/2882/2882 2883/2883/2883
f 2862/2862/2862 2883/2883/2883 2863/2863/2863
f 2863/2863/2863 2883/2883/2883 2884/2884/2884
f 2863/2863/2863 2884/2884/2884 2864/2864/2864
f 2864/2864/2864 2884/2884/2884 2885/2885/2885
f 2864/2864/2864 2885/2885/2885 2865/2865/2865
f 2865/2865/2865 2885/2885/2885 2886/2886/2886
f 2865/2865/2865 2886/2886/2886 2866/2866/2866
f 2866/2866/2866 2886/2886/2886 2887/2887/2887
f 2867/2867/2867 2888/2888/2888 2868/2868/2868
f 2868/2868/2868 2888/2888/2888 2889/2889/2889
f 2868/2868/2868 2889/2889/2889 2869/2869/2869
f 2869/2869/2869 2889/2889/2889 2890/2890/2890
f 2869/2869/2869 2890/2890/2890 2870/2870/2870
f 2870/2870/2870 2890/2890/2890 2891/2891/2891
f 2870/2870/2870 2891/2891/2891 2871/2871/2871
f 2871/2871/2871 2891/2891/2891 2892/2892/2892
f 2871/2871/2871 2892/2892/2892 2872/2872/2872
f 2872/2872/2872 2892/2892/2892 2893/2893/2893
f 2872/2872/2872 2893/2893/2893 2873/2873/2873
f 2873/2873/2873 2893/2893/2893 2894/2894/2894
f 2873/2873/2873 2894/2894/2894 2874/2874/2874
f 2874/2874/2874 2894/2894/2894 2895/2895/2895
f 2874/2874/2874 2895/2895/2895 2875/2875/2875
f 2875/2875/2875 2895/2895/2895 2896/2896/2896
f 2875/2875/2875 2896/2896/2896 2876/2876/2876
f 2876/2876/2876 2896/2896/2896 2897/2897/2897
f 2876/2876/2876 2897/2897/2897 2877/2877/2877
f 2877/2877/2877 2897/2897/2897 2898/2898/2898
f 2877/2877/2877 2898/2898/2898 2878/2878/2878
f 2878/2878/2878 2898/2898/2898 2899/2899/2899
f 2878/2878/2878 2899/2899/2899 2879/2879/2879
f 2879/2879/2879 2899/2899/2899 2900/2900/2900
f 2879/2879/2879 2900/2900/2900 2880/2880/2880
f 2880/2880/2880 2900/2900/2900 2901/2901/2901
f 2880/2880/2880 2901/2901/2901 2881/2881/2881
f 2881/2881/2881 2901/2901/2901 2902/2902/2902
f 2881/2881/2881 2902/2902/2902 2882/2882/2882
f 2882/2882/2882 2902/2902/2902 2903/2903/2903
f 2882/2882/2882 2903/2903/2903 2883/2883/2883
f 2883/2883/2883 2903/2903/2903 2904/2904/2904
f 2883/2883/2883 2904/2904/2904 2884/2884/2884
f 2884/2884/2884 2904/2904/2904 2905/2905/2905
f 2884/2884/2884 2905/2905/2905 2885/2885/2885
f 2885/2885/2885 2905/2905/2905 2906/2906/2906
f 2885/2885/2885 2906/2906/2906 2886/2886/2886
f 2886/2886/2886 2906/2906/2906 2907/2907/2907
f 2886/2886/2886 2907/2907/2907 2887/2887/2887
f 2887/2887/2887 2907/2907/2907 2908/2908/2908
f 2888/2888/2888 2909/2909/2909 2889/2889/2889
f 2889/2889/2889 2909/2909/2909 2910/2910/2910
f 2889/2889/2889 2910/2910/2910 2890/2890/2890
f 2890/2890/2890 2910/2910/2910 2911/2911/2911
f 2890/2890/2890 2911/2911/2911 2891/2891/2891
f 2891/2891/2891 2911/2911/2911 2912/2912/2912
f 2891/2891/2891 2912/2912/2912 2892/2892/2892
f 2892/2892/2892 2912/2912/2912 2913/2913/2913
f 2892/2892/2892 2913/2913/2913 2893/2893/2893
f 2893/2893/2893 2913/2913/2913 2914/2914/2914
f 2893/2893/2893 2914/2914/2914 2894/2894/2894
f 2894/2894/2894 2914/2914/2914 2915/2915/2915
f 2894/2894/2894 2915/2915/2915 2895/2895/2895
f 2895/2895/2895 2915/2915/2915 2916/2916/2916
f 2895/2895/2895 2916/2916/2916 2896/2896/2896
f 2896/2896/2896 2916/2916/2916 2917/2917/2917
f 2896/2896/2896 2917/2917/2917 2897/2897/2897
f 2897/2897/2897 2917/2917/2917 2918/2918/2918
f 2897/2897/2897 2918/2918/2918 2898/2898/2898
f 2898/2898/2898 2918/2918/2918 2919/2919/2919
f 2898/2898/2898 2919/2919/2919 2899/2899/2899
f 2899/2899/2899 2919/2919/2919 2920/2920/2920
f 2899/2899/2899 2920/2920/2920 2900/2900/2900
f 2900/2900/2900 2920/2920/2920 2921/2921/2921
f 2900/2900/2900 2921/2921/2921 2901/2901/2901
f 2901/2901/2901 2921/2921/2921 2922/2922/2922
f 2901/2901/2901 2922/2922/2922 2902/2902/2902
f 2902/2902/2902 2922/2922/2922 2923/2923/2923
f 2902/2902/2902 2923/2923/2923 2903/2903/2903
f 2903/2903/2903 2923/2923/2923 2924/2924/2924
f 2903/2903/2903 2924/2924/2924 2904/2904/2904
f 2904/2904/2904 2924/2924/2924 2925/2925/2925
f 2904/2904/2904 2925/2925/2925 2905/2905/2905
f 2905/2905/2905 2925/2925/2925 2926/2926/2926
f 2905/2905/2905 2926/2926/2926 2906/2906/2906
f 2906/2906/2906 2926/2926/2926 2927/2927/2927
f 2906/2906/2906 2927/2927/2927 2907/2907/2907
f 2907/2907/2907 2927/2927/2927 2928/2928/2928
f 2907/2907/2907 2928/2928/2928 2908/2908/2908
f 2908/2908/2908 2928/2928/2928 2929/2929/2929
f 2909/2909/2909 2930/2930/2930 2910/2910/2910
f 2910/2910/2910 2930/2930/2930 2931/2931/2931
f 2910/2910/2910 2931/2931/2931 2911/2911/2911
f 2911/2911/2911 2931/2931/2931 2932/2932/2932
f 2911/2911/2911 2932/2932/2932 2912/2912/2912
f 2912/2912/2912 2932/2932/2932 2933/2933/2933
f 2912/2912/2912 2933/2933/2933 2913/2913/2913
f 2913/2913/2913 2933/2933/2933 2934/2934/2934
f 2913/2913/2913 2934/2934/2934 2914/2914/2914
f 2914/2914/2914 2934/2934/2934 2935/2935/2935
f 2914/2914/2914 2935/2935/2935 2915/2915/2915
f 2915/2915/2915 2935/2935/2935 2936/2936/2936
f 2915/2915/2915 2936/2936/2936 2916/2916/2916
f 2916/2916/2916 2936/2936/2936 2937/2937/2937
f 2916/2916/2916 2937/2937/2937 2917/2917/2917
f 2917/2917/2917 2937/2937/2937 2938/2938/2938
f 2917/2917/2917 2938/2938/2938 2918/2918/2918
f 2918/2918/2918 2938/2938/2938 2939/2939/2939
f 2918/2918/2918 2939/2939/2939 2919/2919/2919
f 2919/2919/2919 2939/2939/2939 2940/2940/2940
f 2919/2919/2919 2940/2940/2940 2920/2920/2920
f 2920/2920/2920 2940/2940/2940 2941/2941/2941
f 2920/2920/2920 2941/2941/2941 2921/2921/2921
f 2921/2921/2921 2941/2941/2941 2942/2942/2942
f 2921/2921/2921 2942/2942/2942 2922/2922/2922
f 2922/2922/2922 2942/2942/2942 2943/2943/2943
f 2922/2922/2922 2943/2943/2943 2923/2923/2923
f 2923/2923/2923 2943/2943/2943 2944/2944/2944
f 2923/2923/2923 2944/2944/2944 2924/2924/2924
f 2924/2924/2924 2944/2944/2944 2945/2945/2945
f 2924/2924/2924 2945/2945/2945 2925/2925/2925
f 2925/2925/2925 2945/2945/2945 2946/2946/2946
f 2925/2925/2925 2946/2946/2946 2926/2926/2926
f 2926/2926/2926 2946/2946/2946 2947/2947/2947
f 2926/2926/2926 2947/2947/2947 2927/2927/2927
f 2927/2927/2927 2947/2947/2947 2948/2948/2948
f 2927/2927/2927 2948/2948/2948 2928/2928/2928
f 2928/2928/2928 2948/2948/2948 2949/2949/2949
f 2928/2928/2928 2949/2949/2949 2929/2929/2929
f 2929/2929/2929 2949/2949/2949 2950/2950/2950
f 2951/2951/2951 2972/2972/2972 2952/2952/2952
f 2952/2952/2952 2972/2972/2972 2973/2973/2973
f 2952/2952/2952 2973/2973/2973 2953/2953/2953
f 2953/2953/2953 2973/2973/2973 2974/2974/2974
f 2953/2953/2953 2974/2974/2974 2954/2954/2954
f 2954/2954/2954 2974/2974/2974 2975/2975/2975
f 2954/2954/2954 2975/2975/2975 2955/2955/2955
f 2955/2955/2955 2975/2975/2975 2976/2976/2976
f 2955/2955/2955 2976/2976/2976 2956/2956/2956
f 2956/2956/2956 2976/2976/2976 2977/2977/2977
f 2956/2956/2956 2977/2977/2977 2957/2957/2957
f 2957/2957/2957 2977/2977/2977 2978/2978/2978
f 2957/2957/2957 2978/2978/2978 2958/2958/2958
f 2958/2958/2958 2978/2978/2978 2979/2979/2979
f 2958/2958/2958 2979/2979/2979 2959/2959/2959
f 2959/2959/2959 2979/2979/2979 2980/2980/2980
f 2959/2959/2959 2980/2980/2980 2960/2960/2960
f 2960/2960/2960 2980/2980/2980 2981/2981/2981
f 2960/2960/2960 2981/2981/2981 2961/2961/2961
f 2961/2961/2961 2981/2981/2981 2982/2982/2982
f 2961/2961/2961 2982/2982/2982 2962/2962/2962
f 2962/2962/2962 2982/2982/2982 2983/2983/2983
f 2962/2962/2962 2983/2983/2983 2963/2963/2963
f 2963/2963/2963 2983/2983/2983 2984/2984/2984
f 2963/2963/2963 2984/2984/2984 2964/2964/2964
f 2964/2964/2964 2984/2984/2984 2985/2985/2985
f 2964/2964/2964 2985/2985/2985 2965/2965/2965
f 2965/2965/2965 2985/2985/2985 2986/2986/2986
f 2965/2965/2965 2986/2986/2986 2966/2966/2966
f 2966/2966/2966 2986/2986/2986 2987/2987/2987
f 2966/2966/2966 2987/2987/2987 2967/2967/2967
f 2967/2967/2967 2987/2987/2987 2988/2988/2988
f 2967/2967/2967 2988/2988/2988 2968/2968/2968
f 2968/2968/2968 2988/2988/2988 2989/2989/2989
f 2968/2968/2968 2989/2989/2989 2969/2969/2969
f 2969/2969/2969 2989/2989/2989 2990/2990/2990
f 2969/2969/2969 2990/2990/2990 2970/2970/2970
f 2970/2970/2970 2990/2990/2990 2991/2991/2991
f 2970/2970/2970 2991/2991/2991 2971/2971/2971
f 2971/2971/2971 2991/2991/2991 2992/2992/2992
f 2972/2972/2972 2993/2993/2993 2973/2973/2973
f 2973/2973/2973 2993/2993/2993 2994/2994/2994
f 2973/2973/2973 2994/2994/2994 2974/2974/2974
f 2974/2974/2974 2994/2994/2994 2995/2995/2995
f 2974/2974/2974 2995/2995/2995 2975/2975/2975
f 2975/2975/2975 2995/2995/2995 2996/2996/2996
f 2975/2975/2975 2996/2996/2996 2976/2976/2976
f 2976/2976/2976 2996/2996/2996 2997/2997/2997
f 2976/2976/2976 2997/2997/2997 2977/2977/2977
f 2977/2977/2977 2997/2997/2997 2998/2998/2998
f 2977/2977/2977 2998/2998/2998 2978/2978/2978
f 2978/2978/2978 2998/2998/2998 2999/2999/2999
f 2978/2978/2978 2999/2999/2999 2979/2979/2979
f 2979/2979/2979 2999/2999/2999 3000/3000/3000
f 2979/2979/2979 3000/3000/3000 2980/2980/2980
f 2980/2980/2980 3000/3000/3000 3001/3001/3001
f 2980/2980/2980 3001/3001/3001 2981/2981/2981
f 2981/2981/2981 3001/3001/3001 3002/3002/3002
f 2981/2981/2981 3002/3002/3002 2982/2982/2982
f 2982/2982/2982 3002/3002/3002 3003/3003/3003
f 2982/2982/2982 3003/3003/3003 2983/2983/2983
f 2983/2983/2983 3003/3003/3003 3004/3004/3004
f 2983/2983/2983 3004/3004/3004 2984/2984/2984
f 2984/2984/2984 3004/3004/3004 3005/3005/3005
f 2984/2984/2984 3005/3005/3005 2985/2985/2985
f 2985/2985/2985 3005/3005/3005 3006/3006/3006
f 2985/2985/2985 3006/3006/3006 2986/2986/2986
f 2986/2986/2986 3006/3006/3006 3007/3007/3007
f 2986/2986/2986 3007/3007/3007 2987/2987/2987
f 2987/2987/2987 3007/3007/3007 3008/3008/3008
f 2987/2987/2987 3008/3008/3008 2988/2988/2988
f 2988/2988/2988 3008/3008/3008 3009/3009/3009
f 2988/2988/2988 3009/3009/3009 2989/2989/2989
f 2989/2989/2989 3009/3009/3009 3010/3010/3010
f 2989/2989/2989 3010/3010/3010 2990/2990/2990
f 2990/2990/2990 3010/3010/3010 3011/3011/3011
f 2990/2990/2990 3011/3011/3011 2991/2991/2991
f 2991/2991/2991 3011/3011/3011 3012/3012/3012
f 2991/2991/2991 3012/3012/3012 2992/2992/2992
f 2992/2992/2992 3012/3012/3012 3013/3013/3013
f 2993/2993/2993 3014/3014/3014 2994/2994/2994
f 2994/2994/2994 3014/3014/3014 3015/3015/3015
f 2994/2994/2994 3015/3015/3015 2995/2995/2995
f 2995/2995/2995 3015/3015/3015 3016/3016/3016
f 2995/2995/2995 3016/3016/3016 2996/2996/2996
f 2996/2996/2996 3016/3016/3016 3017/3017/3017
f 2996/2996/2996 3017/3017/3017 2997/2997/2997
f 2997/2997/2997 3017/3017/3017 3018/3018/3018
f 2997/2997/2997 3018/3018/3018 2998/2998/2998
f 2998/2998/2998 3018/3018/3018 3019/3019/3019
f 2998/2998/2998 3019/3019/3019 2999/2999/2999
f 2999/2999/2999 3019/3019/3019 3020/3020/3020
f 2999/2999/2999 3020/3020/3020 3000/3000/3000
f 3000/3000/3000 3020/3020/3020 3021/3021/3021
f 3000/3000/3000 3021/3021/3021 3001/3001/3001
f 3001/3001/3001 3021/3021/3021 3022/3022/3022
f 3001/3001/3001 3022/3022/3022 3002/3002/3002
f 3002/3002/3002 3022/3022/3022 3023/3023/3023
f 3002/3002/3002 3023/3023/3023 3003/3003/3003
f 3003/3003/3003 3023/3023/3023 3024/3024/3024
f 3003/3003/3003 3024/3024/3024 3004/3004/3004
f 3004/3004/3004 3024/3024/3024 3025/3025/3025
f 3004/3004/3004 3025/3025/3025 3005/3005/3005
f 3005/3005/3005 3025/3025/3025 3026/3026/3026
f 3005/3005/3005 3026/3026/3026 3006/3006/3006
f 3006/3006/3006 3026/3026/3026 3027/3027/3027
f 3006/3006/3006 3027/3027/3027 3007/3007/3007
f 3007/3007/3007 3027/3027/3027 3028/3028/3028
f 3007/3007/3007 3028/3028/3028 3008/3008/3008
f 3008/3008/3008 3028/3028/3028 3029/3029/3029
f 3008/3008/3008 3029/3029/3029 3009/3009/3009
f 3009/3009/3009 3029/3029/3029 3030/3030/3030
f 3009/3009/3009 3030/3030/3030 3010/3010/3010
f 3010/3010/3010 3030/3030/3030 3031/3031/3031
f 3010/3010/3010 3031/3031/3031 3011/3011/3011
f 3011/3011/3011 3031/3031/3031 3032/3032/3032
f 3011/3011/3011 3032/3032/3032 3012/3012/3012
f 3012/3012/3012 3032/3032/3032 3033/3033/3033
f 3012/3012/3012 3033/3033/3033 3013/3013/3013
f 3013/3013/3013 3033/3033/3033 3034/3034/3034
f 3014/3014/3014 3035/3035/3035 3015/3015/3015
f 3015/3015/3015 3035/3035/3035 3036/3036/3036
f 3015/3015/3015 3036/3036/3036 3016/3016/3016
f 3016/3016/3016 3036/3036/3036 3037/3037/3037
f 3016/3016/3016 3037/3037/3037 3017/3017/3017
f 3017/3017/3017 3037/3037/3037 3038/3038/3038
f 3017/3017/3017 3038/3038/3038 3018/3018/3018
f 3018/3018/3018 3038/3038/3038 3039/3039/3039
f 3018/3018/3018 3039/3039/3039 3019/3019/3019
f 3019/3019/3019 3039/3039/3039 3040/3040/3040
f 3019/3019/3019 3040/3040/3040 3020/3020/3020
f 3020/3020/3020 3040/3040/3040 3041/3041/3041
f 3020/3020/3020 3041/3041/3041 3021/3021/3021
f 3021/3021/3021 3041/3041/3041 3042/3042/3042
f 3021/3021/3021 3042/3042/3042 3022/3022/3022
f 3022/3022/3022 3042/3042/3042 3043/3043/3043
f 3022/3022/3022 3043/3043/3043 3023/3023/3023
f 3023/3023/3023 3043/3043/3043 3044/3044/3044
f 3023/3023/3023 3044/3044/3044 3024/3024/3024
f 3024/3024/3024 3044/3044/3044 3045/3045/3045
f 3024/3024/3024 3045/3045/3045 3025/3025/3025
f 3025/3025/3025 3045/3045/3045 3046/3046/3046
f 3025/3025/3025 3046/3046/3046 3026/3026/3026
f 3026/3026/3026 3046/3046/3046 3047/3047/3047
f 3026/3026/3026 3047/3047/3047 3027/3027/3027
f 3027/3027/3027 3047/3047/3047 3048/3048/3048
f 3027/3027/3027 3048/3048/3048 3028/3028/3028
f 3028/3028/3028 3048/3048/3048 3049/3049/3049
f 3028/3028/3028 3049/3049/3049 3029/3029/3029
f 3029/3029/3029 3049/3049/3049 3050/3050/3050
f 3029/3029/3029 3050/3050/3050 3030/3030/3030
f 3030/3030/3030 3050/3050/3050 3051/3051/3051
f 3030/3030/3030 3051/3051/3051 3031/3031/3031
f 3031/3031/3031 3051/3051/3051 3052/3052/3052
f 3031/3031/3031 3052/3052/3052 3032/3032/3032
f 3032/3032/3032 3052/3052/3052 3053/3053/3053
f 3032/3032/3032 3053/3053/3053 3033/3033/3033
f 3033/3033/3033 3053/3053/3053 3054/3054/3054
f 3033/3033/3033 3054/3054/3054 3034/3034/3034
f 3034/3034/3034 3054/3054/3054 3055/3055/3055
f 3035/3035/3035 3056/3056/3056 3036/3036/3036
f 3036/3036/3036 3056/3056/3056 3057/3057/3057
f 3036/3036/3036 3057/3057/3057 3037/3037/3037
f 3037/3037/3037 3057/3057/3057 3058/3058/3058
f 3037/3037/3037 3058/3058/3058 3038/3038/3038
f 3038/3038/3038 3058/3058/3058 3059/3059/3059
f 3038/3038/3038 3059/3059/3059 3039/3039/3039
f 3039/3039/3039 3059/3059/3059 3060/3060/3060
f 3039/3039/3039 3060/3060/3060 3040/3040/3040
f 3040/3040/3040 3060/3060/3060 3061/3061/3061
f 3040/3040/3040 3061/3061/3061 3041/3041/3041
f 3041/3041/3041 3061/3061/3061 3062/3062/3062
f 3041/3041/3041 3062/3062/3062 3042/3042/3042
f 3042/3042/3042 3062/3062/3062 3063/3063/3063
f 3042/3042/3042 3063/3063/3063 3043/3043/3043
f 3043/3043/3043 3063/3063/3063 3064/3064/3064
f 3043/3043/3043 3064/3064/3064 3044/3044/3044
f 3044/3044/3044 3064/3064/3064 3065/3065/3065
f 3044/3044/3044 3065/3065/3065 3045/3045/3045
f 3045/3045/3045 3065/3065/3065 3066/3066/3066
f 3045/3045/3045 3066/3066/3066 3046/3046/3046
f 3046/3046/3046 3066/3066/3066 3067/3067/3067
f 3046/3046/3046 3067/3067/3067 3047/3047/3047
f 3047/3047/3047 3067/3067/3067 3068/3068/3068
f 3047/3047/3047 3068/3068/3068 3048/3048/3048
f 3048/3048/3048 3068/3068/3068 3069/3069/3069
f 3048/3048/3048 3069/3069/3069 3049/3049/3049
f 3049/3049/3049 3069/3069/3069 3070/3070/3070
f 3049/3049/3049 3070/3070/3070 3050/3050/3050
f 3050/3050/3050 3070/3070/3070 3071/3071/3071
f 3050/3050/3050 3071/3071/3071 3051/3051/3051
f 3051/3051/3051 3071/3071/3071 3072/3072/3072
f 3051/3051/3051 3072/3072/3072 3052/3052/3052
f 3052/3052/3052 3072/3072/3072 3073/3073/3073
f 3052/3052/3052 3073/3073/3073 3053/3053/3053
f 3053/3053/3053 3073/3073/3073 3074/3074/3074
f 3053/3053/3053 3074/3074/3074 3054/3054/3054
f 3054/3054/3054 3074/3074/3074 3075/3075/3075
f 3054/3054/3054 3075/3075/3075 3055/3055/3055
f 3055/3055/3055 3075/3075/3075 3076/3076/3076
f 3056/3056/3056 3077/3077/3077 3057/3057/3057
f 3057/3057/3057 3077/3077/3077 3078/3078/3078
f 3057/3057/3057 3078/3078/3078 3058/3058/3058
f 3058/3058/3058 3078/3078/3078 3079/3079/3079
f 3058/3058/3058 3079/3079/3079 3059/3059/3059
f 3059/3059/3059 3079/3079/3079 3080/3080/3080
f 3059/3059/3059 3080/3080/3080 3060/3060/3060
f 3060/3060/3060 3080/3080/3080 3081/3081/3081
f 3060/3060/3060 3081/3081/3081 3061/3061/3061
f 3061/3061/3061 3081/3081/3081 3082/3082/3082
f 3061/3061/3061 3082/3082/3082 3062/3062/3062
f 3062/3062/3062 3082/3082/3082 3083/3083/3083
f 3062/3062/3062 3083/3083/3083 3063/3063/3063
f 3063/3063/3063 3083/3083/3083 3084/3084/3084
f 3063/3063/3063 3084/3084/3084 3064/3064/3064
f 3064/3064/3064 3084/3084/3084 3085/3085/3085
f 3064/3064/3064 3085/3085/3085 3065/3065/3065
f 3065/3065/3065 3085/3085/3085 3086/3086/3086
f 3065/3065/3065 3086/3086/3086 3066/3066/3066
f 3066/3066/3066 3086/3086/3086 3087/3087/3087
f 3066/3066/3066 3087/3087/3087 3067/3067/3067
f 3067/3067/3067 3087/3087/3087 3088/3088/3088
f 3067/3067/3067 3088/3088/3088 3068/3068/3068
f 3068/3068/3068 3088/3088/3088 3089/3089/3089
f 3068/3068/3068 3089/3089/3089 3069/3069/3069
f 3069/3069/3069 3089/3089/3089 3090/3090/3090
f 3069/3069/3069 3090/3090/3090 3070/3070/3070
f 3070/3070/3070 3090/3090/3090 3091/3091/3091
f 3070/3070/3070 3091/3091/3091 3071/3071/3071
f 3071/3071/3071 3091/3091/3091 3092/3092/3092
f 3071/3071/3071 3092/3092/3092 3072/3072/3072
f 3072/3072/3072 3092/3092/3092 3093/3093/3093
f 3072/3072/3072 3093/3093/3093 3073/3073/3073
f 3073/3073/3073 3093/3093/3093 3094/3094/3094
f 3073/3073/3073 3094/3094/3094 3074/3074/3074
f 3074/3074/3074 3094/3094/3094 3095/3095/3095
f 3074/3074/3074 3095/3095/3095 3075/3075/3075
f 3075/3075/3075 3095/3095/3095 3096/3096/3096
f 3075/3075/3075 3096/3096/3096 3076/3076/3076
f 3076/3076/3076 3096/3096/3096 3097/3097/3097
f 3077/3077/3077 3098/3098/3098 3078/3078/3078
f 3078/3078/3078 3098/3098/3098 3099/3099/3099
f 3078/3078/3078 3099/3099/3099 3079/3079/3079
f 3079/3079/3079 3099/3099/3099 3100/3100/3100
f 3079/3079/3079 3100/3100/3100 3080/3080/3080
f 3080/3080/3080 3100/3100/3100 3101/3101/3101
f 3080/3080/3080 3101/3101/3101 3081/3081/3081
f 3081/3081/3081 3101/3101/3101 3102/3102/3102
f 3081/3081/3081 3102/3102/3102 3082/3082/3082
f 3082/3082/3082 3102/3102/3102 3103/3103/3103
f 3082/3082/3082 3103/3103/3103 3083/3083/3083
f 3083/3083/3083 3103/3103/3103 3104/3104/3104
f 3083/3083/3083 3104/3104/3104 3084/3084/3084
f 3084/3084/3084 3104/3104/3104 3105/3105/3105
f 3084/3084/3084 3105/3105/3105 3085/3085/3085
f 3085/3085/3085 3105/3105/3105 3106/3106/3106
f 3085/3085/3085 3106/3106/3106 3086/3086/3086
f 3086/3086/3086 3106/3106/3106 3107/3107/3107
f 3086/3086/3086 3107/3107/3107 3087/3087/3087
f 3087/3087/3087 3107/3107/3107 3108/3108/3108
f 3087/3087/3087 3108/3108/3108 3088/3088/3088
f 3088/3088/3088 3108/3108/3108 3109/3109/3109
f 3088/3088/3088 3109/3109/3109 3089/3089/3089
f 3089/3089/3089 3109/3109/3109 3110/3110/3110
f 3089/3089/3089 3110/3110/3110 3090/3090/3090
f 3090/3090/3090 3110/3110/3110 3111/3111/3111
f 3090/3090/3090 3111/3111/3111 3091/3091/3091
f 3091/3091/3091 3111/3111/3111 3112/3112/3112
f 3091/3091/3091 3112/3112/3112 3092/3092/3092
f 3092/3092/3092 3112/3112/3112 3113/3113/3113
f 3092/3092/3092 3113/3113/3113 3093/3093/3093
f 3093/3093/3093 3113/3113/3113 3114/3114/3114
f 3093/3093/3093 3114/3114/3114 3094/3094/3094
f 3094/3094/3094 3114/3114/3114 3115/3115/3115
f 3094/3094/3094 3115/3115/3115 3095/3095/3095
f 3095/3095/3095 3115/3115/3115 3116/3116/3116
f 3095/3095/3095 3116/3116/3116 3096/3096/3096
f 3096/3096/3096 3116/3116/3116 3117/3117/3117
f 3096/3096/3096 3117/3117/3117 3097/3097/3097
f 3097/3097/3097 3117/3117/3117 3118/3118/3118
f 3098/3098/3098 3119/3119/3119 3099/3099/3099
f 3099/3099/3099 3119/3119/3119 3120/3120/3120
f 3099/3099/3099 3120/3120/3120 3100/3100/3100
f 3100/3100/3100 3120/3120/3120 3121/3121/3121
f 3100/3100/3100 3121/3121/3121 3101/3101/3101
f 3101/3101/3101 3121/3121/3121 3122/3122/3122
f 3101/3101/3101 3122/3122/3122 3102/3102/3102
f 3102/3102/3102 3122/3122/3122 3123/3123/3123
f 3102/3102/3102 3123/3123/3123 3103/3103/3103
f 3103/3103/3103 3123/3123/3123 3124/3124/3124
f 3103/3103/3103 3124/3124/3124 3104/3104/3104
f 3104/3104/3104 3124/3124/3124 3125/3125/3125
f 3104/3104/3104 3125/3125/3125 3105/3105/3105
f 3105/3105/3105 3125/3125/3125 3126/3126/3126
f 3105/3105/3105 3126/3126/3126 3106/3106/3106
f 3106/3106/3106 3126/3126/3126 3127/3127/3127
f 3106/3106/3106 3127/3127/3127 3107/3107/3107
f 3107/3107/3107 3127/3127/3127 3128/3128/3128
f 3107/3107/3107 3128/3128/3128 3108/3108/3108
f 3108/3108/3108 3128/3128/3128 3129/3129/3129
f 3108/3108/3108 3129/3129/3129 3109/3109/3109
f 3109/3109/3109 3129/3129/3129 3130/3130/3130
f 3109/3109/3109 3130/3130/3130 3110/3110/3110
f 3110/3110/3110 3130/3130/3130 3131/3131/3131
f 3110/3110/3110 3131/3131/3131 3111/3111/3111
f 3111/3111/3111 3131/3131/3131 3132/3132/3132
f 3111/3111/3111 3132/3132/3132 3112/3112/3112
f 3112/3112/3112 3132/3132/3132 3133/3133/3133
f 3112/3112/3112 3133/3133/3133 3113/3113/3113
f 3113/3113/3113 3133/3133/3133 3134/3134/3134
f 3113/3113/3113 3134/3134/3134 3114/3114/3114
f 3114/3114/3114 3134/3134/3134 3135/3135/3135
f 3114/3114/3114 3135/3135/3135 3115/3115/3115
f 3115/3115/3115 3135/3135/3135 3136/3136/3136
f 3115/3115/3115 3136/3136/3136 3116/3116/3116
f 3116/3116/3116 3136/3136/3136 3137/3137/3137
f 3116/3116/3116 3137/3137/3137 3117/3117/3117
f 3117/3117/3117 3137/3137/3137 3138/3138/3138
f 3117/3117/3117 3138/3138/3138 3118/3118/3118
f 3118/3118/3118 3138/3138/3138 3139/3139/3139
f 3119/3119/3119 3140/3140/3140 3120/3120/3120
f 3120/3120/3120 3140/3140/3140 3141/3141/3141
f 3120/3120/3120 3141/3141/3141 3121/3121/3121
f 3121/3121/3121 3141/3141/3141 3142/3142/3142
f 3121/3121/3121 3142/3142/3142 3122/3122/3122
f 3122/3122/3122 3142/3142/3142 3143/3143/3143
f 3122/3122/3122 3143/3143/3143 3123/3123/3123
f 3123/3123/3123 3143/3143/3143 3144/3144/3144
f 3123/3123/3123 3144/3144/3144 3124/3124/3124
f 3124/3124/3124 3144/3144/3144 3145/3145/3145
f 3124/3124/3124 3145/3145/3145 3125/3125/3125
f 3125/3125/3125 3145/3145/3145 3146/3146/3146
f 3125/3125/3125 3146/3146/3146 3126/3126/3126
f 3126/3126/3126 3146/3146/3146 3147/3147/3147
f 3126/3126/3126 3147/3147/3147 3127/3127/3127
f 3127/3127/3127 3147/3147/3147 3148/3148/3148
f 3127/3127/3127 3148/3148/3148 3128/3128/3128
f 3128/3128/3128 3148/3148/3148 3149/3149/3149
f 3128/3128/3128 3149/3149/3149 3129/3129/3129
f 3129/3129/3129 3149/3149/3149 3150/3150/3150
f 3129/3129/3129 3150/3150/3150 3130/3130/3130
f 3130/3130/3130 3150/3150/3150 3151/3151/3151
f 3130/3130/3130 3151/3151/3151 3131/3131/3131
f 3131/3131/3131 3151/3151/3151 3152/3152/3152
f 3131/3131/3131 3152/3152/3152 3132/3132/3132
f 3132/3132/3132 3152/3152/3152 3153/3153/3153
f 3132/3132/3132 3153/3153/3153 3133/3133/3133
f 3133/3133/3133 3153/3153/3153 3154/3154/3154
f 3133/3133/3133 3154/3154/3154 3134/3134/3134
f 3134/3134/3134 3154/3154/3154 3155/3155/3155
f 3134/3134/3134 3155/3155/3155 3135/3135/3135
f 3135/3135/3135 3155/3155/3155 3156/3156/3156
f 3135/3135/3135 3156/3156/3156 3136/3136/3136
f 3136/3136/3136 3156/3156/3156 3157/3157/3157
f 3136/3136/3136 3157/3157/3157 3137/3137/3137
f 3137/3137/3137 3157/3157/3157 3158/3158/3158
f 3137/3137/3137 3158/3158/3158 3138/3138/3138
f 3138/3138/3138 3158/3158/3158 3159/3159/3159
f 3138/3138/3138 3159/3159/3159 3139/3139/3139
f 3139/3139/3139 3159/3159/3159 3160/3160/3160
f 3140/3140/3140 3161/3161/3161 3141/3141/3141
f 3141/3141/3141 3161/3161/3161 3162/3162/3162
f 3141/3141/3141 3162/3162/3162 3142/3142/3142
f 3142/3142/3142 3162/3162/3162 3163/3163/3163
f 3142/3142/3142 3163/3163/3163 3143/3143/3143
f 3143/3143/3143 3163/3163/3163 3164/3164/3164
f 3143/3143/3143 3164/3164/3164 3144/3144/3144
f 3144/3144/3144 3164/3164/3164 3165/3165/3165
f 3144/3144/3144 3165/3165/3165 3145/3145/3145
f 3145/3145/3145 3165/3165/3165 3166/3166/3166
f 3145/3145/3145 3166/3166/3166 3146/3146/3146
f 3146/3146/3146 3166/3166/3166 3167/3167/3167
f 3146/3146/3146 3167/3167/3167 3147/3147/3147
f 3147/3147/3147 3167/3167/3167 3168/3168/3168
f 3147/3147/3147 3168/3168/3168 3148/3148/3148
f 3148/3148/3148 3168/3168/3168 3169/3169/3169
f 3148/3148/3148 3169/3169/3169 3149/3149/3149
f 3149/3149/3149 3169/3169/3169 3170/3170/3170
f 3149/3149/3149 3170/3170/3170 3150/3150/3150
f 3150/3150/3150 3170/3170/3170 3171/3171/3171
f 3150/3150/3150 3171/3171/3171 3151/3151/3151
f 3151/3151/3151 3171/3171/3171 3172/3172/3172
f 3151/3151/3151 3172/3172/3172 3152/3152/3152
f 3152/3152/3152 3172/3172/3172 3173/3173/3173
f 3152/3152/3152 3173/3173/3173 3153/3153/3153
f 3153/3153/3153 3173/3173/3173 3174/3174/3174
f 3153/3153/3153 3174/3174/3174 3154/3154/3154
f 3154/3154/3154 3174/3174/3174 3175/3175/3175
f 3154/3154/3154 3175/3175/3175 3155/3155/3155
f 3155/3155/3155 3175/3175/3175 3176/3176/3176
f 3155/3155/3155 3176/3176/3176 3156/3156/3156
f 3156/3156/3156 3176/3176/3176 3177/3177/3177
f 3156/3156/3156 3177/3177/3177 3157/3157/3157
f 3157/3157/3157 3177/3177/3177 3178/3178/3178
f 3157/3157/3157 3178/3178/3178 3158/3158/3158
f 3158/3158/3158 3178/3178/3178 3179/3179/3179
f 3158/3158/3158 3179/3179/3179 3159/3159/3159
f 3159/3159/3159 3179/3179/3179 3180/3180/3180
f 3159/3159/3159 3180/3180/3180 3160/3160/3160
f 3160/3160/3160 3180/3180/3180 3181/3181/3181
f 3182/3182/3182 3203/3203/3203 3183/3183/3183
f 3183/3183/3183 3203/3203/3203 3204/3204/3204
f 3183/3183/3183 3204/3204/3204 3184/3184/3184
f 3184/3184/3184 3204/3204/3204 3205/3205/3205
f 3184/3184/3184 3205/3205/3205 3185/3185/3185
f 3185/3185/3185 3205/3205/3205 3206/3206/3206
f 3185/3185/3185 3206/3206/3206 3186/3186/3186
f 3186/3186/3186 3206/3206/3206 3207/3207/3207
f 3186/3186/3186 3207/3207/3207 3187/3187/3187
f 3187/3187/3187 3207/3207/3207 3208/3208/3208
f 3187/3187/3187 3208/3208/3208 3188/3188/3188
f 3188/3188/3188 3208/3208/3208 3209/3209/3209
f 3188/3188/3188 3209/3209/3209 3189/3189/3189
f 3189/3189/3189 3209/3209/3209 3210/3210/3210
f 3189/3189/3189 3210/3210/3210 3190/3190/3190
f 3190/3190/3190 3210/3210/3210 3211/3211/3211
f 3190/3190/3190 3211/3211/3211 3191/3191/3191
f 3191/3191/3191 3211/3211/3211 3212/3212/3212
f 3191/3191/3191 3212/3212/3212 3192/3192/3192
f 3192/3192/3192 3212/3212/3212 3213/3213/3213
f 3192/3192/3192 3213/3213/3213 3193/3193/3193
f 3193/3193/3193 3213/3213/3213 3214/3214/3214
f 3193/3193/3193 3214/3214/3214 3194/3194/3194
f 3194/3194/3194 3214/3214/3214 3215/3215/3215
f 3194/3194/3194 3215/3215/3215 3195/3195/3195
f 3195/3195/3195 3215/3215/3215 3216/3216/3216
f 3195/3195/3195 3216/3216/3216 3196/3196/3196
f 3196/3196/3196 3216/3216/3216 3217/3217/3217
f 3196/3196/3196 3217/3217/3217 3197/3197/3197
f 3197/3197/3197 3217/3217/3217 3218/3218/3218
f 3197/3197/3197 3218/3218/3218 3198/3198/3198
f 3198/3198/3198 3218/3218/3218 3219/3219/3219
f 3198/3198/3198 3219/3219/3219 3199/3199/3199
f 3199/3199/3199 3219/3219/3219 3220/3220/3220
f 3199/3199/3199 3220/3220/3220 3200/3200/3200
f 3200/3200/3200 3220/3220/3220 3221/3221/3221
f 3200/3200/3200 3221/3221/3221 3201/3201/3201
f 3201/3201/3201 3221/3221/3221 3222/3222/3222
f 3201/3201/3201 3222/3222/3222 3202/3202/3202
f 3202/3202/3202 3222/3222/3222 3223/3223/3223
f 3203/3203/3203 3224/3224/3224 3204/3204/3204
f 3204/3204/3204 3224/3224/3224 3225/3225/3225
f 3204/3204/3204 3225/3225/3225 3205/3205/3205
f 3205/3205/3205 3225/3225/3225 3226/3226/3226
f 3205/3205/3205 3226/3226/3226 3206/3206/3206
f 3206/3206/3206 3226/3226/3226 3227/3227/3227
f 3206/3206/3206 3227/3227/3227 3207/3207/3207
f 3207/3207/3207 3227/3227/3227 3228/3228/3228
f 3207/3207/3207 3228/3228/3228 3208/3208/3208
f 3208/3208/3208 3228/3228/3228 3229/3229/3229
f 3208/3208/3208 3229/3229/3229 3209/3209/3209
f 3209/3209/3209 3229/3229/3229 3230/3230/3230
f 3209/3209/3209 3230/3230/3230 3210/3210/3210
f 3210/3210/3210 3230/3230/3230 3231/3231/3231
f 3210/3210/3210 3231/3231/3231 3211/3211/3211
f 3211/3211/3211 3231/3231/3231 3232/3232/3232
f 3211/3211/3211 3232/3232/3232 3212/3212/3212
f 3212/3212/3212 3232/3232/3232 3233/3233/3233
f 3212/3212/3212 3233/3233/3233 3213/3213/3213
f 3213/3213/3213 3233/3233/3233 3234/3234/3234
f 3213/3213/3213 3234/3234/3234 3214/3214/3214
f 3214/3214/3214 3234/3234/3234 3235/3235/3235
f 3214/3214/3214 3235/3235/3235 3215/3215/3215
f 3215/3215/3215 3235/3235/3235 3236/3236/3236
f 3215/3215/3215 3236/3236/3236 3216/3216/3216
f 3216/3216/3216 3236/3236/3236 3237/3237/3237
f 3216/3216/3216 3237/3237/3237 3217/3217/3217
f 3217/3217/3217 3237/3237/3237 3238/3238/3238
f 3217/3217/3217 3238/3238/3238 3218/3218/3218
f 3218/3218/3218 3238/3238/3238 3239/3239/3239
f 3218/3218/3218 3239/3239/3239 3219/3219/3219
f 3219/3219/3219 3239/3239/3239 3240/3240/3240
f 3219/3219/3219 3240/3240/3240 3220/3220/3220
f 3220/3220/3220 3240/3240/3240 3241/3241/3241
f 3220/3220/3220 3241/3241/3241 3221/3221/3221
f 3221/3221/3221 3241/3241/3241 3242/3242/3242
f 3221/3221/3221 3242/3242/3242 3222/3222/3222
f 3222/3222/3222 3242/3242/3242 3243/3243/3243
f 3222/3222/3222 3243/3243/3243 3223/3223/3223
f 3223/3223/3223 3243/3243/3243 3244/3244/3244
f 3224/3224/3224 3245/3245/3245 3225/3225/3225
f 3225/3225/3225 3245/3245/3245 3246/3246/3246
f 3225/3225/3225 3246/3246/3246 3226/3226/3226
f 3226/3226/3226 3246/3246/3246 3247/3247/3247
f 3226/3226/3226 3247/3247/3247 3227/3227/3227
f 3227/3227/3227 3247/3247/3247 3248/3248/3248
f 3227/3227/3227 3248/3248/3248 3228/3228/3228
f 3228/3228/3228 3248/3248/3248 3249/3249/3249
f 3228/3228/3228 3249/3249/3249 3229/3229/3229
f 3229/3229/3229 3249/3249/3249 3250/3250/3250
f 3229/3229/3229 3250/3250/3250 3230/3230/3230
f 3230/3230/3230 3250/3250/3250 3251/3251/3251
f 3230/3230/3230 3251/3251/3251 3231/3231/3231
f 3231/3231/3231 3251/3251/3251 3252/3252/3252
f 3231/3231/3231 3252/3252/3252 3232/3232/3232
f 3232/3232/3232 3252/3252/3252 3253/3253/3253
f 3232/3232/3232 3253/3253/3253 3233/3233/3233
f 3233/3233/3233 3253/3253/3253 3254/3254/3254
f 3233/3233/3233 3254/3254/3254 3234/3234/3234
f 3234/3234/3234 3254/3254/3254 3255/3255/3255
f 3234/3234/3234 3255/3255/3255 3235/3235/3235
f 3235/3235/3235 3255/3255/3255 3256/3256/3256
f 3235/3235/3235 3256/3256/3256 3236/3236/3236
f 3236/3236/3236 3256/3256/3256 3257/3257/3257
f 3236/3236/3236 3257/3257/3257 3237/3237/3237
f 3237/3237/3237 3257/3257/3257 3258/3258/3258
f 3237/3237/3237 3258/3258/3258 3238/3238/3238
f 3238/3238/3238 3258/3258/3258 3259/3259/3259
f 3238/3238/3238 3259/3259/3259 3239/3239/3239
f 3239/3239/3239 3259/3259/3259 3260/3260/3260
f 3239/3239/3239 3260/3260/3260 3240/3240/3240
f 3240/3240/3240 3260/3260/3260 3261/3261/3261
f 3240/3240/3240 3261/3261/3261 3241/3241/3241
f 3241/3241/3241 3261/3261/3261 3262/3262/3262
f 3241/3241/3241 3262/3262/3262 3242/3242/3242
f 3242/3242/3242 3262/3262/3262 3263/3263/3263
f 3242/3242/3242 3263/3263/3263 3243/3243/3243
f 3243/3243/3243 3263/3263/3263 3264/3264/3264
f 3243/3243/3243 3264/3264/3264 3244/3244/3244
f 3244/3244/3244 3264/3264/3264 3265/3265/3265
f 3245/3245/3245 3266/3266/3266 3246/3246/3246
f 3246/3246/3246 3266/3266/3266 3267/3267/3267
f 3246/3246/3246 3267/3267/3267 3247/3247/3247
f 3247/3247/3247 3267/3267/3267 3268/3268/3268
f 3247/3247/3247 3268/3268/3268 3248/3248/3248
f 3248/3248/3248 3268/3268/3268 3269/3269/3269
f 3248/3248/3248 3269/3269/3269 3249/3249/3249
f 3249/3249/3249 3269/3269/3269 3270/3270/3270
f 3249/3249/3249 3270/3270/3270 3250/3250/3250
f 3250/3250/3250 3270/3270/3270 3271/3271/3271
f 3250/3250/3250 3271/3271/3271 3251/3251/3251
f 3251/3251/3251 3271/3271/3271 3272/3272/3272
f 3251/3251/3251 3272/3272/3272 3252/3252/3252
f 3252/3252/3252 3272/3272/3272 3273/3273/3273
f 3252/3252/3252 3273/3273/3273 3253/3253/3253
f 3253/3253/3253 3273/3273/3273 3274/3274/3274
f 3253/3253/3253 3274/3274/3274 3254/3254/3254
f 3254/3254/3254 3274/3274/3274 3275/3275/3275
f 3254/3254/3254 3275/3275/3275 3255/3255/3255
f 3255/3255/3255 3275/3275/3275 3276/3276/3276
f 3255/3255/3255 3276/3276/3276 3256/3256/3256
f 3256/3256/3256 3276/3276/3276 3277/3277/3277
f 3256/3256/3256 3277/3277/3277 3257/3257/3257
f 3257/3257/3257 3277/3277/3277 3278/3278/3278
f 3257/3257/3257 3278/3278/3278 3258/3258/3258
f 3258/3258/3258 3278/3278/3278 3279/3279/3279
f 3258/3258/3258 3279/3279/3279 3259/3259/3259
f 3259/3259/3259 3279/3279/3279 3280/3280/3280
f 3259/3259/3259 3280/3280/3280 3260/3260/3260
f 3260/3260/3260 3280/3280/3280 3281/3281/3281
f 3260/3260/3260 3281/3281/3281 3261/3261/3261
f 3261/3261/3261 3281/3281/3281 3282/3282/3282
f 3261/3261/3261 3282/3282/3282 3262/3262/3262
f 3262/3262/3262 3282/3282/3282 3283/3283/3283
f 3262/3262/3262 3283/3283/3283 3263/3263/3263
f 3263/3263/3263 3283/3283/3283 3284/3284/3284
f 3263/3263/3263 3284/3284/3284 3264/3264/3264
f 3264/3264/3264 3284/3284/3284 3285/3285/3285
f 3264/3264/3264 3285/3285/3285 3265/3265/3265
f 3265/3265/3265 3285/3285/3285 3286/3286/3286
f 3266/3266/3266 3287/3287/3287 3267/3267/3267
f 3267/3267/3267 3287/3287/3287 3288/3288/3288
f 3267/3267/3267 3288/3288/3288 3268/3268/3268
f 3268/3268/3268 3288/3288/3288 3289/3289/3289
f 3268/3268/3268 3289/3289/3289 3269/3269/3269
f 3269/3269/3269 3289/3289/3289 3290/3290/3290
f 3269/3269/3269 3290/3290/3290 3270/3270/3270
f 3270/3270/3270 3290/3290/3290 3291/3291/3291
f 3270/3270/3270 3291/3291/3291 3271/3271/3271
f 3271/3271/3271 3291/3291/3291 3292/3292/3292
f 3271/3271/3271 3292/3292/3292 3272/3272/3272
f 3272/3272/3272 3292/3292/3292 3293/3293/3293
f 3272/3272/3272 3293/3293/3293 3273/3273/3273
f 3273/3273/3273 3293/3293/3293 3294/3294/3294
f 3273/3273/3273 3294/3294/3294 3274/3274/3274
f 3274/3274/3274 3294/3294/3294 3295/3295/3295
f 3274/3274/3274 3295/3295/3295 3275/3275/3275
f 3275/3275/3275 3295/3295/3295 3296/3296/3296
f 3275/3275/3275 3296/3296/3296 3276/3276/3276
f 3276/3276/3276 3296/3296/3296 3297/3297/3297
f 3276/3276/3276 3297/3297/3297 3277/3277/3277
f 3277/3277/3277 3297/3297/3297 3298/3298/3298
f 3277/3277/3277 3298/3298/3298 3278/3278/3278
f 3278/3278/3278 3298/3298/3298 3299/3299/3299
f 3278/3278/3278 3299/3299/3299 3279/3279/3279
f 3279/3279/3279 3299/3299/3299 3300/3300/3300
f 3279/3279/3279 3300/3300/3300 3280/3280/3280
f 3280/3280/3280 3300/3300/3300 3301/3301/3301
f 3280/3280/3280 3301/3301/3301 3281/3281/3281
f 3281/3281/3281 3301/3301/3301 3302/3302/3302
f 3281/3281/3281 3302/3302/3302 3282/3282/3282
f 3282/3282/3282 3302/3302/3302 3303/3303/3303
f 3282/3282/3282 3303/3303/3303 3283/3283/3283
f 3283/3283/3283 3303/3303/3303 3304/3304/3304
f 3283/3283/3283 3304/3304/3304 3284/3284/3284
f 3284/3284/3284 3304/3304/3304 3305/3305/3305
f 3284/3284/3284 3305/3305/3305 3285/3285/3285
f 3285/3285/3285 3305/3305/3305 3306/3306/3306
f 3285/3285/3285 3306/3306/3306 3286/3286/3286
f 3286/3286/3286 3306/3306/3306 3307/3307/3307
f 3287/3287/3287 3308/3308/3308 3288/3288/3288
f 3288/3288/3288 3308/3308/3308 3309/3309/3309
f 3288/3288/3288 3309/3309/3309 3289/3289/3289
f 3289/3289/3289 3309/3309/3309 3310/3310/3310
f 3289/3289/3289 3310/3310/3310 3290/3290/3290
f 3290/3290/3290 3310/3310/3310 3311/3311/3311
f 3290/3290/3290 3311/3311/3311 3291/3291/3291
f 3291/3291/3291 3311/3311/3311 3312/3312/3312
f 3291/3291/3291 3312/3312/3312 3292/3292/3292
f 3292/3292/3292 3312/3312/3312 3313/3313/3313
f 3292/3292/3292 3313/3313/3313 3293/3293/3293
f 3293/3293/3293 3313/3313/3313 3314/3314/3314
f 3293/3293/3293 3314/3314/3314 3294/3294/3294
f 3294/3294/3294 3314/3314/3314 3315/3315/3315
f 3294/3294/3294 3315/3315/3315 3295/3295/3295
f 3295/3295/3295 3315/3315/3315 3316/3316/3316
f 3295/3295/3295 3316/3316/3316 3296/3296/3296
f 3296/3296/3296 3316/3316/3316 3317/3317/3317
f 3296/3296/3296 3317/3317/3317 3297/3297/3297
f 3297/3297/3297 3317/3317/3317 3318/3318/3318
f 3297/3297/3297 3318/3318/3318 3298/3298/3298
f 3298/3298/3298 3318/3318/3318 3319/3319/3319
f 3298/3298/3298 3319/3319/3319 3299/3299/3299
f 3299/3299/3299 3319/3319/3319 3320/3320/3320
f 3299/3299/3299 3320/3320/3320 3300/3300/3300
f 3300/3300/3300 3320/3320/3320 3321/3321/3321
f 3300/3300/3300 3321/3321/3321 3301/3301/3301
f 3301/3301/3301 3321/3321/3321 3322/3322/3322
f 3301/3301/3301 3322/3322/3322 3302/3302/3302
f 3302/3302/3302 3322/3322/3322 3323/3323/3323
f 3302/3302/3302 3323/3323/3323 3303/3303/3303
f 3303/3303/3303 3323/3323/3323 3324/3324/3324
f 3303/3303/3303 3324/3324/3324 3304/3304/3304
f 3304/3304/3304 3324/3324/3324 3325/3325/3325
f 3304/3304/3304 3325/3325/3325 3305/3305/3305
f 3305/3305/3305 3325/3325/3325 3326/3326/3326
f 3305/3305/3305 3326/3326/3326 3306/3306/3306
f 3306/3306/3306 3326/3326/3326 3327/3327/3327
f 3306/3306/3306 3327/3327/3327 3307/3307/3307
f 3307/3307/3307 3327/3327/3327 3328/3328/3328
f 3308/3308/3308 3329/3329/3329 3309/3309/3309
f 3309/3309/3309 3329/3329/3329 3330/3330/3330
f 3309/3309/3309 3330/3330/3330 3310/3310/3310
f 3310/3310/3310 3330/3330/3330 3331/3331/3331
f 3310/3310/3310 3331/3331/3331 3311/3311/3311
f 3311/3311/3311 3331/3331/3331 3332/3332/3332
f 3311/3311/3311 3332/3332/3332 3312/3312/3312
f 3312/3312/3312 3332/3332/3332 3333/3333/3333
f 3312/3312/3312 3333/3333/3333 3313/3313/3313
f 3313/3313/3313 3333/3333/3333 3334/3334/3334
f 3313/3313/3313 3334/3334/3334 3314/3314/3314
f 3314/3314/3314 3334/3334/3334 3335/3335/3335
f 3314/3314/3314 3335/3335/3335 3315/3315/3315
f 3315/3315/3315 3335/3335/3335 3336/3336/3336
f 3315/3315/3315 3336/3336/3336 3316/3316/3316
f 3316/3316/3316 3336/3336/3336 3337/3337/3337
f 3316/3316/3316 3337/3337/3337 3317/3317/3317
f 3317/3317/3317 3337/3337/3337 3338/3338/3338
f 3317/3317/3317 3338/3338/3338 3318/3318/3318
f 3318/3318/3318 3338/3338/3338 3339/3339/3339
f 3318/3318/3318 3339/3339/3339 3319/3319/3319
f 3319/3319/3319 3339/3339/3339 3340/3340/3340
f 3319/3319/3319 3340/3340/3340 3320/3320/3320
f 3320/3320/3320 3340/3340/3340 3341/3341/3341
f 3320/3320/3320 3341/3341/3341 3321/3321/3321
f 3321/3321/3321 3341/3341/3341 3342/3342/3342
f 3321/3321/3321 3342/3342/3342 3322/3322/3322
f 3322/3322/3322 3342/3342/3342 3343/3343/3343
f 3322/3322/3322 3343/3343/3343 3323/3323/3323
f 3323/3323/3323 3343/3343/3343 3344/3344/3344
f 3323/3323/3323 3344/3344/3344 3324/3324/3324
f 3324/3324/3324 3344/3344/3344 3345/3345/3345
f 3324/3324/3324 3345/3345/3345 3325/3325/3325
f 3325/3325/3325 3345/3345/3345 3346/3346/3346
f 3325/3325/3325 3346/3346/3346 3326/3326/3326
f 3326/3326/3326 3346/3346/3346 3347/3347/3347
f 3326/3326/3326 3347/3347/3347 3327/3327/3327
f 3327/3327/3327 3347/3347/3347 3348/3348/3348
f 3327/3327/3327 3348/3348/3348 3328/3328/3328
f 3328/3328/3328 3348/3348/3348 3349/3349/3349
f 3329/3329/3329 3350/3350/3350 3330/3330/3330
f 3330/3330/3330 3350/3350/3350 3351/3351/3351
f 3330/3330/3330 3351/3351/3351 3331/3331/3331
f 3331/3331/3331 3351/3351/3351 3352/3352/3352
f 3331/3331/3331 3352/3352/3352 3332/3332/3332
f 3332/3332/3332 3352/3352/3352 3353/3353/3353
f 3332/3332/3332 3353/3353/3353 3333/3333/3333
f 3333/3333/3333 3353/3353/3353 3354/3354/3354
f 3333/3333/3333 3354/3354/3354 3334/3334/3334
f 3334/3334/3334 3354/3354/3354 3355/3355/3355
f 3334/3334/3334 3355/3355/3355 3335/3335/3335
f 3335/3335/3335 3355/3355/3355 3356/3356/3356
f 3335/3335/3335 3356/3356/3356 3336/3336/3336
f 3336/3336/3336 3356/3356/3356 3357/3357/3357
f 3336/3336/3336 3357/3357/3357 3337/3337/3337
f 3337/3337/3337 3357/3357/3357 3358/3358/3358
f 3337/3337/3337 3358/3358/3358 3338/3338/3338
f 3338/3338/3338 3358/3358/3358 3359/3359/3359
f 3338/3338/3338 3359/3359/3359 3339/3339/3339
f 3339/3339/3339 3359/3359/3359 3360/3360/3360
f 3339/3339/3339 3360/3360/3360 3340/3340/3340
f 3340/3340/3340 3360/3360/3360 3361/3361/3361
f 3340/3340/3340 3361/3361/3361 3341/3341/3341
f 3341/3341/3341 3361/3361/3361 3362/3362/3362
f 3341/3341/3341 3362/3362/3362 3342/3342/3342
f 3342/3342/3342 3362/3362/3362 3363/3363/3363
f 3342/3342/3342 3363/3363/3363 3343/3343/3343
f 3343/3343/3343 3363/3363/3363 3364/3364/3364
f 3343/3343/3343 3364/3364/3364 3344/3344/3344
f 3344/3344/3344 3364/3364/3364 3365/3365/3365
f 3344/3344/3344 3365/3365/3365 3345/3345/3345
f 3345/3345/3345 3365/3365/3365 3366/3366/3366
f 3345/3345/3345 3366/3366/3366 3346/3346/3346
f 3346/3346/3346 3366/3366/3366 3367/3367/3367
f 3346/3346/3346 3367/3367/3367 3347/3347/3347
f 3347/3347/3347 3367/3367/3367 3368/3368/3368
f 3347/3347/3347 3368/3368/3368 3348/3348/3348
f 3348/3348/3348 3368/3368/3368 3369/3369/3369
f 3348/3348/3348 3369/3369/3369 3349/3349/3349
f 3349/3349/3349 3369/3369/3369 3370/3370/3370
f 3350/3350/3350 3371/3371/3371 3351/3351/3351
f 3351/3351/3351 3371/3371/3371 3372/3372/3372
f 3351/3351/3351 3372/3372/3372 3352/3352/3352
f 3352/3352/3352 3372/3372/3372 3373/3373/3373
f 3352/3352/3352 3373/3373/3373 3353/3353/3353
f 3353/3353/3353 3373/3373/3373 3374/3374/3374
f 3353/3353/3353 3374/3374/3374 3354/3354/3354
f 3354/3354/3354 3374/3374/3374 3375/3375/3375
f 3354/3354/3354 3375/3375/3375 3355/3355/3355
f 3355/3355/3355 3375/3375/3375 3376/3376/3376
f 3355/3355/3355 3376/3376/3376 3356/3356/3356
f 3356/3356/3356 3376/3376/3376 3377/3377/3377
f 3356/3356/3356 3377/3377/3377 3357/3357/3357
f 3357/3357/3357 3377/3377/3377 3378/3378/3378
f 3357/3357/3357 3378/3378/3378 3358/3358/3358
f 3358/3358/3358 3378/3378/3378 3379/3379/3379
f 3358/3358/3358 3379/3379/3379 3359/3359/3359
f 3359/3359/3359 3379/3379/3379 3380/3380/3380
f 3359/3359/3359 3380/3380/3380 3360/3360/3360
f 3360/3360/3360 3380/3380/3380 3381/3381/3381
f 3360/3360/3360 3381/3381/3381 3361/3361/3361
f 3361/3361/3361 3381/3381/3381 3382/3382/3382
f 3361/3361/3361 3382/3382/3382 3362/3362/3362
f 3362/3362/3362 3382/3382/3382 3383/3383/3383
f 3362/3362/3362 3383/3383/3383 3363/3363/3363
f 3363/3363/3363 3383/3383/3383 3384/3384/3384
f 3363/3363/3363 3384/3384/3384 3364/3364/3364
f 3364/3364/3364 3384/3384/3384 3385/3385/3385
f 3364/3364/3364 3385/3385/3385 3365/3365/3365
f 3365/3365/3365 3385/3385/3385 3386/3386/3386
f 3365/3365/3365 3386/3386/3386 3366/3366/3366
f 3366/3366/3366 3386/3386/3386 3387/3387/3387
f 3366/3366/3366 3387/3387/3387 3367/3367/3367
f 3367/3367/3367 3387/3387/3387 3388/3388/3388
f 3367/3367/3367 3388/3388/3388 3368/3368/3368
f 3368/3368/3368 3388/3388/3388 3389/3389/3389
f 3368/3368/3368 3389/3389/3389 3369/3369/3369
f 3369/3369/3369 3389/3389/3389 3390/3390/3390
f 3369/3369/3369 3390/3390/3390 3370/3370/3370
f 3370/3370/3370 3390/3390/3390 3391/3391/3391
f 3371/3371/3371 3392/3392/3392 3372/3372/3372
f 3372/3372/3372 3392/3392/3392 3393/3393/3393
f 3372/3372/3372 3393/3393/3393 3373/3373/3373
f 3373/3373/3373 3393/3393/3393 3394/3394/3394
f 3373/3373/3373 3394/3394/3394 3374/3374/3374
f 3374/3374/3374 3394/3394/3394 3395/3395/3395
f 3374/3374/3374 3395/3395/3395 3375/3375/3375
f 3375/3375/3375 3395/3395/3395 3396/3396/3396
f 3375/3375/3375 3396/3396/3396 3376/3376/3376
f 3376/3376/3376 3396/3396/3396 3397/3397/3397
f 3376/3376/3376 3397/3397/3397 3377/3377/3377
f 3377/3377/3377 3397/3397/3397 3398/3398/3398
f 3377/3377/3377 3398/3398/3398 3378/3378/3378
f 3378/3378/3378 3398/3398/3398 3399/3399/3399
f 3378/3378/3378 3399/3399/3399 3379/3379/3379
f 3379/3379/3379 3399/3399/3399 3400/3400/3400
f 3379/3379/3379 3400/3400/3400 3380/3380/3380
f 3380/3380/3380 3400/3400/3400 3401/3401/3401
f 3380/3380/3380 3401/3401/3401 3381/3381/3381
f 3381/3381/3381 3401/3401/3401 3402/3402/3402
f 3381/3381/3381 3402/3402/3402 3382/3382/3382
f 3382/3382/3382 3402/3402/3402 3403/3403/3403
f 3382/3382/3382 3403/3403/3403 3383/3383/3383
f 3383/3383/3383 3403/3403/3403 3404/3404/3404
f 3383/3383/3383 3404/3404/3404 3384/3384/3384
f 3384/3384/3384 3404/3404/3404 3405/3405/3405
f 3384/3384/3384 3405/3405/3405 3385/3385/3385
f 3385/3385/3385 3405/3405/3405 3406/3406/3406
f 3385/3385/3385 3406/3406/3406 3386/3386/3386
f 3386/3386/3386 3406/3406/3406 3407/3407/3407
f 3386/3386/3386 3407/3407/3407 3387/3387/3387
f 3387/3387/3387 3407/3407/3407 3408/3408/3408
f 3387/3387/3387 3408/3408/3408 3388/3388/3388
f 3388/3388/3388 3408/3408/3408 3409/3409/3409
f 3388/3388/3388 3409/3409/3409 3389/3389/3389
f 3389/3389/3389 3409/3409/3409 3410/3410/3410
f 3389/3389/3389 3410/3410/3410 3390/3390/3390
f 3390/3390/3390 3410/3410/3410 3411/3411/3411
f 3390/3390/3390 3411/3411/3411 3391/3391/3391
f 3391/3391/3391 3411/3411/3411 3412/3412/3412
f 3413/3413/3413 3434/3434/3434 3414/3414/3414
f 3414/3414/3414 3434/3434/3434 3435/3435/3435
f 3414/3414/3414 3435/3435/3435 3415/3415/3415
f 3415/3415/3415 3435/3435/3435 3436/3436/3436
f 3415/3415/3415 3436/3436/3436 3416/3416/3416
f 3416/3416/3416 3436/3436/3436 3437/3437/3437
f 3416/3416/3416 3437/3437/3437 3417/3417/3417
f 3417/3417/3417 3437/3437/3437 3438/3438/3438
f 3417/3417/3417 3438/3438/3438 3418/3418/3418
f 3418/3418/3418 3438/3438/3438 3439/3439/3439
f 3418/3418/3418 3439/3439/3439 3419/3419/3419
f 3419/3419/3419 3439/3439/3439 3440/3440/3440
f 3419/3419/3419 3440/3440/3440 3420/3420/3420
f 3420/3420/3420 3440/3440/3440 3441/3441/3441
f 3420/3420/3420 3441/3441/3441 3421/3421/3421
f 3421/3421/3421 3441/3441/3441 3442/3442/3442
f 3421/3421/3421 3442/3442/3442 3422/3422/3422
f 3422/3422/3422 3442/3442/3442 3443/3443/3443
f 3422/3422/3422 3443/3443/3443 3423/3423/3423
f 3423/3423/3423 3443/3443/3443 3444/3444/3444
f 3423/3423/3423 3444/3444/3444 3424/3424/3424
f 3424/3424/3424 3444/3444/3444 3445/3445/3445
f 3424/3424/3424 3445/3445/3445 3425/3425/3425
f 3425/3425/3425 3445/3445/3445 3446/3446/3446
f 3425/3425/3425 3446/3446/3446 3426/3426/3426
f 3426/3426/3426 3446/3446/3446 3447/3447/3447
f 3426/3426/3426 3447/3447/3447 3427/3427/3427
f 3427/3427/3427 3447/3447/3447 3448/3448/3448
f 3427/3427/3427 3448/3448/3448 3428/3428/3428
f 3428/3428/3428 3448/3448/3448 3449/3449/3449
f 3428/3428/3428 3449/3449/3449 3429/3429/3429
f 3429/3429/3429 3449/3449/3449 3450/3450/3450
f 3429/3429/3429 3450/3450/3450 3430/3430/3430
f 3430/3430/3430 3450/3450/3450 3451/3451/3451
f 3430/3430/3430 3451/3451/3451 3431/3431/3431
f 3431/3431/3431 3451/3451/3451 3452/3452/3452
f 3431/3431/3431 3452/3452/3452 3432/3432/3432
f 3432/3432/3432 3452/3452/3452 3453/3453/3453
f 3432/3432/3432 3453/3453/3453 3433/3433/3433
f 3433/3433/3433 3453/3453/3453 3454/3454/3454
f 3434/3434/3434 3455/3455/3455 3435/3435/3435
f 3435/3435/3435 3455/3455/3455 3456/3456/3456
f 3435/3435/3435 3456/3456/3456 3436/3436/3436
f 3436/3436/3436 3456/3456/3456 3457/3457/3457
f 3436/3436/3436 3457/3457/3457 3437/3437/3437
f 3437/3437/3437 3457/3457/3457 3458/3458/3458
f 3437/3437/3437 3458/3458/3458 3438/3438/3438
f 3438/3438/3438 3458/3458/3458 3459/3459/3459
f 3438/3438/3438 3459/3459/3459 3439/3439/3439
f 3439/3439/3439 3459/3459/3459 3460/3460/3460
f 3439/3439/3439 3460/3460/3460 3440/3440/3440
f 3440/3440/3440 3460/3460/3460 3461/3461/3461
f 3440/3440/3440 3461/3461/3461 3441/3441/3441
f 3441/3441/3441 3461/3461/3461 3462/3462/3462
f 3441/3441/3441 3462/3462/3462 3442/3442/3442
f 3442/3442/3442 3462/3462/3462 3463/3463/3463
f 3442/3442/3442 3463/3463/3463 3443/3443/3443
f 3443/3443/3443 3463/3463/3463 3464/3464/3464
f 3443/3443/3443 3464/3464/3464 3444/3444/3444
f 3444/3444/3444 3464/3464/3464 3465/3465/3465
f 3444/3444/3444 3465/3465/3465 3445/3445/3445
f 3445/3445/3445 3465/3465/3465 3466/3466/3466
f 3445/3445/3445 3466/3466/3466 3446/3446/3446
f 3446/3446/3446 3466/3466/3466 3467/3467/3467
f 3446/3446/3446 3467/3467/3467 3447/3447/3447
f 3447/3447/3447 3467/3467/3467 3468/3468/3468
f 3447/3447/3447 3468/3468/3468 3448/3448/3448
f 3448/3448/3448 3468/3468/3468 3469/3469/3469
f 3448/3448/3448 3469/3469/3469 3449/3449/3449
f 3449/3449/3449 3469/3469/3469 3470/3470/3470
f 3449/3449/3449 3470/3470/3470 3450/3450/3450
f 3450/3450/3450 3470/3470/3470 3471/3471/3471
f 3450/3450/3450 3471/3471/3471 3451/3451/3451
f 3451/3451/3451 3471/3471/3471 3472/3472/3472
f 3451/3451/3451 3472/3472/3472 3452/3452/3452
f 3452/3452/3452 3472/3472/3472 3473/3473/3473
f 3452/3452/3452 3473/3473/3473 3453/3453/3453
f 3453/3453/3453 3473/3473/3473 3474/3474/3474
f 3453/3453/3453 3474/3474/3474 3454/3454/3454
f 3454/3454/3454 3474/3474/3474 3475/3475/3475
f 3455/3455/3455 3476/3476/3476 3456/3456/3456
f 3456/3456/3456 3476/3476/3476 3477/3477/3477
f 3456/3456/3456 3477/3477/3477 3457/3457/3457
f 3457/3457/3457 3477/3477/3477 3478/3478/3478
f 3457/3457/3457 3478/3478/3478 3458/3458/3458
f 3458/3458/3458 3478/3478/3478 3479/3479/3479
f 3458/3458/3458 3479/3479/3479 3459/3459/3459
f 3459/3459/3459 3479/3479/3479 3480/3480/3480
f 3459/3459/3459 3480/3480/3480 3460/3460/3460
f 3460/3460/3460 3480/3480/3480 3481/3481/3481
f 3460/3460/3460 3481/3481/3481 3461/3461/3461
f 3461/3461/3461 3481/3481/3481 3482/3482/3482
f 3461/3461/3461 3482/3482/3482 3462/3462/3462
f 3462/3462/3462 3482/3482/3482 3483/3483/3483
f 3462/3462/3462 3483/3483/3483 3463/3463/3463
f 3463/3463/3463 3483/3483/3483 3484/3484/3484
f 3463/3463/3463 3484/3484/3484 3464/3464/3464
f 3464/3464/3464 3484/3484/3484 3485/3485/3485
f 3464/3464/3464 3485/3485/3485 3465/3465/3465
f 3465/3465/3465 3485/3485/3485 3486/3486/3486
f 3465/3465/3465 3486/3486/3486 3466/3466/3466
f 3466/3466/3466 3486/3486/3486 3487/3487/3487
f 3466/3466/3466 3487/3487/3487 3467/3467/3467
f 3467/3467/3467 3487/3487/3487 3488/3488/3488
f 3467/3467/3467 3488/3488/3488 3468/3468/3468
f 3468/3468/3468 3488/3488/3488 3489/3489/3489
f 3468/3468/3468 3489/3489/3489 3469/3469/3469
f 3469/3469/3469 3489/3489/3489 3490/3490/3490
f 3469/3469/3469 3490/3490/3490 3470/3470/3470
f 3470/3470/3470 3490/3490/3490 3491/3491/3491
f 3470/3470/3470 3491/3491/3491 3471/3471/3471
f 3471/3471/3471 3491/3491/3491 3492/3492/3492
f 3471/3471/3471 3492/3492/3492 3472/3472/3472
f 3472/3472/3472 3492/3492/3492 3493/3493/3493
f 3472/3472/3472 3493/3493/3493 3473/3473/3473
f 3473/3473/3473 3493/3493/3493 3494/3494/3494
f 3473/3473/3473 3494/3494/3494 3474/3474/3474
f 3474/3474/3474 3494/3494/3494 3495/3495/3495
f 3474/3474/3474 3495/3495/3495 3475/3475/3475
f 3475/3475/3475 3495/3495/3495 3496/3496/3496
f 3476/3476/3476 3497/3497/3497 3477/3477/3477
f 3477/3477/3477 3497/3497/3497 3498/3498/3498
f 3477/3477/3477 3498/3498/3498 3478/3478/3478
f 3478/3478/3478 3498/3498/3498 3499/3499/3499
f 3478/3478/3478 3499/3499/3499 3479/3479/3479
f 3479/3479/3479 3499/3499/3499 3500/3500/3500
f 3479/3479/3479 3500/3500/3500 3480/3480/3480
f 3480/3480/3480 3500/3500/3500 3501/3501/3501
f 3480/3480/3480 3501/3501/3501 3481/3481/3481
f 3481/3481/3481 3501/3501/3501 3502/3502/3502
f 3481/3481/3481 3502/3502/3502 3482/3482/3482
f 3482/3482/3482 3502/3502/3502 3503/3503/3503
f 3482/3482/3482 3503/3503/3503 3483/3483/3483
f 3483/3483/3483 3503/3503/3503 3504/3504/3504
f 3483/3483/3483 3504/3504/3504 3484/3484/3484
f 3484/3484/3484 3504/3504/3504 3505/3505/3505
f 3484/3484/3484 3505/3505/3505 3485/3485/3485
f 3485/3485/3485 3505/3505/3505 3506/3506/3506
f 3485/3485/3485 3506/3506/3506 3486/3486/3486
f 3486/3486/3486 3506/3506/3506 3507/3507/3507
f 3486/3486/3486 3507/3507/3507 3487/3487/3487
f 3487/3487/3487 3507/3507/3507 3508/3508/3508
f 3487/3487/3487 3508/3508/3508 3488/3488/3488
f 3488/3488/3488 3508/3508/3508 3509/3509/3509
f 3488/3488/3488 3509/3509/3509 3489/3489/3489
f 3489/3489/3489 3509/3509/3509 3510/3510/3510
f 3489/3489/3489 3510/3510/3510 3490/3490/3490
f 3490/3490/3490 3510/3510/3510 3511/3511/3511
f 3490/3490/3490 3511/3511/3511 3491/3491/3491
f 3491/3491/3491 3511/3511/3511 3512/3512/3512
f 3491/3491/3491 3512/3512/3512 3492/3492/3492
f 3492/3492/3492 3512/3512/3512 3513/3513/3513
f 3492/3492/3492 3513/3513/3513 3493/3493/3493
f 3493/3493/3493 3513/3513/3513 3514/3514/3514
f 3493/3493/3493 3514/3514/3514 3494/3494/3494
f 3494/3494/3494 3514/3514/3514 3515/3515/3515
f 3494/3494/3494 3515/3515/3515 3495/3495/3495
f 3495/3495/3495 3515/3515/3515 3516/3516/3516
f 3495/3495/3495 3516/3516/3516 3496/3496/3496
f 3496/3496/3496 3516/3516/3516 3517/3517/3517
f 3497/3497/3497 3518/3518/3518 3498/3498/3498
f 3498/3498/3498 3518/3518/3518 3519/3519/3519
f 3498/3498/3498 3519/3519/3519 3499/3499/3499
f 3499/3499/3499 3519/3519/3519 3520/3520/3520
f 3499/3499/3499 3520/3520/3520 3500/3500/3500
f 3500/3500/3500 3520/3520/3520 3521/3521/3521
f 3500/3500/3500 3521/3521/3521 3501/3501/3501
f 3501/3501/3501 3521/3521/3521 3522/3522/3522
f 3501/3501/3501 3522/3522/3522 3502/3502/3502
f 3502/3502/3502 3522/3522/3522 3523/3523/3523
f 3502/3502/3502 3523/3523/3523 3503/3503/3503
f 3503/3503/3503 3523/3523/3523 3524/3524/3524
f 3503/3503/3503 3524/3524/3524 3504/3504/3504
f 3504/3504/3504 3524/3524/3524 3525/3525/3525
f 3504/3504/3504 3525/3525/3525 3505/3505/3505
f 3505/3505/3505 3525/3525/3525 3526/3526/3526
f 3505/3505/3505 3526/3526/3526 3506/3506/3506
f 3506/3506/3506 3526/3526/3526 3527/3527/3527
f 3506/3506/3506 3527/3527/3527 3507/3507/3507
f 3507/3507/3507 3527/3527/3527 3528/3528/3528
f 3507/3507/3507 3528/3528/3528 3508/3508/3508
f 3508/3508/3508 3528/3528/3528 3529/3529/3529
f 3508/3508/3508 3529/3529/3529 3509/3509/3509
f 3509/3509/3509 3529/3529/3529 3530/3530/3530
f 3509/3509/3509 3530/3530/3530 3510/3510/3510
f 3510/3510/3510 3530/3530/3530 3531/3531/3531
f 3510/3510/3510 3531/3531/3531 3511/3511/3511
f 3511/3511/3511 3531/3531/3531 3532/3532/3532
f 3511/3511/3511 3532/3532/3532 3512/3512/3512
f 3512/3512/3512 3532/3532/3532 3533/3533/3533
f 3512/3512/3512 3533/3533/3533 3513/3513/3513
f 3513/3513/3513 3533/3533/3533 3534/3534/3534
f 3513/3513/3513 3534/3534/3534 3514/3514/3514
f 3514/3514/3514 3534/3534/3534 3535/3535/3535
f 3514/3514/3514 3535/3535/3535 3515/3515/3515
f 3515/3515/3515 3535/3535/3535 3536/3536/3536
f 3515/3515/3515 3536/3536/3536 3516/3516/3516
f 3516/3516/3516 3536/3536/3536 3537/3537/3537
f 3516/3516/3516 3537/3537/3537 3517/3517/3517
f 3517/3517/3517 3537/3537/3537 3538/3538/3538
f 3518/3518/3518 3539/3539/3539 3519/3519/3519
f 3519/3519/3519 3539/3539/3539 3540/3540/3540
f 3519/3519/3519 3540/3540/3540 3520/3520/3520
f 3520/3520/3520 3540/3540/3540 3541/3541/3541
f 3520/3520/3520 3541/3541/3541 3521/3521/3521
f 3521/3521/3521 3541/3541/3541 3542/3542/3542
f 3521/3521/3521 3542/3542/3542 3522/3522/3522
f 3522/3522/3522 3542/3542/3542 3543/3543/3543
f 3522/3522/3522 3543/3543/3543 3523/3523/3523
f 3523/3523/3523 3543/3543/3543 3544/3544/3544
f 3523/3523/3523 3544/3544/3544 3524/3524/3524
f 3524/3524/3524 3544/3544/3544 3545/3545/3545
f 3524/3524/3524 3545/3545/3545 3525/3525/3525
f 3525/3525/3525 3545/3545/3545 3546/3546/3546
f 3525/3525/3525 3546/3546/3546 3526/3526/3526
f 3526/3526/3526 3546/3546/3546 3547/3547/3547
f 3526/3526/3526 3547/3547/3547 3527/3527/3527
f 3527/3527/3527 3547/3547/3547 3548/3548/3548
f 3527/3527/3527 3548/3548/3548 3528/3528/3528
f 3528/3528/3528 3548/3548/3548 3549/3549/3549
f 3528/3528/3528 3549/3549/3549 3529/3529/3529
f 3529/3529/3529 3549/3549/3549 3550/3550/3550
f 3529/3529/3529 3550/3550/3550 3530/3530/3530
f 3530/3530/3530 3550/3550/3550 3551/3551/3551
f 3530/3530/3530 3551/3551/3551 3531/3531/3531
f 3531/3531/3531 3551/3551/3551 3552/3552/3552
f 3531/3531/3531 3552/3552/3552 3532/3532/3532
f 3532/3532/3532 3552/3552/3552 3553/3553/3553
f 3532/3532/3532 3553/3553/3553 3533/3533/3533
f 3533/3533/3533 3553/3553/3553 3554/3554/3554
f 3533/3533/3533 3554/3554/3554 3534/3534/3534
f 3534/3534/3534 3554/3554/3554 3555/3555/3555
f 3534/3534/3534 3555/3555/3555 3535/3535/3535
f 3535/3535/3535 3555/3555/3555 3556/3556/3556
f 3535/3535/3535 3556/3556/3556 3536/3536/3536
f 3536/3536/3536 3556/3556/3556 3557/3557/3557
f 3536/3536/3536 3557/3557/3557 3537/3537/3537
f 3537/3537/3537 3557/3557/3557 3558/3558/3558
f 3537/3537/3537 3558/3558/3558 3538/3538/3538
f 3538/3538/3538 3558/3558/3558 3559/3559/3559
